{
  "best_epoch": 0,
  "peak_cpu_memory_MB": 2652.268,
  "peak_gpu_0_memory_MB": 10787,
  "peak_gpu_1_memory_MB": 10,
  "peak_gpu_2_memory_MB": 10,
  "peak_gpu_3_memory_MB": 5917,
  "training_duration": "00:01:10",
  "training_start_epoch": 0,
  "training_epochs": 9,
  "epoch": 9,
  "training_start_acc": 0.012254901960784314,
  "training_end_acc": 0.09558823529411764,
  "training_span_acc": 0.0,
  "training_em": 0.0,
  "training_f1": 0.1347198070505767,
  "training_loss": 8.690889505239634,
  "training_cpu_memory_MB": 2652.268,
  "training_gpu_0_memory_MB": 10787,
  "training_gpu_1_memory_MB": 10,
  "training_gpu_2_memory_MB": 10,
  "training_gpu_3_memory_MB": 5917,
  "validation_start_acc": 0.02197802197802198,
  "validation_end_acc": 0.07692307692307693,
  "validation_span_acc": 0.0,
  "validation_em": 0.0,
  "validation_f1": 0.13888799463199938,
  "validation_loss": 8.404118617375692,
  "best_validation_start_acc": 0.02197802197802198,
  "best_validation_end_acc": 0.0,
  "best_validation_span_acc": 0.0,
  "best_validation_em": 0.0,
  "best_validation_f1": 0.13416644974099387,
  "best_validation_loss": 9.646570523579916
}