{
  "best_epoch": 0,
  "peak_cpu_memory_MB": 2652.268,
  "peak_gpu_0_memory_MB": 10787,
  "peak_gpu_1_memory_MB": 10,
  "peak_gpu_2_memory_MB": 10,
  "peak_gpu_3_memory_MB": 5917,
  "training_duration": "00:00:25",
  "training_start_epoch": 0,
  "training_epochs": 9,
  "epoch": 9,
  "training_start_acc": 0.019801980198019802,
  "training_end_acc": 0.019801980198019802,
  "training_span_acc": 0.0,
  "training_em": 0.0,
  "training_f1": 0.12105998530235916,
  "training_loss": 10.131709507533483,
  "training_cpu_memory_MB": 2652.268,
  "training_gpu_0_memory_MB": 10787,
  "training_gpu_1_memory_MB": 10,
  "training_gpu_2_memory_MB": 10,
  "training_gpu_3_memory_MB": 5917,
  "validation_start_acc": 0.011111111111111112,
  "validation_end_acc": 0.022222222222222223,
  "validation_span_acc": 0.0,
  "validation_em": 0.0,
  "validation_f1": 0.17083158611511606,
  "validation_loss": 9.836053212483725,
  "best_validation_start_acc": 0.011111111111111112,
  "best_validation_end_acc": 0.03333333333333333,
  "best_validation_span_acc": 0.0,
  "best_validation_em": 0.011111111111111112,
  "best_validation_f1": 0.1684657303629241,
  "best_validation_loss": 9.925727367401123
}