{"data": [{"context": "Ci\u00eancia da computa\u00e7\u00e3o \u00e9 a ci\u00eancia que estuda as t\u00e9cnicas, metodologias e instrumentos computacionais, que automatiza processos e desenvolve solu\u00e7\u00f5es baseadas no uso do processamento digital. N\u00e3o se restringe apenas ao estudo dos algoritmos, suas aplica\u00e7\u00f5es e implementa\u00e7\u00e3o na forma de software, extrapolando para todo e qualquer conhecimento pautado no computador, que envolve tamb\u00e9m a telecomunica\u00e7\u00e3o, o banco de dados e as aplica\u00e7\u00f5es tecnol\u00f3gicas que possibilitam atingir o tratamento de dados de entrada e sa\u00edda, de forma que se transforme em informa\u00e7\u00e3o. Assim, a Ci\u00eancia da Computa\u00e7\u00e3o tamb\u00e9m abrange as t\u00e9cnicas de modelagem de dados e os protocolos de comunica\u00e7\u00e3o, al\u00e9m de princ\u00edpios que abrangem outras especializa\u00e7\u00f5es da \u00e1rea.", "qas": [{"question": "O que \u00e9 ci\u00eancia da computa\u00e7\u00e3o?", "answer": {"text": "Ci\u00eancia da computa\u00e7\u00e3o \u00e9 a ci\u00eancia que estuda as t\u00e9cnicas, metodologias e instrumentos computacionais, que automatiza processos e desenvolve solu\u00e7\u00f5es baseadas no uso do processamento digital", "answer_start": 24}, "prediction": "a ci\u00eancia que estuda as t\u00e9cnicas, metodologias e instrumentos computacionais"}, {"question": "Quais estudos al\u00e9m dos algoritmos a ci\u00eancia da computa\u00e7\u00e3o envolve?", "answer": {"text": "a telecomunica\u00e7\u00e3o, o banco de dados e as aplica\u00e7\u00f5es tecnol\u00f3gicas", "answer_start": 384}, "prediction": "as t\u00e9cnicas de modelagem de dados e os protocolos de comunica\u00e7\u00e3o"}]}, {"context": "Os estudos oriundos da Ci\u00eancia da Computa\u00e7\u00e3o podem ser aplicados em qualquer \u00e1rea do conhecimento humano em que seja poss\u00edvel definir m\u00e9todos de resolu\u00e7\u00e3o de problemas baseados em repeti\u00e7\u00f5es previamente observadas. Avan\u00e7os recentes na Ci\u00eancia da Computa\u00e7\u00e3o tem impactado fortemente a sociedade contempor\u00e2nea, em particular as aplica\u00e7\u00f5es relacionadas \u00e0s \u00e1reas de redes de computadores, Internet, Web e computa\u00e7\u00e3o m\u00f3vel que t\u00eam sido utilizadas por bilh\u00f5es de pessoas ao redor do globo.", "qas": [{"question": "Em que tem impactado os avan\u00e7os recentes na ci\u00eancia da computa\u00e7\u00e3o?", "answer": {"text": "sociedade contempor\u00e2nea", "answer_start": 284}, "prediction": "repeti\u00e7\u00f5es previamente observadas"}, {"question": "Os estudos da ci\u00eancia da computa\u00e7\u00e3o podem ser aplicadas em quais \u00e1reas?", "answer": {"text": "qualquer \u00e1rea", "answer_start": 68}, "prediction": "qualquer \u00e1rea do conhecimento humano"}, {"question": "Quais as \u00e1reas que tem mais impactado a sociedade contempor\u00e2nea?", "answer": {"text": "redes de computadores, Internet, Web e computa\u00e7\u00e3o m\u00f3vel", "answer_start": 362}, "prediction": "resolu\u00e7\u00e3o de problemas baseados em repeti\u00e7\u00f5es previamente observadas"}]}, {"context": "A origem da ideia de programar uma m\u00e1quina vem da necessidade de que as m\u00e1quinas de tecer produzissem padr\u00f5es de cores diferentes. Assim, no s\u00e9culo XVIII foi criada uma forma de representar os padr\u00f5es em cart\u00f5es de papel perfurado, que eram tratados manualmente. Em 1801, Joseph Marie Jacquard (1752-1834) inventa um tear mec\u00e2nico, com uma leitora autom\u00e1tica de cart\u00f5es. A ideia de Jacquard atravessou o Canal da Mancha, onde inspirou Charles Babbage (1792-1871), um professor de matem\u00e1tica de Cambridge, a desenvolver uma m\u00e1quina de \u201ctecer n\u00fameros\u201d, uma m\u00e1quina de calcular onde a forma de calcular pudesse ser controlada por cart\u00f5es. Tudo come\u00e7ou com a tentativa de desenvolver uma m\u00e1quina capaz de calcular polin\u00f4mios por meio de diferen\u00e7as, o calculador diferencial. Enquanto projetava seu calculador diferencial, a ideia de Jacquard fez com que Babbage imaginasse uma nova e mais complexa m\u00e1quina, o calculador anal\u00edtico, m\u00e1quina com alguns elementos que remetem aos computadores atuais.", "qas": [{"question": "Como era controlada a m\u00e1quina de tecer n\u00fameros de Babbage?", "answer": {"text": "por cart\u00f5es", "answer_start": 623}, "prediction": "uma m\u00e1quina de calcular onde a forma de calcular pudesse ser controlada por cart\u00f5es"}, {"question": "O que era o calculador anal\u00edtico?", "answer": {"text": "m\u00e1quina com alguns elementos que remetem aos computadores atuais", "answer_start": 927}, "prediction": "uma m\u00e1quina de calcular onde a forma de calcular pudesse ser controlada por cart\u00f5es"}, {"question": "O que inspirou Babbage a desenvolver a m\u00e1quina de tecer n\u00fameros?", "answer": {"text": "A ideia de Jacquard", "answer_start": 371}, "prediction": "necessidade de que as m\u00e1quinas de tecer produzissem padr\u00f5es de cores diferentes"}, {"question": "Qual \u00e9 o nome dado \u00e0 m\u00e1quina que calcula polin\u00f4mios por meio de diferen\u00e7as?", "answer": {"text": "calculador diferencial", "answer_start": 747}, "prediction": "A ideia de Jacquard atravessou o Canal da Mancha"}, {"question": "Quem inventou o tear mec\u00e2nico?", "answer": {"text": "Joseph Marie Jacquard", "answer_start": 272}, "prediction": "Charles Babbage"}]}, {"context": "O pr\u00f3ximo avan\u00e7o dos computadores foi feito pelo americano Herman Hollerith (1860-1929), que inventou uma m\u00e1quina capaz de processar dados baseada na separa\u00e7\u00e3o de cart\u00f5es perfurados (pelos seus furos). A m\u00e1quina de Hollerith foi utilizada para auxiliar no censo de 1890, reduzindo o tempo de processamento de dados de sete anos, do censo anterior, para apenas dois anos e meio. Ela foi tamb\u00e9m pioneira ao utilizar a eletricidade na separa\u00e7\u00e3o, contagem e tabula\u00e7\u00e3o dos cart\u00f5es. A empresa fundada por Hollerith \u00e9 hoje conhecida como International Business Machines, ou IBM.", "qas": [{"question": "Como \u00e9 conhecida a empresa fundada por Hollerith atualmente?", "answer": {"text": "IBM", "answer_start": 567}, "prediction": "International Business Machines, ou IBM"}, {"question": "Em que a m\u00e1quina de Hollerith foi pioneira?", "answer": {"text": " utilizar a eletricidade na separa\u00e7\u00e3o, contagem e tabula\u00e7\u00e3o dos cart\u00f5es", "answer_start": 404}, "prediction": "A m\u00e1quina de Hollerith foi utilizada para auxiliar no censo de 1890, reduzindo o tempo de processamento de dados de sete anos"}, {"question": "Em que a m\u00e1quina de Hollerith foi pioneira?", "answer": {"text": "utilizar a eletricidade na separa\u00e7\u00e3o", "answer_start": 405}, "prediction": "A m\u00e1quina de Hollerith foi utilizada para auxiliar no censo de 1890, reduzindo o tempo de processamento de dados de sete anos"}, {"question": "Em que a m\u00e1quina de Hollerith foi utilizada?", "answer": {"text": "para auxiliar no censo de 1890", "answer_start": 239}, "prediction": "A m\u00e1quina de Hollerith foi utilizada para auxiliar no censo de 1890, reduzindo o tempo de processamento de dados de sete anos, do censo anterior, para apenas dois anos e meio. Ela foi tamb\u00e9m pioneira ao utilizar a eletricidade na separa\u00e7\u00e3o, contagem e tabula\u00e7\u00e3o dos cart\u00f5es"}, {"question": "O que Hollerith inventou?", "answer": {"text": "uma m\u00e1quina capaz de processar dados baseada na separa\u00e7\u00e3o de cart\u00f5es perfurados", "answer_start": 102}, "prediction": "pelos seus furos"}, {"question": "O que \u00e9 IBM?", "answer": {"text": "International Business Machines", "answer_start": 531}, "prediction": "International Business Machines, ou IBM"}, {"question": "Para quantos anos a m\u00e1quina de Hollerith reduziu o tempo de processamento de dados?", "answer": {"text": "dois anos e meio", "answer_start": 360}, "prediction": "sete"}]}, {"context": "Engenharia de software \u00e9 uma \u00e1rea da computa\u00e7\u00e3o voltada \u00e0 especifica\u00e7\u00e3o, desenvolvimento, manuten\u00e7\u00e3o e cria\u00e7\u00e3o de software, com a aplica\u00e7\u00e3o de tecnologias e pr\u00e1ticas de ger\u00eancia de projetos e outras disciplinas, visando organiza\u00e7\u00e3o, produtividade e qualidade. Atualmente, essas tecnologias e pr\u00e1ticas englobam linguagens de programa\u00e7\u00e3o, banco de dados, ferramentas, plataformas, bibliotecas, padr\u00f5es de projeto de software, processo de software e qualidade de software. Al\u00e9m disso, a engenharia de software deve oferecer mecanismos para se planejar e gerenciar o processo de desenvolvimento de um sistema computacional de qualidade e que atenda as necessidades de um requisitante de software. Os fundamentos cient\u00edficos para a engenharia de software envolvem o uso de modelos abstratos e precisos que permitem ao engenheiro especificar, projetar, implementar e manter sistemas de software, avaliando e garantindo suas qualidades. A \u00e1rea que estuda e avalia os processos de engenharia de software, propondo a evolu\u00e7\u00e3o dos processos, ferramentas e m\u00e9todos de suporte a engenharia de software \u00e9 a Engenharia de Software Experimental.", "qas": [{"question": "O que a engenharia de software visa?", "answer": {"text": "organiza\u00e7\u00e3o, produtividade e qualidade", "answer_start": 220}, "prediction": "oferecer mecanismos para se planejar e gerenciar o processo de desenvolvimento de um sistema computacional de qualidade e que atenda as necessidades de um requisitante de software"}, {"question": "O que as tecnologias e pr\u00e1ticas da engenharia de software englobam?", "answer": {"text": "essas tecnologias e pr\u00e1ticas englobam linguagens de programa\u00e7\u00e3o, banco de dados, ferramentas, plataformas, bibliotecas, padr\u00f5es de projeto de software, processo de software e qualidade de software", "answer_start": 272}, "prediction": "organiza\u00e7\u00e3o, produtividade e qualidade"}, {"question": "O que os modelos utilizados pela engenharia de software permitem?", "answer": {"text": "especificar, projetar, implementar e manter sistemas de software", "answer_start": 824}, "prediction": "oferecer mecanismos para se planejar e gerenciar o processo de desenvolvimento de um sistema computacional de qualidade e que atenda as necessidades de um requisitante de software"}, {"question": "Para o que a engenharia de software \u00e9 voltada?", "answer": {"text": "Engenharia de software \u00e9 uma \u00e1rea da computa\u00e7\u00e3o voltada \u00e0 especifica\u00e7\u00e3o, desenvolvimento, manuten\u00e7\u00e3o e cria\u00e7\u00e3o de software", "answer_start": 58}, "prediction": "especifica\u00e7\u00e3o, desenvolvimento, manuten\u00e7\u00e3o e cria\u00e7\u00e3o de software, com a aplica\u00e7\u00e3o de tecnologias e pr\u00e1ticas de ger\u00eancia de projetos e outras disciplinas, visando organiza\u00e7\u00e3o, produtividade e qualidade. Atualmente, essas tecnologias e pr\u00e1ticas englobam linguagens de programa\u00e7\u00e3o, banco de dados, ferramentas, plataformas, bibliotecas, padr\u00f5es de projeto de software, processo de software e qualidade de software. Al\u00e9m disso, a engenharia de software deve oferecer mecanismos para se planejar e gerenciar o processo de desenvolvimento de um sistema computacional de qualidade e que atenda as necessidades de um requisitante de software. Os fundamentos cient\u00edficos para a engenharia de software envolvem o uso de modelos abstratos e precisos"}, {"question": "Qual a \u00e1rea que estuda e avalia os processos da engenharia de software?", "answer": {"text": "Engenharia de Software Experimental", "answer_start": 1094}, "prediction": "Engenharia de Software Experimental"}]}, {"context": "Os fundamentos cient\u00edficos da engenharia de software envolvem o uso de modelos abstratos e precisos que permitem ao engenheiro especificar, projetar, implementar e manter sistemas de software, avaliando e garantindo sua qualidade. Al\u00e9m disto, deve oferecer mecanismos para se planejar e gerenciar o processo de desenvolvimento. Empresas desenvolvedoras de software passaram a empregar esses conceitos sobretudo para orientar suas \u00e1reas de desenvolvimento, muitas delas organizadas sob a forma de F\u00e1brica de Software. A engenharia de sistemas \u00e9 uma \u00e1rea ampla por tratar de aspectos de sistemas baseados em computadores, incluindo hardware e engenharia de processos para constru\u00e7\u00e3o de software. A Universidade Federal de Goi\u00e1s foi pioneira no Brasil quando criou o curso de gradua\u00e7\u00e3o em Engenharia de Software, hoje o curso ganha popularidade e j\u00e1 \u00e9 adotado por outras universidades como Universidade Federal de Mato Grosso do Sul, Universidade de Brasilia, Universidade Tecnol\u00f3gica Federal do Paran\u00e1, Universidade Federal do Cear\u00e1, Universidade Federal do Amazonas, Universidade Federal do Pampa, Universidade Estadual de Ponta Grossa, PUC-Campinas, PUC-RS, Centro de Ensino Superior de Juiz de Fora, entre demais.", "qas": [{"question": "Como muitas empresas desenvolvedoras s\u00e3o organizadas?", "answer": {"text": "muitas delas organizadas sob a forma de F\u00e1brica de Software", "answer_start": 456}, "prediction": "modelos abstratos e precisos"}, {"question": "O que os fundamentos cient\u00edficos envolvem o uso?", "answer": {"text": "modelos abstratos e precisos", "answer_start": 71}, "prediction": "modelos abstratos e precisos"}, {"question": "O que os modelos usados pelos fundamentos cient\u00edficos da engenharia de software devem permitir ao engenheiro?", "answer": {"text": "especificar, projetar, implementar e manter sistemas de software", "answer_start": 127}, "prediction": "modelos abstratos e precisos"}, {"question": "Por que a engenharia de sistemas \u00e9 uma \u00e1rea ampla?", "answer": {"text": "por tratar de aspectos de sistemas baseados em computadores", "answer_start": 559}, "prediction": "por tratar de aspectos de sistemas baseados em computadores, incluindo hardware e engenharia de processos para constru\u00e7\u00e3o de software"}, {"question": "Qual a universidade pioneira no brasil em engenharia de software?", "answer": {"text": "Universidade Federal de Goi\u00e1s", "answer_start": 696}, "prediction": "A Universidade Federal de Goi\u00e1s foi pioneira no Brasil quando criou o curso de gradua\u00e7\u00e3o em Engenharia de Software"}]}, {"context": "O estagi\u00e1rio \u00e9 um profissional em come\u00e7o de carreira. O est\u00e1gio (do termo latino stagium pelo franc\u00eas stage) \u00e9 comumente prestado por estudantes, nas empresas ou reparti\u00e7\u00f5es p\u00fablicas, visando ao aprimoramento profissional na sua \u00e1rea de estudo. O contrato \u00e9 celebrado entre o estudante e o tomador, com a interveni\u00eancia da institui\u00e7\u00e3o de ensino, que deve zelar para que o contrato seja cumprido fielmente. Genericamente, pode tamb\u00e9m caracterizar um per\u00edodo de treinamento dentro das empresas, oferecido a indiv\u00edduos sem media\u00e7\u00e3o de institui\u00e7\u00f5es de ensino. A fun\u00e7\u00e3o do est\u00e1gio \u00e9 oferecer o conhecimento pr\u00e1tico das fun\u00e7\u00f5es profissionais. Ele possibilita, aos estudantes, um contato emp\u00edrico com as mat\u00e9rias te\u00f3ricas que lhes s\u00e3o passadas em sala de aula. Trata-se do entendimento, hoje consolidado pelos educadores, de que a teoria, sem a pr\u00e1tica, \u00e9 incompleta, prejudicando o acesso imediato ao mercado de trabalho. O est\u00e1gio visa a superar este problema.", "qas": [{"question": "O que o est\u00e1gio possibilita?", "answer": {"text": "um contato emp\u00edrico com as mat\u00e9rias te\u00f3ricas que lhes s\u00e3o passadas em sala de aula", "answer_start": 670}, "prediction": "superar este problema"}, {"question": "Onde o est\u00e1gio pode ser prestado?", "answer": {"text": "nas empresas ou reparti\u00e7\u00f5es p\u00fablicas", "answer_start": 146}, "prediction": "O contrato \u00e9 celebrado entre o estudante e o tomador, com a interveni\u00eancia da institui\u00e7\u00e3o de ensino, que deve zelar para que o contrato seja cumprido fielmente"}, {"question": "Pelo que a institui\u00e7\u00e3o de ensino zela com a interveni\u00eancia da celebra\u00e7\u00e3o do contrato?", "answer": {"text": "o contrato seja cumprido fielmente", "answer_start": 370}, "prediction": "deve zelar para que o contrato seja cumprido fielmente"}, {"question": "Por quem geralmente \u00e9 prestado o est\u00e1gio?", "answer": {"text": "comumente prestado por estudantes", "answer_start": 111}, "prediction": "estudantes, nas empresas ou reparti\u00e7\u00f5es p\u00fablicas"}, {"question": "Qual a fun\u00e7\u00e3o do est\u00e1gio?", "answer": {"text": "A fun\u00e7\u00e3o do est\u00e1gio \u00e9 oferecer o conhecimento pr\u00e1tico das fun\u00e7\u00f5es profissionais", "answer_start": 556}, "prediction": "oferecer o conhecimento pr\u00e1tico das fun\u00e7\u00f5es profissionais"}, {"question": "Qual o objetivo do est\u00e1gio?", "answer": {"text": "aprimoramento profissional na sua \u00e1rea de estudo", "answer_start": 195}, "prediction": "oferecer o conhecimento pr\u00e1tico das fun\u00e7\u00f5es profissionais"}, {"question": "Quem celebra o contrato do est\u00e1gio?", "answer": {"text": "O contrato \u00e9 celebrado entre o estudante e o tomador", "answer_start": 245}, "prediction": "estudantes, nas empresas ou reparti\u00e7\u00f5es p\u00fablicas"}]}, {"context": "Concretizava-se o sonho iniciado por volta de 1985, quando a comunidade cient\u00edfica do Distrito Federal iniciou a articula\u00e7\u00e3o da cria\u00e7\u00e3o de uma institui\u00e7\u00e3o dedicada ao fomento e incentivo da ci\u00eancia e tecnologia da regi\u00e3o. Desde o in\u00edcio, a FAPDF foi acolhida por Bras\u00edlia. O ex-reitor da Universidade de Bras\u00edlia, Lauro Morhy, em artigo publicado em dezembro de 1994, no primeiro material de divulga\u00e7\u00e3o impresso pela institui\u00e7\u00e3o afirmou: \u201cA FAPDF \u00e9 fruto de uma s\u00e1bia decis\u00e3o e, hoje, uma realidade que precisa ser consolidada e sempre aprimorada. \u00c9 preciso assegurar a continuidade do apoio \u00e0 pesquisa, para se alcan\u00e7ar uma ci\u00eancia forte. Os pa\u00edses mais avan\u00e7ados em ci\u00eancia e tecnologia hoje colhem bons frutos nessa \u00e1rea, n\u00e3o porque se encontram acima do equador, em clima frio, ou seja, habitados por seres superiores, mas, porque apoiaram e administraram melhor e continuadamente a sua ci\u00eancia. N\u00e3o h\u00e1 ci\u00eancia onde prevalece o imediatismo e a improvisa\u00e7\u00e3o\u201d.", "qas": [{"question": "Em que ano a comunidade cient\u00edfica do distrito federal iniciou a cria\u00e7\u00e3o de uma institui\u00e7\u00e3o dedicada ao incentivo da ci\u00eancia e tecnologia?", "answer": {"text": "1985", "answer_start": 46}, "prediction": "1985"}, {"question": "O que \u00e9 necess\u00e1rio assegurar para se alcan\u00e7ar uma ci\u00eancia forte?", "answer": {"text": "a continuidade do apoio \u00e0 pesquisa", "answer_start": 568}, "prediction": "assegurar a continuidade do apoio \u00e0 pesquisa"}, {"question": "Por que pa\u00edses mais avan\u00e7ados em ci\u00eancia hoje colem bons frutos nessa \u00e1rea?", "answer": {"text": "porque apoiaram e administraram melhor e continuadamente a sua ci\u00eancia", "answer_start": 828}, "prediction": "Os pa\u00edses mais avan\u00e7ados em ci\u00eancia e tecnologia hoje colhem bons frutos nessa \u00e1rea, n\u00e3o porque se encontram acima do equador, em clima frio, ou seja, habitados por seres superiores"}, {"question": "Quem \u00e9 o ex-reitor da universidade de bras\u00edlia?", "answer": {"text": "Lauro Morhy", "answer_start": 314}, "prediction": "Bras\u00edlia. O ex-reitor da Universidade de Bras\u00edlia, Lauro Morhy"}]}, {"context": "O Minist\u00e9rio da Educa\u00e7\u00e3o (MEC) \u00e9 um \u00f3rg\u00e3o do governo federal do Brasil fundado no decreto n.\u00ba 19.402, em 14 de novembro de 1930, com o nome de Minist\u00e9rio dos Neg\u00f3cios da Educa\u00e7\u00e3o e Sa\u00fade P\u00fablica, pelo ent\u00e3o presidente Get\u00falio Vargas e era encarregado do estudo e despacho de todos os assuntos relativos ao ensino, sa\u00fade p\u00fablica e assist\u00eancia hospitalar.", "qas": [{"question": "Em qual decreto foi fundado o minist\u00e9rio da educa\u00e7\u00e3o?", "answer": {"text": "decreto n.\u00ba 19.402", "answer_start": 82}, "prediction": "MEC) \u00e9 um \u00f3rg\u00e3o do governo federal do Brasil fundado no decreto n.\u00ba 19.402, em 14 de novembro de 1930"}, {"question": "O que \u00e9 o MEC?", "answer": {"text": "Minist\u00e9rio da Educa\u00e7\u00e3o", "answer_start": 2}, "prediction": "Minist\u00e9rio da Educa\u00e7\u00e3o (MEC) \u00e9 um \u00f3rg\u00e3o do governo federal"}, {"question": "Qual era o nome do Minist\u00e9rio da Educa\u00e7\u00e3o anteriormente?", "answer": {"text": "Minist\u00e9rio dos Neg\u00f3cios da Educa\u00e7\u00e3o e Sa\u00fade P\u00fablica", "answer_start": 143}, "prediction": "Minist\u00e9rio dos Neg\u00f3cios da Educa\u00e7\u00e3o e Sa\u00fade P\u00fablica"}]}, {"context": "O docente respons\u00e1vel pelo monitor deve pertencer ao quadro permanente da UFMS como docente e estar em efetivo exerc\u00edcio ministrando a disciplina. Docente volunt\u00e1rio ou substituto lotado no quadro de cada unidade, poder\u00e1 requerer monitor para a disciplina sob sua responsabilidade, desde que tutorado por um docente efetivo do quadro, respons\u00e1vel por turma diversa da mesma disciplina ou disciplina equivalente, ou, na aus\u00eancia ou impossibilidade do tutor docente efetivo, pelo coordenador do curso.", "qas": [{"question": "Ao que o docente respons\u00e1vel pelo monitor deve pertencer?", "answer": {"text": "quadro permanente da UFMS", "answer_start": 53}, "prediction": "desde que tutorado por um docente efetivo do quadro"}, {"question": "Professor volunt\u00e1rio pode requerer monitor para sua disciplina?", "answer": {"text": "desde que tutorado por um docente efetivo do quadro", "answer_start": 282}, "prediction": "requerer monitor para a disciplina sob sua responsabilidade"}]}, {"context": "Raramente a monografia \u00e9 elaborada com base em pesquisa original ou apresenta resultado de estudo experimental; normalmente \u00e9 estudo recapitulativo, de base bibliogr\u00e1fica. Visa geralmente \u00e0 obten\u00e7\u00e3o do t\u00edtulo de bacharel ou especialista, sendo usada ainda como trabalho de conclus\u00e3o de alguma disciplina regular.", "qas": [{"question": "Em que a monografia \u00e9 usada?", "answer": {"text": "como trabalho de conclus\u00e3o de alguma disciplina regular", "answer_start": 256}, "prediction": "obten\u00e7\u00e3o do t\u00edtulo de bacharel ou especialista"}, {"question": "O que a monografia visa?", "answer": {"text": "Visa geralmente \u00e0 obten\u00e7\u00e3o do t\u00edtulo de bacharel ou especialista", "answer_start": 172}, "prediction": "obten\u00e7\u00e3o do t\u00edtulo de bacharel ou especialista, sendo usada ainda como trabalho de conclus\u00e3o de alguma disciplina regular"}, {"question": "Qual geralmente \u00e9 a base de uma monografia?", "answer": {"text": "base bibliogr\u00e1fica", "answer_start": 152}, "prediction": "pesquisa original ou apresenta resultado de estudo experimental"}, {"question": "Qual tipo de estudo \u00e9 geralmente feito em uma monografia?", "answer": {"text": "estudo recapitulativo", "answer_start": 126}, "prediction": "normalmente \u00e9 estudo recapitulativo"}]}, {"context": "A pesquisa emp\u00edrica se d\u00e1 por tentativa e erro, e \u00e9 realizada em qualquer ambiente.S\u00e3o investiga\u00e7\u00f5es de pesquisa que t\u00eam como principal finalidade testar hip\u00f3teses que dizem respeito a rela\u00e7\u00f5es de causa e efeito. Envolvem: grupos de controle, sele\u00e7\u00e3o aleat\u00f3ria e manipula\u00e7\u00e3o de vari\u00e1veis independentes. Empregam rigorosas t\u00e9cnicas de amostragem para aumentar a possibilidade de generaliza\u00e7\u00e3o das descobertas realizadas com a experi\u00eancia. Tipos: a pesquisa emp\u00edrica pode ser realizada no laborat\u00f3rio e no campo.", "qas": [{"question": "Como a pesquisa emp\u00edrica ocorre?", "answer": {"text": "A pesquisa emp\u00edrica se d\u00e1 por tentativa e erro", "answer_start": 30}, "prediction": "rigorosas t\u00e9cnicas de amostragem para aumentar a possibilidade de generaliza\u00e7\u00e3o das descobertas realizadas com a experi\u00eancia"}, {"question": "Em qual ambiente a pesquisa emp\u00edrica \u00e9 feita?", "answer": {"text": "qualquer ambiente", "answer_start": 65}, "prediction": "a pesquisa emp\u00edrica pode ser realizada no laborat\u00f3rio e no campo"}, {"question": "Qual a finalidade da pesquisa emp\u00edrica?", "answer": {"text": "testar hip\u00f3teses que dizem respeito a rela\u00e7\u00f5es de causa e efeito", "answer_start": 147}, "prediction": "testar hip\u00f3teses que dizem respeito a rela\u00e7\u00f5es de causa e efeito"}, {"question": "Quem s\u00e3o os atores da pesquisa emp\u00edrica?", "answer": {"text": "grupos de controle, sele\u00e7\u00e3o aleat\u00f3ria e manipula\u00e7\u00e3o de vari\u00e1veis independentes", "answer_start": 223}, "prediction": "qualquer ambiente.S\u00e3o investiga\u00e7\u00f5es de pesquisa"}]}, {"context": "Esta portaria distinguiu claramente o Mestrado Profissional do Mestrado Acad\u00eamico, caracterizando o primeiro como voltado ao emprego do m\u00e9todo cient\u00edfico para a solu\u00e7\u00e3o de problemas reais e multidisciplinares das organiza\u00e7\u00f5es, enquanto o segundo tem, por objetivo, proporcionar, ao estudante, o emprego do m\u00e9todo cient\u00edfico em problemas de pesquisa acad\u00eamica de uma dada \u00e1rea de conhecimento. O trabalho acad\u00eamico para obten\u00e7\u00e3o do t\u00edtulo de mestre profissional \u00e9 uma disserta\u00e7\u00e3o com defesa diante de uma banca, como no mestrado acad\u00eamico, mas existem outras exig\u00eancias (como constru\u00e7\u00e3o de prot\u00f3tipos e desenvolvimento de softwares funcionais, entre outras).", "qas": [{"question": "Como o mestrado acad\u00eamico \u00e9 caracterizado segundo a portaria?", "answer": {"text": "emprego do m\u00e9todo cient\u00edfico em problemas de pesquisa acad\u00eamica de uma dada \u00e1rea de conhecimento", "answer_start": 295}, "prediction": "proporcionar, ao estudante, o emprego do m\u00e9todo cient\u00edfico em problemas de pesquisa acad\u00eamica de uma dada \u00e1rea de conhecimento"}, {"question": "Qual o trabalho acad\u00eamico para obten\u00e7\u00e3o do t\u00edtulo de mestre?", "answer": {"text": "O trabalho acad\u00eamico para obten\u00e7\u00e3o do t\u00edtulo de mestre profissional \u00e9 uma disserta\u00e7\u00e3o com defesa diante de uma banca", "answer_start": 393}, "prediction": "proporcionar, ao estudante, o emprego do m\u00e9todo cient\u00edfico em problemas de pesquisa acad\u00eamica de uma dada \u00e1rea de conhecimento"}]}, {"context": "stricto sensu s\u00e3o cursos voltados \u00e0 forma\u00e7\u00e3o cient\u00edfica e acad\u00eamica e tamb\u00e9m ligados \u00e0 pesquisa. Existem nos n\u00edveis do mestrado e doutorado, acad\u00eamicos ou profissionais. O curso de mestrado tem a dura\u00e7\u00e3o recomendada de dois a dois anos e meio, durante os quais o aluno desenvolve uma disserta\u00e7\u00e3o e cursa as disciplinas relativas \u00e0 sua pesquisa. Os doutorados t\u00eam a dura\u00e7\u00e3o m\u00e9dia de quatro anos, para o cumprimento das disciplinas, realiza\u00e7\u00e3o da pesquisa e para a elabora\u00e7\u00e3o da tese.", "qas": [{"question": "Ao que s\u00e3o ligados os cursos stricto sensu?", "answer": {"text": "pesquisa", "answer_start": 87}, "prediction": "forma\u00e7\u00e3o cient\u00edfica e acad\u00eamica e tamb\u00e9m ligados \u00e0 pesquisa"}, {"question": "O doutorado possui dura\u00e7\u00e3o m\u00e9dia de quatro anos para a realiza\u00e7\u00e3o de qu\u00ea?", "answer": {"text": "pesquisa e para a elabora\u00e7\u00e3o da tese", "answer_start": 445}, "prediction": "de dois a dois anos"}, {"question": "Qual a dura\u00e7\u00e3o m\u00e9dia de um doutorado?", "answer": {"text": "Os doutorados t\u00eam a dura\u00e7\u00e3o m\u00e9dia de quatro anos", "answer_start": 345}, "prediction": "dois a dois anos"}]}, {"context": "Professor ou docente \u00e9 uma pessoa que ensina ci\u00eancia, arte, t\u00e9cnica ou outros conhecimentos. Para o exerc\u00edcio dessa profiss\u00e3o, requer-se qualifica\u00e7\u00f5es acad\u00eamicas e pedag\u00f3gicas, para que consiga transmitir/ensinar a mat\u00e9ria de estudo da melhor forma poss\u00edvel ao aluno. \u00c9 uma das profiss\u00f5es mais importantes, tendo em vista que as demais, na sua maioria, dependem dela. J\u00e1 Plat\u00e3o, na sua obra A Rep\u00fablica, alertava para a import\u00e2ncia do papel do professor na forma\u00e7\u00e3o do cidad\u00e3o. O Dia Mundial dos Professores celebra-se a 5 de Outubro. No Brasil, o Dia do Professor \u00e9 dez dias depois, em 15 de Outubro.", "qas": [{"question": "O que pode ensinar um professor?", "answer": {"text": "ci\u00eancia, arte, t\u00e9cnica ou outros conhecimentos", "answer_start": 45}, "prediction": "uma pessoa que ensina ci\u00eancia, arte, t\u00e9cnica ou outros conhecimentos. Para o exerc\u00edcio dessa profiss\u00e3o, requer-se qualifica\u00e7\u00f5es acad\u00eamicas e pedag\u00f3gicas, para que consiga transmitir/ensinar a mat\u00e9ria de estudo da melhor forma poss\u00edvel ao aluno"}, {"question": "O que um professor precisa para exercer a profiss\u00e3o?", "answer": {"text": "qualifica\u00e7\u00f5es acad\u00eamicas e pedag\u00f3gicas", "answer_start": 137}, "prediction": "uma pessoa que ensina ci\u00eancia, arte, t\u00e9cnica ou outros conhecimentos. Para o exerc\u00edcio dessa profiss\u00e3o, requer-se qualifica\u00e7\u00f5es acad\u00eamicas e pedag\u00f3gicas, para que consiga transmitir/ensinar a mat\u00e9ria de estudo da melhor forma poss\u00edvel ao aluno"}, {"question": "Por que \u00e9 necess\u00e1rio que um professor tenha qualifica\u00e7\u00f5es acad\u00eamicas e pedag\u00f3gicas?", "answer": {"text": "para que consiga transmitir/ensinar a mat\u00e9ria de estudo da melhor forma poss\u00edvel ao aluno", "answer_start": 177}, "prediction": "para que consiga transmitir/ensinar a mat\u00e9ria de estudo da melhor forma poss\u00edvel ao aluno"}, {"question": "Qual o dia mundial dos professores?", "answer": {"text": "5 de Outubro", "answer_start": 521}, "prediction": "uma pessoa que ensina ci\u00eancia, arte, t\u00e9cnica ou outros conhecimentos"}, {"question": "Qual obra alertava para a import\u00e2ncia do papel do professor na forma\u00e7\u00e3o do cidad\u00e3o?", "answer": {"text": "A Rep\u00fablica", "answer_start": 391}, "prediction": "a import\u00e2ncia do papel do professor na forma\u00e7\u00e3o do cidad\u00e3o"}]}, {"context": "O trancamento de matr\u00edcula ser\u00e1 concedido por at\u00e9 quatro semestres, consecutivos ou alternados, n\u00e3o sendo permitido o trancamento nos dois primeiros per\u00edodos letivos regulares de ingresso do acad\u00eamico na UFMS, exceto nos casos de impossibilidade de o acad\u00eamico ser contemplado com regime de exerc\u00edcios domiciliares ou convoca\u00e7\u00e3o para o Servi\u00e7o Militar Obrigat\u00f3rio.", "qas": [{"question": "Em quais casos o acad\u00eamico pode trancar a matr\u00edcula nos dois primeiros per\u00edodos letivos?", "answer": {"text": "impossibilidade de o acad\u00eamico ser contemplado com regime de exerc\u00edcios domiciliares ou convoca\u00e7\u00e3o para o Servi\u00e7o Militar Obrigat\u00f3rio", "answer_start": 230}, "prediction": "at\u00e9 quatro semestres, consecutivos ou alternados, n\u00e3o sendo permitido o trancamento nos dois primeiros per\u00edodos letivos regulares de ingresso do acad\u00eamico na UFMS"}, {"question": "Por quanto tempo a matr\u00edcula pode ser trancada?", "answer": {"text": "at\u00e9 quatro semestres", "answer_start": 46}, "prediction": "at\u00e9 quatro semestres,"}]}, {"context": "Os Planos de Ensino das disciplinas dever\u00e3o ser aprovados at\u00e9 o primeiro dia do per\u00edodo letivo, pelo Colegiado de Curso, ou, no caso de disciplinas ofertadas a m\u00faltiplos cursos, dever\u00e3o ser aprovados pelo Conselho da Unidade da Administra\u00e7\u00e3o Setorial que oferece as respectivas disciplinas, ouvidos os Colegiados dos Cursos envolvidos. A abertura do Siscad para lan\u00e7amentos, pelo professor, somente dar-se-\u00e1 ap\u00f3s libera\u00e7\u00e3o do Plano de Ensino no sistema. O professor da disciplina dever\u00e1 apresentar o Plano de Ensino, aos acad\u00eamicos, na primeira aula. Nos per\u00edodos letivos regulares, cada turma dever\u00e1 ter, no m\u00ednimo, dez acad\u00eamicos, podendo o Colegiado de Curso, excepcionalmente, autorizar turmas com n\u00famero menor.", "qas": [{"question": "O que o professor deve apresentar aos alunos na primeira aula?", "answer": {"text": "Plano de Ensino", "answer_start": 426}, "prediction": "cada turma dever\u00e1 ter, no m\u00ednimo, dez acad\u00eamicos, podendo o Colegiado de Curso, excepcionalmente, autorizar turmas com n\u00famero menor"}, {"question": "Qual o prazo de aprova\u00e7\u00e3o do plano de ensino das disciplinas?", "answer": {"text": "at\u00e9 o primeiro dia do per\u00edodo letivo", "answer_start": 58}, "prediction": "at\u00e9 o primeiro dia do per\u00edodo letivo"}, {"question": "Quando os professores podem lan\u00e7ar no Siscad?", "answer": {"text": " A abertura do Siscad para lan\u00e7amentos, pelo professor, somente dar-se-\u00e1 ap\u00f3s libera\u00e7\u00e3o do Plano de Ensino no sistema", "answer_start": 335}, "prediction": "at\u00e9 o primeiro dia do per\u00edodo letivo"}, {"question": "Quantos alunos no m\u00ednimo as turmas devem ter nos per\u00edodos letivos regulares?", "answer": {"text": "dez", "answer_start": 617}, "prediction": "dez"}]}, {"context": "A participa\u00e7\u00e3o em eventos cient\u00edficos deve ser comprovada por meio do certificado de participa\u00e7\u00e3o que deve conter, obrigatoriamente, o nome do evento, o nome do participante, o local, a data em que foi realizado, a carga hor\u00e1ria e a assinatura do respons\u00e1vel pelo evento. A monitoria de ensino deve ser comprovada por meio de declara\u00e7\u00e3o emitida pela unidade respons\u00e1vel pela disciplina, que deve conter, obrigatoriamente, o nome do monitor, o nome da disciplina em que atuou, o local, a data (de in\u00edcio e fim) em que foi realizada a monitoria, a carga hor\u00e1ria, e a assinatura do diretor da unidade de oferta da disciplina.", "qas": [{"question": "Como deve ser comprovada a monitoria de ensino?", "answer": {"text": "declara\u00e7\u00e3o", "answer_start": 326}, "prediction": "por meio do certificado de participa\u00e7\u00e3o que deve conter, obrigatoriamente, o nome do evento, o nome do participante, o local, a data em que foi realizado, a carga hor\u00e1ria e a assinatura do respons\u00e1vel pelo evento"}, {"question": "O que deve conter no certificado de participa\u00e7\u00e3o em eventos cient\u00edficos?", "answer": {"text": "o nome do evento, o nome do participante, o local, a data em que foi realizado, a carga hor\u00e1ria e a assinatura do respons\u00e1vel pelo evento", "answer_start": 133}, "prediction": "certificado de participa\u00e7\u00e3o que deve conter, obrigatoriamente, o nome do evento, o nome do participante, o local, a data em que foi realizado, a carga hor\u00e1ria e a assinatura do respons\u00e1vel pelo evento"}, {"question": "Quem emite a declara\u00e7\u00e3o de realiza\u00e7\u00e3o de monitoria?", "answer": {"text": "unidade respons\u00e1vel pela disciplina", "answer_start": 350}, "prediction": "pela unidade respons\u00e1vel pela disciplina"}]}, {"context": "Em meados de 1970 as transforma\u00e7\u00f5es tecnol\u00f3gicas come\u00e7aram a abrir novas op\u00e7\u00f5es para a transforma\u00e7\u00e3o de dados em informa\u00e7\u00f5es e ao melhoramento e adequa\u00e7\u00e3o dos sistemas de acordo com as necessidades da empresa, por\u00e9m ainda era um per\u00edodo de extrema centraliza\u00e7\u00e3o. O terminal, pela primeira vez, se torna flex\u00edvel, permitindo o computador processar diversas tarefas simultaneamente com v\u00e1rios usu\u00e1rios. Surge tamb\u00e9m os pacotes de software, onde combinado com a flexibilidade dos terminais estimulou uma s\u00e9rie de inova\u00e7\u00f5es que vieram a ser conhecidas como \u201csistemas de apoio \u00e0 decis\u00e3o\u201d. Segundo Keen (1996, p. XXXVII), \u201ca maior evolu\u00e7\u00e3o t\u00e9cnica dessa \u00e9poca foi a passagem do processamento de transa\u00e7\u00f5es para o gerenciamento de banco de dados.\" Surge ent\u00e3o os sistemas gerenciadores de banco de dados (SGBDs), que organizam as informa\u00e7\u00f5es de uma maneira eficaz, evitando duplicidade e facilitando sua an\u00e1lise. Assim os velhos CPDs come\u00e7aram a se transformar em bibliotecas de informa\u00e7\u00f5es. Os profissionais de inform\u00e1tica eram os que mais resistiam \u00e0s mudan\u00e7as.", "qas": [{"question": "Como ficaram conhecidas a s\u00e9rie de inova\u00e7\u00f5es trazidas pelos pacotes de software combinados com a flexibilidade dos terminais?", "answer": {"text": "sistemas de apoio \u00e0 decis\u00e3o", "answer_start": 554}, "prediction": "a flexibilidade dos terminais"}, {"question": "Em que os CPDs se transformaram com o surgimento dos SGBDs?", "answer": {"text": "bibliotecas de informa\u00e7\u00f5es", "answer_start": 957}, "prediction": "Os profissionais de inform\u00e1tica eram os que mais resistiam \u00e0s mudan\u00e7as"}, {"question": "O que a flexibiliza\u00e7\u00e3o do terminal permitiu ao computador?", "answer": {"text": "processar diversas tarefas simultaneamente com v\u00e1rios usu\u00e1rios", "answer_start": 337}, "prediction": "processar diversas tarefas simultaneamente com v\u00e1rios usu\u00e1rios"}, {"question": "O que come\u00e7ou a abrir novas op\u00e7\u00f5es para a transforma\u00e7\u00e3o de dados em informa\u00e7\u00e3o?", "answer": {"text": "as transforma\u00e7\u00f5es tecnol\u00f3gicas", "answer_start": 18}, "prediction": "abrir novas op\u00e7\u00f5es para a transforma\u00e7\u00e3o de dados em informa\u00e7\u00f5es e ao melhoramento e adequa\u00e7\u00e3o dos sistemas de acordo com as necessidades da empresa"}, {"question": "O que \u00e9 SGBDs?", "answer": {"text": "sistemas gerenciadores de banco de dados", "answer_start": 756}, "prediction": "gerenciadores de banco de dados (SGBDs"}, {"question": "Quem mais resistiu \u00e0s transforma\u00e7\u00f5es dos CPDs?", "answer": {"text": "profissionais de inform\u00e1tica", "answer_start": 988}, "prediction": "Os profissionais de inform\u00e1tica"}]}, {"context": "Na d\u00e9cada de 1990, sistemas abertos, integra\u00e7\u00e3o e modelos se tornam itens essenciais nos departamentos de sistemas acabando com a incompatibilidade. A integra\u00e7\u00e3o tecnol\u00f3gica flexibilizou e facilitou a troca e o acesso \u00e0s informa\u00e7\u00f5es otimizando o funcionamento da empresa. Surge, por exemplo, o sistema EDI (electronic data interchange). \u201cA TI \u00e9 reconhecida como fator cr\u00edtico de capacita\u00e7\u00e3o, principalmente atrav\u00e9s das telecomunica\u00e7\u00f5es, que permite eliminar barreiras impostas por local e tempo \u00e0s atividades de coordena\u00e7\u00e3o, servi\u00e7o e colabora\u00e7\u00e3o\u201d.(KEEN, 1996, p. XLIX). De modo s\u00fabito, a mudan\u00e7a se acelerou em quase todas as \u00e1reas do neg\u00f3cio e da tecnologia. A transforma\u00e7\u00e3o e utiliza\u00e7\u00e3o das ferramentas da TI se tornam globais e as distin\u00e7\u00f5es entre computador e comunica\u00e7\u00e3o desaparecem mudando radicalmente o mundo dos neg\u00f3cios. O computador se torna elemento de TI indispens\u00e1vel em uma organiza\u00e7\u00e3o.", "qas": [{"question": "O que a integra\u00e7\u00e3o tecnol\u00f3gica flexibilizou?", "answer": {"text": "a troca e o acesso \u00e0s informa\u00e7\u00f5es", "answer_start": 199}, "prediction": "A integra\u00e7\u00e3o tecnol\u00f3gica"}, {"question": "O que se tornou essencial nos departamentos de sistemas?", "answer": {"text": "sistemas abertos, integra\u00e7\u00e3o e modelos", "answer_start": 19}, "prediction": "O computador se torna elemento de TI indispens\u00e1vel em uma organiza\u00e7\u00e3o"}, {"question": "O que \u00e9 EDI?", "answer": {"text": "electronic data interchange", "answer_start": 307}, "prediction": "electronic data interchange)"}, {"question": "Qual elemento de TI \u00e9 indispens\u00e1vel em uma organiza\u00e7\u00e3o?", "answer": {"text": "O computador", "answer_start": 832}, "prediction": "O computador se torna elemento de TI indispens\u00e1vel em uma organiza\u00e7\u00e3o"}]}, {"context": "Al\u00e9m de not\u00edcias internas publicadas pelo Jornal da UFMS, a institui\u00e7\u00e3o presta servi\u00e7o \u00e0 comunidade atrav\u00e9s da Editora da UFMS com uma loja na Cidade Universit\u00e1ria de Campo Grande e a TVU, transmitido no canal 14 pela TV a Cabo NET ou pelo site na internet . Em fevereiro de 2012, a reitora assinou o termo de cess\u00e3o para explorar a r\u00e1dio FM Educativa que, em breve, por car\u00e1ter experimental, poder\u00e1 transmitir programa\u00e7\u00e3o de r\u00e1dio para a comunidade em geral.", "qas": [{"question": "Como a institui\u00e7\u00e3o presta servi\u00e7o \u00e0 comunidade?", "answer": {"text": "atrav\u00e9s da Editora da UFMS", "answer_start": 100}, "prediction": "atrav\u00e9s da Editora da UFMS"}, {"question": "Em qual canal \u00e9 transmitido a TVU?", "answer": {"text": "14", "answer_start": 210}, "prediction": "14 pela TV a Cabo NET ou pelo site na internet"}, {"question": "O que poder\u00e1 ser transmitido pela r\u00e1dio FM Educativa por car\u00e1ter experimental com a assinatura do termo de cess\u00e3o?", "answer": {"text": "poder\u00e1 transmitir programa\u00e7\u00e3o de r\u00e1dio para a comunidade em geral", "answer_start": 393}, "prediction": "Al\u00e9m de not\u00edcias internas publicadas pelo Jornal da UFMS, a institui\u00e7\u00e3o presta servi\u00e7o \u00e0 comunidade atrav\u00e9s da Editora da UFMS com uma loja na Cidade Universit\u00e1ria de Campo Grande e a TVU, transmitido no canal 14 pela TV a Cabo NET ou pelo site na internet . Em fevereiro de 2012, a reitora assinou o termo de cess\u00e3o para explorar a r\u00e1dio FM Educativa que, em breve, por car\u00e1ter experimental, poder\u00e1 transmitir programa\u00e7\u00e3o de r\u00e1dio para a comunidade em geral"}]}, {"context": "caber\u00e1 \u00e0 banca examinadora atribuir ao acad\u00eamico uma nota final de zero v\u00edrgula zero (0,0) a dez v\u00edrgula zero (10,0), resultante da m\u00e9dia aritm\u00e9tica das notas emitidas pelos membros da banca; e considerar aprovado aquele acad\u00eamico que obtiver a nota m\u00ednima final nove (9,0). caber\u00e1 ao coordenador de curso informar ao acad\u00eamico, em at\u00e9 dez (10) dias \u00fateis antes da data prevista para avalia\u00e7\u00e3o, o conte\u00fado e as formas de avalia\u00e7\u00e3o com os respectivos pesos, al\u00e9m de data(s), hor\u00e1rio(s) e local(is) de realiza\u00e7\u00e3o do(s) exame(s). se aprovado na avalia\u00e7\u00e3o, o acad\u00eamico obter\u00e1 dispensa de cursar a disciplina, sendo registrada no seu hist\u00f3rico escolar a nota conferida pela banca examinadora e a carga hor\u00e1ria total da disciplina. o registro no siscad dever\u00e1 ser feito pela coordena\u00e7\u00e3o do curso do acad\u00eamico.", "qas": [{"question": "qual a nota m\u00ednima para o acad\u00eamico que requisitou abrevia\u00e7\u00e3o de curso ser aprovado?", "answer": {"text": "9,0", "answer_start": 269}, "prediction": "nove (9,0)"}, {"question": "qual o limite de dias para o acad\u00eamico que requisitou abrevia\u00e7\u00e3o de curso ser informado do conte\u00fado?", "answer": {"text": "10", "answer_start": 341}, "prediction": "dez (10) dias \u00fateis antes da data prevista para avalia\u00e7\u00e3o, o conte\u00fado e as formas de avalia\u00e7\u00e3o com os respectivos pesos, al\u00e9m de data(s), hor\u00e1rio(s) e local(is) de realiza\u00e7\u00e3o do(s) exame(s). se aprovado na avalia\u00e7\u00e3o, o acad\u00eamico obter\u00e1 dispensa de cursar a disciplina"}, {"question": "quem deve fazer o registro no siscad?", "answer": {"text": "coordena\u00e7\u00e3o do curso", "answer_start": 769}, "prediction": "o registro no siscad dever\u00e1 ser feito pela coordena\u00e7\u00e3o do curso do acad\u00eamico"}, {"question": "quem d\u00e1 a nota final ao acad\u00eamico?", "answer": {"text": "banca", "answer_start": 0}, "prediction": "caber\u00e1 \u00e0 banca examinadora atribuir ao acad\u00eamico uma nota final de zero v\u00edrgula zero (0,0) a dez v\u00edrgula zero (10,0), resultante da m\u00e9dia aritm\u00e9tica das notas emitidas pelos membros da banca; e considerar aprovado aquele acad\u00eamico que obtiver a nota m\u00ednima final nove (9,0)"}]}, {"context": "a renova\u00e7\u00e3o de matr\u00edcula \u00e9 realizada por meio do sistema acad\u00eamico (siscad), composta pelas tr\u00eas etapas consecutivas abaixo, cujos prazos s\u00e3o definidos pelo calend\u00e1rio acad\u00eamico: sele\u00e7\u00e3o de disciplinas on-line, pelo discente: etapa obrigat\u00f3ria, realizada pelo sistema acad\u00eamico (siscad), por todos os discentes regulares; ajustes de matr\u00edcula: etapa facultativa para os discentes regulares que participarem da etapa de sele\u00e7\u00e3o de disciplinas online, visando \u00e0 identifica\u00e7\u00e3o de eventuais adequa\u00e7\u00f5es e ajustes da matr\u00edcula em disciplinas, solicitados pelos discentes ao coordenador de curso, atrav\u00e9s do sistema acad\u00eamico (siscad); valida\u00e7\u00e3o de matr\u00edculas: atividade administrativa, sem a participa\u00e7\u00e3o do discente, que consiste do registro no sistema acad\u00eamico (siscad), pela secretaria acad\u00eamica, da confirma\u00e7\u00e3o de todas as matr\u00edculas e dos ajustes solicitados e autorizados pelo coordenador de curso. o coordenador de curso deve orientar os discentes, bem como divulgar e acompanhar os procedimentos e prazos para o cumprimento adequado das etapas de renova\u00e7\u00e3o de matr\u00edcula.", "qas": [{"question": "onde est\u00e1 definido o prazo para renova\u00e7\u00e3o de matr\u00edcula?", "answer": {"text": "a renova\u00e7\u00e3o de matr\u00edcula \u00e9 realizada por meio do sistema acad\u00eamico (siscad), composta pelas tr\u00eas etapas consecutivas abaixo, cujos prazos s\u00e3o definidos pelo calend\u00e1rio acad\u00eamico", "answer_start": 0}, "prediction": "por meio do sistema acad\u00eamico (siscad)"}]}, {"context": "a tipologia das atividades complementares dever\u00e1 ser definida em regulamento espec\u00edfico do curso e poder\u00e1 incluir: disciplinas cursadas como enriquecimento curricular; est\u00e1gio n\u00e3o obrigat\u00f3rio; inicia\u00e7\u00e3o cient\u00edfica; monitoria de ensino; monitoria de extens\u00e3o; monografia, quando n\u00e3o estiver previsto na matriz curricular do projeto pedag\u00f3gico; participa\u00e7\u00e3o em palestras, congressos, encontros, semin\u00e1rios, f\u00f3runs, viagens de estudos, visitas t\u00e9cnicas, oficinas, projetos de ensino de gradua\u00e7\u00e3o (pegs), cursos, programa de educa\u00e7\u00e3o tutorial (pet) e programa institucional de bolsas de inicia\u00e7\u00e3o \u00e0 doc\u00eancia (pibid). a responsabilidade pela verifica\u00e7\u00e3o do cumprimento das atividades complementares ser\u00e1 de um ou mais professores, por determina\u00e7\u00e3o do diretor da unidade da administra\u00e7\u00e3o setorial.", "qas": [{"question": "quem \u00e9 respons\u00e1vel pela verifica\u00e7\u00e3o do cumprimento das atividades complementares?", "answer": {"text": "a responsabilidade pela verifica\u00e7\u00e3o do cumprimento das atividades complementares ser\u00e1 de um ou mais professores, por determina\u00e7\u00e3o do diretor da unidade da administra\u00e7\u00e3o setorial", "answer_start": 613}, "prediction": "a responsabilidade pela verifica\u00e7\u00e3o do cumprimento das atividades complementares ser\u00e1 de um ou mais professores, por determina\u00e7\u00e3o do diretor da unidade da administra\u00e7\u00e3o setorial"}]}, {"context": "a disciplina \u00e9 identificada por seu nome, c\u00f3digo, ementa, carga hor\u00e1ria, pr\u00e9-requisito, lota\u00e7\u00e3o e bibliografia. cada oferta da disciplina dever\u00e1 ter um guia did\u00e1tico do aluno e um plano de ensino. o plano de ensino dever\u00e1 conter, obrigatoriamente: identifica\u00e7\u00e3o; objetivos; ementa; programa; procedimentos de ensino; recursos; avalia\u00e7\u00e3o, com especifica\u00e7\u00e3o dos instrumentos e das avalia\u00e7\u00f5es acad\u00eamicas, avalia\u00e7\u00e3o optativa, as respectivas datas de aplica\u00e7\u00e3o e a f\u00f3rmula da m\u00e9dia de aproveitamento; atividade pedag\u00f3gica de recupera\u00e7\u00e3o de desempenho em avalia\u00e7\u00f5es; bibliografia; e identifica\u00e7\u00e3o do professor. as disciplinas dever\u00e3o ter, no m\u00ednimo: um encontro presencial al\u00e9m da avalia\u00e7\u00e3o presencial; e pelo menos um encontro s\u00edncrono, entre professores e alunos, a cada 34 horas da carga hor\u00e1ria da disciplina. cada encontro presencial ter\u00e1 carga hor\u00e1ria m\u00ednima de 10 horas, exclu\u00edda a carga hor\u00e1ria das avalia\u00e7\u00f5es presenciais.", "qas": [{"question": "qual a carga hor\u00e1ria m\u00ednima do encontro presencial?", "answer": {"text": "10 horas", "answer_start": 862}, "prediction": "10 horas"}]}]}