{"data": [{"context": "O profissional geralmente possui conhecimento adquirido em faculdades de Sistemas de informa\u00e7\u00e3o, Sistemas para Internet, Ci\u00eancia da computa\u00e7\u00e3o, An\u00e1lise de sistemas, Engenharia da Computa\u00e7\u00e3o, Engenharia de Software, Processamento de dados, Inform\u00e1tica, Licenciatura em Computa\u00e7\u00e3o ou outros cursos similares, mas a aus\u00eancia de restri\u00e7\u00f5es para o exerc\u00edcio do cargo permite a profissionais capacitados de outras \u00e1reas ou mesmo que n\u00e3o possuem educa\u00e7\u00e3o superior cumprirem este papel nas empresas. Como \u00e9 uma \u00eanfase, o foco e o n\u00facleo de trabalho est\u00e1 voltado para o processo de desenvolvimento de software, levando em conta a \u00e1rea tecnol\u00f3gica em que ir\u00e1 auxiliar. O analista de sistemas deve servir como um tradutor entre as necessidades do usu\u00e1rio e o programa a ser desenvolvido pelo programador. Para isto, deve ter conhecimento abrangente da \u00e1rea de neg\u00f3cio na qual o sistema ser\u00e1 desenvolvido, a fim de que possa implementar corretamente as regras de neg\u00f3cio.", "qas": [{"question": "O que permite com que profissionais que n\u00e3o possuem educa\u00e7\u00e3o superior compram o papel de analista de sistemas?", "answer": {"text": "aus\u00eancia de restri\u00e7\u00f5es para o exerc\u00edcio do cargo", "answer_start": 313}, "prediction": "profissionais capacitados de outras \u00e1reas ou mesmo que n\u00e3o possuem educa\u00e7\u00e3o superior cumprirem este papel nas empresas. Como \u00e9 uma \u00eanfase, o foco e o n\u00facleo de trabalho est\u00e1 voltado para o processo de desenvolvimento de software, levando em conta a \u00e1rea tecnol\u00f3gica em que ir\u00e1 auxiliar. O analista de sistemas deve servir como um tradutor entre as necessidades do usu\u00e1rio e o programa a ser desenvolvido pelo programador. Para isto, deve ter conhecimento abrangente da \u00e1rea de neg\u00f3cio na qual o sistema ser\u00e1 desenvolvido"}, {"question": "Para o que o analista de sistemas deve servir?", "answer": {"text": "tradutor entre as necessidades do usu\u00e1rio e o programa a ser desenvolvido pelo programador", "answer_start": 702}, "prediction": "conhecimento abrangente da \u00e1rea de neg\u00f3cio na qual o sistema ser\u00e1 desenvolvido"}, {"question": "Por que o analista de sistemas deve traduzir a necessidade do usu\u00e1rio?", "answer": {"text": "a fim de que possa implementar corretamente as regras de neg\u00f3cio", "answer_start": 894}, "prediction": "conhecimento abrangente da \u00e1rea de neg\u00f3cio na qual o sistema ser\u00e1 desenvolvido"}, {"question": "Quem desenvolve o programa traduzido da necessidade do usu\u00e1rio pelo analista de sistemas?", "answer": {"text": "programador", "answer_start": 781}, "prediction": "O analista de sistemas deve servir como um tradutor entre as necessidades do usu\u00e1rio e o programa a ser desenvolvido pelo programador"}]}, {"context": "A primeira ferramenta conhecida para a computa\u00e7\u00e3o foi o \u00e1baco, cuja inven\u00e7\u00e3o \u00e9 atribu\u00edda a habitantes da Mesopot\u00e2mia, em torno de 2700\u20132300 a.C.. Seu uso original era desenhar linhas na areia com rochas. Vers\u00f5es mais modernas do \u00e1baco ainda s\u00e3o usadas como instrumento de c\u00e1lculo. No s\u00e9culo VII a.C., na antiga \u00cdndia, o gram\u00e1tico P\u0101nini formulou a gram\u00e1tica de S\u00e2nscrito usando 3959 regras conhecidas como Ashtadhy\u0101yi, de forma bastante sistem\u00e1tica e t\u00e9cnica. P\u0101nini usou transforma\u00e7\u00f5es e recursividade com tamanha sofistica\u00e7\u00e3o que sua gram\u00e1tica possu\u00eda o poder computacional te\u00f3rico tal qual a M\u00e1quina de Turing. Entre 200 a.C. e 400, os indianos tamb\u00e9m inventaram o logaritmo, e partir do s\u00e9culo XIII tabelas logar\u00edtmicas eram produzidas por matem\u00e1ticos isl\u00e2micos. Quando John Napier descobriu os logaritmos para uso computacional no s\u00e9culo XVI, seguiu-se um per\u00edodo de consider\u00e1vel progresso na constru\u00e7\u00e3o de ferramentas de c\u00e1lculo.", "qas": [{"question": "A quem \u00e9 atribuida a inven\u00e7\u00e3o do \u00e1baco?", "answer": {"text": "a habitantes da Mesopot\u00e2mia", "answer_start": 89}, "prediction": "habitantes da Mesopot\u00e2mia"}, {"question": "Como s\u00e3o utilizadas as vers\u00f5es mais modernas do \u00e1baco?", "answer": {"text": "Vers\u00f5es mais modernas do \u00e1baco ainda s\u00e3o usadas como instrumento de c\u00e1lculo", "answer_start": 204}, "prediction": "como instrumento de c\u00e1lculo"}, {"question": "Por quem eram produzidas as tabelas logar\u00edtmicas?", "answer": {"text": "eram produzidas por matem\u00e1ticos isl\u00e2micos", "answer_start": 724}, "prediction": "John Napier"}, {"question": "Qual era o uso original do \u00e1baco?", "answer": {"text": "desenhar linhas na areia com rochas", "answer_start": 167}, "prediction": "poder computacional te\u00f3rico tal qual a M\u00e1quina de Turing"}, {"question": "Qual foi a primeira ferramenta conhecida para a computa\u00e7\u00e3o?", "answer": {"text": "\u00e1baco", "answer_start": 56}, "prediction": "o \u00e1baco"}, {"question": "Quantas regras P\u0101nini utilizou para formular a gram\u00e1tica de S\u00e2nscrito?", "answer": {"text": "3959", "answer_start": 378}, "prediction": "P\u0101nini usou transforma\u00e7\u00f5es e recursividade com tamanha sofistica\u00e7\u00e3o que sua gram\u00e1tica possu\u00eda o poder computacional te\u00f3rico tal qual a M\u00e1quina de Turing"}, {"question": "Quem inventou o logaritmo?", "answer": {"text": "indianos", "answer_start": 639}, "prediction": "o gram\u00e1tico P\u0101nini"}]}, {"context": "Por ser uma disciplina recente, existem v\u00e1rias defini\u00e7\u00f5es alternativas para a Ci\u00eancia da Computa\u00e7\u00e3o. Ela pode ser vista como uma forma de ci\u00eancia, uma forma de matem\u00e1tica ou uma nova disciplina que n\u00e3o pode ser categorizada seguindo os modelos atuais. V\u00e1rias pessoas que estudam a Ci\u00eancia da Computa\u00e7\u00e3o o fazem para tornarem-se programadores, levando alguns a acreditarem que seu estudo \u00e9 sobre o software e a programa\u00e7\u00e3o. Apesar disso, a maioria dos cientistas da computa\u00e7ao s\u00e3o interessados na inova\u00e7\u00e3o ou em aspectos te\u00f3ricos que v\u00e3o muito al\u00e9m de somente a programa\u00e7\u00e3o, mais relacionados com a computabilidade.", "qas": [{"question": "Com o que est\u00e3o relacionados as inova\u00e7\u00f5es e aspectos te\u00f3ricos da computa\u00e7\u00e3o?", "answer": {"text": "com a computabilidade", "answer_start": 592}, "prediction": "computabilidade"}, {"question": "Em que a maioria dos cientistas da computa\u00e7\u00e3o est\u00e3o interessados?", "answer": {"text": "a maioria dos cientistas da computa\u00e7ao s\u00e3o interessados na inova\u00e7\u00e3o ou em aspectos te\u00f3ricos", "answer_start": 437}, "prediction": "programadores"}, {"question": "Para que v\u00e1rias pessoas estudam ci\u00eancia da computa\u00e7\u00e3o?", "answer": {"text": "V\u00e1rias pessoas que estudam a Ci\u00eancia da Computa\u00e7\u00e3o o fazem para tornarem-se programadores", "answer_start": 252}, "prediction": "para tornarem-se programadores"}, {"question": "Por que existem v\u00e1rias defini\u00e7\u00f5es alternativas para a ci\u00eancia da computa\u00e7\u00e3o?", "answer": {"text": "Por ser uma disciplina recente", "answer_start": 0}, "prediction": "Por ser uma disciplina recente, existem v\u00e1rias defini\u00e7\u00f5es alternativas para a Ci\u00eancia da Computa\u00e7\u00e3o"}]}, {"context": "V\u00e1rias alternativas para o nome da disciplina j\u00e1 foram cogitadas. Em franc\u00eas ela \u00e9 chamada informatique, em alem\u00e3o Informatik, em espanhol inform\u00e1tica, em holand\u00eas, italiano e romeno informatica, em polon\u00eas informatyka, em russo \u0438\u043d\u0444\u043e\u0440\u043c\u0430\u0442\u0438\u043a\u0430 e em grego \u03a0\u03bb\u03b7\u03c1\u03bf\u03c6\u03bf\u03c1\u03b9\u03ba\u03ae. Apesar disso, tanto em ingl\u00eas quanto em portugu\u00eas inform\u00e1tica n\u00e3o \u00e9 diretamente um sin\u00f4nimo para a Ci\u00eancia da Computa\u00e7\u00e3o; o termo \u00e9 usado para definir o estudo de sistemas artificiais e naturais que armazenam processos e comunicam informa\u00e7\u00e3o, e refere-se a um conjunto de ci\u00eancias da informa\u00e7\u00e3o que engloba a Ci\u00eancia da Computa\u00e7\u00e3o. Em Portugal, no entanto, apesar de a palavra estar dicionarizada com esse sentido amplo, o termo \u00e9 usado como sin\u00f3nimo de Ci\u00eancia da Computa\u00e7\u00e3o.", "qas": [{"question": "Como a ci\u00eancia da computa\u00e7\u00e3o \u00e9 chamada em franc\u00eas?", "answer": {"text": "informatique", "answer_start": 91}, "prediction": "como sin\u00f3nimo de Ci\u00eancia da Computa\u00e7\u00e3o"}, {"question": "O termo inform\u00e1tica \u00e9 sin\u00f4nimo de que em Portugal?", "answer": {"text": "Ci\u00eancia da Computa\u00e7\u00e3o", "answer_start": 719}, "prediction": "como sin\u00f3nimo de Ci\u00eancia da Computa\u00e7\u00e3o"}, {"question": "Para que \u00e9 usado o termo inform\u00e1tica no ingl\u00eas e no portugu\u00eas?", "answer": {"text": "para definir o estudo de sistemas artificiais e naturais que armazenam processos e comunicam informa\u00e7\u00e3o", "answer_start": 403}, "prediction": "o termo \u00e9 usado para definir o estudo de sistemas artificiais e naturais que armazenam processos e comunicam informa\u00e7\u00e3o, e refere-se a um conjunto de ci\u00eancias da informa\u00e7\u00e3o que engloba a Ci\u00eancia da Computa\u00e7\u00e3o. Em Portugal, no entanto, apesar de a palavra estar dicionarizada com esse sentido amplo, o termo \u00e9 usado como sin\u00f3nimo de Ci\u00eancia da Computa\u00e7\u00e3o"}]}, {"context": "Engenharia Inform\u00e1tica ou engenharia de computa\u00e7\u00e3o \u00e9 o ramo da engenharia que lida com a realiza\u00e7\u00e3o de projeto e constru\u00e7\u00e3o de computadores e de sistemas que integram hardware e software, viabilizando a produ\u00e7\u00e3o de novas m\u00e1quinas e de equipamentos computacionais para serem utilizados em diversos setores. O computador \u00e9 o sistema de computa\u00e7\u00e3o mais conhecido. No entanto, o curso de Engenharia de Computa\u00e7\u00e3o n\u00e3o foca no desenvolvimento de computadores de uso pessoal e sim de sistemas de computa\u00e7\u00e3o em geral. Embora seja o mais conhecido, o computador representa apenas 20% de todo o sistema de computa\u00e7\u00e3o do mundo, sendo os outros 80% conhecidos como \"sistemas embarcados\", por serem sistemas de computa\u00e7\u00e3o que fazem parte de um sistema maior, como: computador de bordo de aeronaves e navios, sistemas de monitoramento e controle de usinas e de plantas industriais. Grande parte dos eletroeletr\u00f4nicos de hoje s\u00e3o sistemas de computa\u00e7\u00e3o, pois possuem microprocessadores, firmware e software avan\u00e7ados: TVs, celulares, micro-ondas, geladeiras, etc.", "qas": [{"question": "O que a engenharia de computa\u00e7\u00e3o viabiliza?", "answer": {"text": "a produ\u00e7\u00e3o de novas m\u00e1quinas e de equipamentos computacionais", "answer_start": 201}, "prediction": "a realiza\u00e7\u00e3o de projeto e constru\u00e7\u00e3o de computadores e de sistemas que integram hardware e software"}, {"question": "Por que grande parte dos eletroeletr\u00f4nicos s\u00e3o sistemas de computa\u00e7\u00e3o?", "answer": {"text": "pois possuem microprocessadores, firmware e software avan\u00e7ados", "answer_start": 939}, "prediction": "por serem sistemas de computa\u00e7\u00e3o"}, {"question": "Qual o foco de desenvolvimento do curso de Engenharia de Computa\u00e7\u00e3o?", "answer": {"text": "de sistemas de computa\u00e7\u00e3o em geral", "answer_start": 474}, "prediction": "a realiza\u00e7\u00e3o de projeto e constru\u00e7\u00e3o de computadores e de sistemas que integram hardware e software"}, {"question": "Qual o sistema de computa\u00e7\u00e3o mais conhecido?", "answer": {"text": "computador", "answer_start": 308}, "prediction": "computador"}, {"question": "Qual ramo da engenharia que lida com a constru\u00e7\u00e3o de computadores?", "answer": {"text": "Engenharia Inform\u00e1tica ou engenharia de computa\u00e7\u00e3o", "answer_start": 0}, "prediction": "da engenharia que lida com a realiza\u00e7\u00e3o de projeto e constru\u00e7\u00e3o de computadores e de sistemas que integram hardware e software"}, {"question": "Quanto dos sistemas de computa\u00e7\u00e3o s\u00e3o conhecidos como \u201csistemas embarcados\u201d?", "answer": {"text": "80%", "answer_start": 633}, "prediction": "sistemas embarcados\""}, {"question": "Quanto o computador representa de todo o sistema de computa\u00e7\u00e3o do mundo?", "answer": {"text": "20%", "answer_start": 571}, "prediction": "20%"}]}, {"context": "A FAPDF Foi criada pela Lei N\u00ba 347, de 04/11/1992, e implementada em 04 de novembro de 1993. O Estatuto Social da FAPDF foi aprovado somente em 16 de maio de 2007, pelo decreto N\u00ba 27.958. O Regimento Interno foi publicado no Di\u00e1rio Oficial do Distrito Federal (DODF) N\u00ba 111, de 12 de junho de 2007.", "qas": [{"question": "Em que ano o Estatuto Social da FAPDF foi aprovado?", "answer": {"text": "2007", "answer_start": 158}, "prediction": "04 de novembro de 1993"}, {"question": "Quando a FAPDF foi implementada?", "answer": {"text": "04 de novembro de 1993", "answer_start": 69}, "prediction": "04 de novembro de 1993"}]}, {"context": "Como precursor do MEC, esteve o Minist\u00e9rio da Instru\u00e7\u00e3o P\u00fablica, Correios e Tel\u00e9grafos, criado em 1890 em atendimento a Benjamin Constant. Durante o governo de Floriano Peixoto, entre 1891 e 1892, o minist\u00e9rio \u00e9 extinto, passando a ser uma diretoria no Minist\u00e9rio da Justi\u00e7a e Neg\u00f3cios Interiores. Em 1930, foi criado o Minist\u00e9rio dos Neg\u00f3cios da Educa\u00e7\u00e3o e Sa\u00fade P\u00fablica. No dia 15 de janeiro de 1937, passou a se chamar Minist\u00e9rio da Educa\u00e7\u00e3o e Sa\u00fade e suas atividades passaram a ter um limite \u00e0 administra\u00e7\u00e3o da educa\u00e7\u00e3o escolar, educa\u00e7\u00e3o extra-escolar e da sa\u00fade p\u00fablica e assist\u00eancia m\u00e9dico-social.", "qas": [{"question": "Como o Minist\u00e9rio dos Neg\u00f3cios da Educa\u00e7\u00e3o e Sa\u00fade P\u00fablica passou a se chamar em 15 de janeiro de 1937?", "answer": {"text": "Minist\u00e9rio da Educa\u00e7\u00e3o e Sa\u00fade", "answer_start": 422}, "prediction": "Minist\u00e9rio da Justi\u00e7a e Neg\u00f3cios Interiores"}, {"question": "Em que ano foi criado o Minist\u00e9rio da Instru\u00e7\u00e3o P\u00fablica, Correios e Tel\u00e9grafos?", "answer": {"text": "1890", "answer_start": 98}, "prediction": "Em 1930, foi criado o Minist\u00e9rio dos Neg\u00f3cios da Educa\u00e7\u00e3o e Sa\u00fade P\u00fablica"}, {"question": "O Minist\u00e9rio da Instru\u00e7\u00e3o P\u00fablica passou a ser uma diretoria de onde ap\u00f3s sua extin\u00e7\u00e3o durante o governo de Floriano Peixoto?", "answer": {"text": "Minist\u00e9rio da Justi\u00e7a e Neg\u00f3cios Interiores", "answer_start": 253}, "prediction": "administra\u00e7\u00e3o da educa\u00e7\u00e3o escolar, educa\u00e7\u00e3o extra-escolar e da sa\u00fade p\u00fablica e assist\u00eancia m\u00e9dico-social"}, {"question": "Quais eram as atividades do Minist\u00e9rio da Educa\u00e7\u00e3o e Sa\u00fade?", "answer": {"text": "administra\u00e7\u00e3o da educa\u00e7\u00e3o escolar, educa\u00e7\u00e3o extra-escolar e da sa\u00fade p\u00fablica e assist\u00eancia m\u00e9dico-social", "answer_start": 498}, "prediction": "administra\u00e7\u00e3o da educa\u00e7\u00e3o escolar, educa\u00e7\u00e3o extra-escolar e da sa\u00fade p\u00fablica e assist\u00eancia m\u00e9dico-social"}, {"question": "Qual era o precursor do MEC?", "answer": {"text": "Minist\u00e9rio da Instru\u00e7\u00e3o P\u00fablica, Correios e Tel\u00e9grafos", "answer_start": 32}, "prediction": "Minist\u00e9rio da Instru\u00e7\u00e3o P\u00fablica, Correios e Tel\u00e9grafos"}]}, {"context": "O processo seletivo dos monitores ser\u00e1 de responsabilidade da Unidade da Administra\u00e7\u00e3o Setorial de lota\u00e7\u00e3o da disciplina, respeitado o disposto na Resolu\u00e7\u00e3o Coeg n\u00ba 342/2015 (Normas da Monitoria de Ensino de Gradua\u00e7\u00e3o) e neste Edital. Cabe ao Diretor da Unidade encaminhar, via SEI, os nomes dos membros da Comiss\u00e3o do Processo Seletivo e a sua presid\u00eancia \u00e0 Divis\u00e3o de Apoio a Programas e Projetos Especiais \u2013 Diap/CDA/Prograd. Compete ao presidente da Comiss\u00e3o do Processo Seletivo acessar o Sigproj, receber e conferir a documenta\u00e7\u00e3o, Anexo II deste Edital.", "qas": [{"question": "O processo seletivo dos monitores ser\u00e1 feita por quem?", "answer": {"text": "O processo seletivo dos monitores ser\u00e1 de responsabilidade da Unidade da Administra\u00e7\u00e3o Setorial de lota\u00e7\u00e3o da disciplina", "answer_start": 62}, "prediction": "Unidade da Administra\u00e7\u00e3o Setorial de lota\u00e7\u00e3o da disciplina"}, {"question": "O que cabe ao presidente da Comiss\u00e3o do Processo Seletivo?", "answer": {"text": "acessar o Sigproj, receber e conferir a documenta\u00e7\u00e3o", "answer_start": 484}, "prediction": "Unidade da Administra\u00e7\u00e3o Setorial de lota\u00e7\u00e3o da disciplina"}, {"question": "Quem encaminha o nome dos membros da Comiss\u00e3o do Processo Seletivo \u00e0 Diap/CDA/Prograd?", "answer": {"text": "Diretor da Unidade", "answer_start": 243}, "prediction": "Unidade da Administra\u00e7\u00e3o Setorial de lota\u00e7\u00e3o da disciplina, respeitado o disposto na Resolu\u00e7\u00e3o Coeg n\u00ba 342/2015 (Normas da Monitoria de Ensino de Gradua\u00e7\u00e3o) e neste Edital. Cabe ao Diretor da Unidade encaminhar, via SEI, os nomes dos membros da Comiss\u00e3o do Processo Seletivo e a sua presid\u00eancia \u00e0 Divis\u00e3o de Apoio a Programas e Projetos Especiais \u2013 Diap/CDA/Prograd"}]}, {"context": "A pesquisa \u00e9 usada para estabelecer ou confirmar fatos, reafirmar os resultados de trabalhos anteriores, resolver problemas novos ou j\u00e1 existentes, apoiar teoremas e desenvolvimento de novas teorias. Um projeto de pesquisa tamb\u00e9m pode ser uma expans\u00e3o do trabalho passado no campo. Para testar a validade de instrumentos, procedimentos ou experi\u00eancias, a pesquisa pode replicar elementos de projetos anteriores, ou o projeto como um todo. Os principais objetivos da pesquisa b\u00e1sica (em oposi\u00e7\u00e3o \u00e0 pesquisa aplicada) s\u00e3o documenta\u00e7\u00e3o, descoberta, interpreta\u00e7\u00e3o, ou a pesquisa e desenvolvimento (R & D) de m\u00e9todos e sistemas para o avan\u00e7o do conhecimento do ser humano. Abordagens para investiga\u00e7\u00e3o dependem epistemologias, que variam consideravelmente dentro e entre ci\u00eancias humanas e ci\u00eancias. Existem v\u00e1rias formas de pesquisa: bibliogr\u00e1fica, descritiva, laboratorial, emp\u00edrica, de campo, acad\u00eamica, cient\u00edfica, de humanidades, art\u00edstica, econ\u00f4mica, social, de neg\u00f3cios, de marketing, pesquisa praticante, estat\u00edstica, etc", "qas": [{"question": "A pesquisa b\u00e1sica faz oposi\u00e7\u00e3o ao qu\u00ea?", "answer": {"text": "oposi\u00e7\u00e3o \u00e0 pesquisa aplicada", "answer_start": 486}, "prediction": "estabelecer ou confirmar fatos, reafirmar os resultados de trabalhos anteriores, resolver problemas novos ou j\u00e1 existentes, apoiar teoremas e desenvolvimento de novas teorias. Um projeto de pesquisa tamb\u00e9m pode ser uma expans\u00e3o do trabalho passado no campo. Para testar a validade de instrumentos, procedimentos ou experi\u00eancias, a pesquisa pode replicar elementos de projetos anteriores, ou o projeto como um todo. Os principais objetivos da pesquisa b\u00e1sica (em oposi\u00e7\u00e3o \u00e0 pesquisa aplicada"}, {"question": "O que significa R & D?", "answer": {"text": "pesquisa e desenvolvimento", "answer_start": 566}, "prediction": "estabelecer ou confirmar fatos, reafirmar os resultados de trabalhos anteriores, resolver problemas novos ou j\u00e1 existentes, apoiar teoremas e desenvolvimento de novas teorias. Um projeto de pesquisa tamb\u00e9m pode ser uma expans\u00e3o do trabalho passado no campo. Para testar a validade de instrumentos, procedimentos ou experi\u00eancias, a pesquisa pode replicar elementos de projetos anteriores, ou o projeto como um todo. Os principais objetivos da pesquisa b\u00e1sica (em oposi\u00e7\u00e3o \u00e0 pesquisa aplicada) s\u00e3o documenta\u00e7\u00e3o, descoberta, interpreta\u00e7\u00e3o, ou a pesquisa e desenvolvimento (R & D) de m\u00e9todos e sistemas para o avan\u00e7o do conhecimento do ser humano"}]}, {"context": "Algumas vezes pesquisa laboratorial \u00e9 confundido com pesquisa experimental, o que \u00e9 um equ\u00edvoco. Embora a maioria das pesquisas de laborat\u00f3rio seja experimental, muitas vezes as ci\u00eancias humanas e sociais lan\u00e7am m\u00e3o de pesquisa de laborat\u00f3rio sem que se trate de estudos experimentais. Na verdade, o que caracteriza a pesquisa de laborat\u00f3rio \u00e9 o fato de que ela ocorre em situa\u00e7\u00f5es controladas, valendo-se de instrumental espec\u00edfico e preciso. Tais pesquisas, quer se realizem em recintos fechados ou ao ar livre, em ambientes artificiais ou reais, em todos os casos, requerem um ambiente adequado, previamente estabelecido e de acordo com o estudo a ser realizado. A Psicologia Social e a Sociologia, frequentemente, utilizam a pesquisa de laborat\u00f3rio, muito embora aspectos fundamentais do comportamento humano nem sempre possam ou, por quest\u00f5es de \u00e9tica, nunca devam ser estudados e/ou reproduzidos no ambiente controlado do laborat\u00f3rio", "qas": [{"question": "Com o que pesquisa laboratorial \u00e9 confundido?", "answer": {"text": "pesquisa experimental", "answer_start": 53}, "prediction": "um equ\u00edvoco. Embora a maioria das pesquisas de laborat\u00f3rio seja experimental"}, {"question": "O que \u00e9 indispens\u00e1vel para pesquisas laboratoriais?", "answer": {"text": "um ambiente adequado", "answer_start": 577}, "prediction": "o que caracteriza a pesquisa de laborat\u00f3rio \u00e9 o fato de que ela ocorre em situa\u00e7\u00f5es controladas"}, {"question": "Por que aspectos fundamentais do comportamento humano nunca devem ser estudados e/ou reproduzidos no ambiente controlado do laborat\u00f3rio?", "answer": {"text": "por quest\u00f5es de \u00e9tica", "answer_start": 835}, "prediction": "que ela ocorre em situa\u00e7\u00f5es controladas"}, {"question": "Quais os tipos de instrumento utilizados nas pesquisas experimentais?", "answer": {"text": "espec\u00edfico e preciso", "answer_start": 422}, "prediction": "um ambiente adequado, previamente estabelecido e de acordo com o estudo a ser realizado"}, {"question": "Qual a principal caracter\u00edstica da pesquisa de laborat\u00f3rio?", "answer": {"text": "o fato de que ela ocorre em situa\u00e7\u00f5es controladas", "answer_start": 344}, "prediction": "o fato de que ela ocorre em situa\u00e7\u00f5es controladas"}]}, {"context": "O POSCOMP foi concebido para permitir que os candidatos a cursar Programas de P\u00f3s-Gradua\u00e7\u00e3o em Computa\u00e7\u00e3o possam participar dos processos seletivos em v\u00e1rios Programas no Pa\u00eds, sem a necessidade de deslocamento para a sede de cada um dos Programas postulados pelo candidato, cumprindo assim um forte papel de inclus\u00e3o social. O candidato realiza a prova no local mais pr\u00f3ximo de onde mora e o resultado de seu exame \u00e9 enviado para todos Programas que participam do POSCOMP, podendo assim o candidato pleitear vaga em qualquer um dos programas de p\u00f3s-gradua\u00e7\u00e3o que participam do POSCOMP.", "qas": [{"question": "O POSCOMP dispensou a necessidade de qu\u00ea?", "answer": {"text": "deslocamento para a sede de cada um dos Programas postulados pelo candidato", "answer_start": 198}, "prediction": "permitir que os candidatos a cursar Programas de P\u00f3s-Gradua\u00e7\u00e3o em Computa\u00e7\u00e3o"}, {"question": "O canditado do POSCOMP pode pleitear vaga em quais programas de p\u00f3s-gradua\u00e7\u00e3o?", "answer": {"text": "qualquer um dos programas de p\u00f3s-gradua\u00e7\u00e3o que participam do POSCOMP", "answer_start": 517}, "prediction": "qualquer um dos programas de p\u00f3s-gradua\u00e7\u00e3o que participam do POSCOMP"}, {"question": "Onde o candidato do POSCOMP realiza a prova?", "answer": {"text": "O candidato realiza a prova no local mais pr\u00f3ximo de onde mora", "answer_start": 326}, "prediction": "no local mais pr\u00f3ximo de onde mora"}, {"question": "Para onde \u00e9 enviado o resultado da prova do candidato do POSCOMP?", "answer": {"text": "para todos Programas que participam do POSCOMP", "answer_start": 426}, "prediction": "no local mais pr\u00f3ximo de onde mora"}, {"question": "Para que o POSCOMP foi concebido?", "answer": {"text": "O POSCOMP foi concebido para permitir que os candidatos a cursar Programas de P\u00f3s-Gradua\u00e7\u00e3o em Computa\u00e7\u00e3o possam participar dos processos seletivos em v\u00e1rios Programas no Pa\u00eds", "answer_start": 29}, "prediction": "permitir que os candidatos a cursar Programas de P\u00f3s-Gradua\u00e7\u00e3o em Computa\u00e7\u00e3o possam participar dos processos seletivos em v\u00e1rios Programas no Pa\u00eds, sem a necessidade de deslocamento para a sede de cada um dos Programas postulados pelo candidato"}, {"question": "Qual um forte papel cumprido pelo POSCOMP?", "answer": {"text": "inclus\u00e3o social", "answer_start": 309}, "prediction": "O candidato realiza a prova no local mais pr\u00f3ximo de onde mora e o resultado de seu exame \u00e9 enviado para todos Programas que participam do POSCOMP"}]}, {"context": "Os cursos de p\u00f3s-gradua\u00e7\u00e3o lato sensu, em n\u00edvel de especializa\u00e7\u00e3o, s\u00e3o regulados pela Resolu\u00e7\u00e3o CNE/CES n\u00ba 1, de 8 de junho de 2007. A dura\u00e7\u00e3o m\u00ednima desses cursos \u00e9 de 360 horas, al\u00e9m do tempo destinado \u00e0 elabora\u00e7\u00e3o de monografia ou trabalho de conclus\u00e3o de curso. A especializa\u00e7\u00e3o d\u00e1 oportunidade, ao graduado, de prosseguir seus estudos ao se habilitar \u00e0 doc\u00eancia e se especializar em \u00e1reas do conhecimento voltadas ao mundo do trabalho, podendo ser uma \u00e1rea diretamente ligada \u00e0 primeira gradua\u00e7\u00e3o ou n\u00e3o. Em alguns pa\u00edses, os cr\u00e9ditos dos certificados lato sensu podem contar como o primeiro ano de um mestrado na mesma \u00e1rea.", "qas": [{"question": "O tempo al\u00e9m das 360 horas da especializa\u00e7\u00e3o \u00e9 destinado para o qu\u00ea?", "answer": {"text": "destinado \u00e0 elabora\u00e7\u00e3o de monografia ou trabalho de conclus\u00e3o de curso", "answer_start": 194}, "prediction": "A especializa\u00e7\u00e3o d\u00e1 oportunidade, ao graduado"}, {"question": "Qual n\u00edvel dos cursos de p\u00f3s-gradua\u00e7\u00e3o s\u00e3o regulados pela resolu\u00e7\u00e3o CNE/CES n\u00ba 1?", "answer": {"text": "especializa\u00e7\u00e3o", "answer_start": 51}, "prediction": "Resolu\u00e7\u00e3o CNE/CES n\u00ba 1, de 8 de junho de 2007. A dura\u00e7\u00e3o m\u00ednima desses cursos \u00e9 de 360 horas"}]}, {"context": "Em v\u00e1rios pa\u00edses da Europa, por exemplo, Fran\u00e7a e Alemanha, o t\u00edtulo de professor \u00e9 tamb\u00e9m reservado, nas universidades, apenas a docentes seniores. Ao contr\u00e1rio do que acontece nos pa\u00edses de l\u00edngua inglesa por\u00e9m, a promo\u00e7\u00e3o ao n\u00edvel de Professor requer que, al\u00e9m do grau acad\u00eamico de doutor, o candidato passe tamb\u00e9m pelo processo de Habilita\u00e7\u00e3o (semelhante \u00e0 antiga Livre-doc\u00eancia no Brasil), que normalmente exige a submiss\u00e3o de uma segunda tese (monogr\u00e1fica ou cumulativa) e uma aula p\u00fablica ministrada perante uma banca de especialistas. Em geral, s\u00e3o necess\u00e1rios v\u00e1rios anos de experi\u00eancia profissional ou acad\u00eamica ap\u00f3s a conclus\u00e3o do doutoramento para que um indiv\u00edduo se qualifique a obter uma Habilita\u00e7\u00e3o.", "qas": [{"question": "O que \u00e9 necess\u00e1rio para que um indiv\u00edduo se qualifique para obter a habilita\u00e7\u00e3o de professor nos pa\u00edses europeus?", "answer": {"text": "v\u00e1rios anos de experi\u00eancia profissional ou acad\u00eamica", "answer_start": 569}, "prediction": "Habilita\u00e7\u00e3o"}, {"question": "Qual a exig\u00eancia para a promo\u00e7\u00e3o ao n\u00edvel de professor na Alemanha?", "answer": {"text": "a promo\u00e7\u00e3o ao n\u00edvel de Professor requer que, al\u00e9m do grau acad\u00eamico de doutor, o candidato passe tamb\u00e9m pelo processo de Habilita\u00e7\u00e3o", "answer_start": 214}, "prediction": "Habilita\u00e7\u00e3o"}]}, {"context": "No Reino Unido, o uso do t\u00edtulo Professor \u00e9 ainda mais restrito do que nos Estados Unidos, sendo reservado apenas a docentes seniores em universidades. O n\u00edvel inicial da carreira acad\u00eamica em universidades brit\u00e2nicas, aberto normalmente a indiv\u00edduos que j\u00e1 detenham o grau de doutor, \u00e9 designado Lecturer. Seguem-se os n\u00edveis de Senior Lecturer, Reader e, finalmente, Professor, este \u00faltimo atingido apenas por um n\u00famero muito pequeno de indiv\u00edduos que normalmente s\u00e3o chefes de departamentos acad\u00eamicos ou det\u00eam uma c\u00e1tedra pessoal. Grosso modo, Lecturers no sistema brit\u00e2nico seriam equivalentes a Assistant Professors no sistema estadunidense, enquanto o t\u00edtulo de Reader seria equivalente a Associate Professor ou Professor nos Estados Unidos. O t\u00edtulo de Professor propriamente dito no Reino Unido seria por sua vez compar\u00e1vel a um Distinguished Professor ou University/Institute Professor nos Estados Unidos. Como nos Estados Unidos, professores do ensino fundamental e m\u00e9dio no Reino Unido s\u00e3o denominados teachers, nunca professors.", "qas": [{"question": "Como \u00e9 chamado o iniciante na carreira acad\u00eamica nas universidades brit\u00e2nicas?", "answer": {"text": "Lecturer", "answer_start": 297}, "prediction": "Estados Unidos"}, {"question": "Lecturers s\u00e3o equivalentes ao que nos EUA?", "answer": {"text": "Assistant Professors", "answer_start": 601}, "prediction": "Assistant Professors no sistema estadunidense, enquanto o t\u00edtulo de Reader seria equivalente a Associate Professor ou Professor nos Estados Unidos"}, {"question": "O que os professors no Reino Unido geralmente s\u00e3o?", "answer": {"text": "chefes de departamentos acad\u00eamicos", "answer_start": 470}, "prediction": "teachers, nunca professors"}]}, {"context": "As notas e as frequ\u00eancias dever\u00e3o ser lan\u00e7adas no Sistema Acad\u00eamico nos prazos definidos no Calend\u00e1rio Acad\u00eamico. Para cada disciplina cursada, o professor dever\u00e1 consignar ao acad\u00eamico uma M\u00e9dia de Aproveitamento (MA), na forma de graus num\u00e9ricos com uma casa decimal de 0,0 (zero v\u00edrgula zero) a 10,0 (dez v\u00edrgula zero). Para ser aprovado na disciplina, o acad\u00eamico dever\u00e1 obter frequ\u00eancia igual ou superior a setenta e cinco por cento e M\u00e9dia de Aproveitamento (MA) igual ou superior a 6,0 (seis v\u00edrgula zero). Caber\u00e1 ao Colegiado de Curso estabelecer medidas pedag\u00f3gicas para corre\u00e7\u00e3o e preven\u00e7\u00e3o de altos \u00edndices de reprova\u00e7\u00e3o e baixos rendimentos em avalia\u00e7\u00f5es. Ser\u00e1 atribu\u00edda nota 0,0 (zero v\u00edrgula zero), para cada evento, ao acad\u00eamico que n\u00e3o realizar os trabalhos acad\u00eamicos ou n\u00e3o comparecer \u00e0s avalia\u00e7\u00f5es.", "qas": [{"question": "O que o professor deve consignar ao acad\u00eamico?", "answer": {"text": "uma M\u00e9dia de Aproveitamento", "answer_start": 186}, "prediction": "o professor dever\u00e1 consignar ao acad\u00eamico uma M\u00e9dia de Aproveitamento (MA)"}, {"question": "Onde devem ser lan\u00e7adas as notas e as frequ\u00eancias?", "answer": {"text": "As notas e as frequ\u00eancias dever\u00e3o ser lan\u00e7adas no Sistema Acad\u00eamico", "answer_start": 50}, "prediction": "no Calend\u00e1rio Acad\u00eamico"}, {"question": "Qual deve ser a frequ\u00eancia do acad\u00eamico para que seja aprovado em uma disciplina?", "answer": {"text": "igual ou superior a setenta e cinco por cento", "answer_start": 392}, "prediction": "o acad\u00eamico dever\u00e1 obter frequ\u00eancia igual ou superior a setenta e cinco por cento"}, {"question": "Quem deve corrigir e previnir altos \u00edndices de reprova\u00e7\u00e3o?", "answer": {"text": "Colegiado de Curso", "answer_start": 524}, "prediction": "Colegiado de Curso"}]}, {"context": "Disciplina Optativa: disciplina complementar do perfil e das compet\u00eancias e habilidades da forma\u00e7\u00e3o acad\u00eamica de acordo com o Projeto Pedag\u00f3gico do curso. Exclus\u00e3o por Jubila\u00e7\u00e3o: perda de v\u00ednculo acad\u00eamico com a UFMS por exceder o tempo m\u00e1ximo para integraliza\u00e7\u00e3o curricular previsto no Projeto Pedag\u00f3gico do Curso. Hora-Aula: per\u00edodo em que s\u00e3o desenvolvidos os conte\u00fados program\u00e1ticos de uma disciplina, promovendo a intera\u00e7\u00e3o entre o professor e o acad\u00eamico. Instrumentos de Avalia\u00e7\u00e3o: provas (escritas, pr\u00e1ticas ou orais), trabalhos te\u00f3ricos ou pr\u00e1ticos, relat\u00f3rios, semin\u00e1rios, debates, entre outros, conforme programa\u00e7\u00e3o no Plano de Ensino.", "qas": [{"question": "Ocorre uma intera\u00e7\u00e3o entre quem nas hora-aula?", "answer": {"text": "o professor e o acad\u00eamico", "answer_start": 435}, "prediction": "Disciplina Optativa"}, {"question": "Onde est\u00e1 calculado o tempo m\u00e1ximo para integraliza\u00e7\u00e3o curricular?", "answer": {"text": "Projeto Pedag\u00f3gico do Curso", "answer_start": 287}, "prediction": "no Projeto Pedag\u00f3gico do Curso"}, {"question": "Onde s\u00e3o desenvolvidos os conte\u00fados de uma disciplina?", "answer": {"text": "Hora-Aula", "answer_start": 316}, "prediction": "Projeto Pedag\u00f3gico do curso. Exclus\u00e3o por Jubila\u00e7\u00e3o: perda de v\u00ednculo acad\u00eamico com a UFMS por exceder o tempo m\u00e1ximo para integraliza\u00e7\u00e3o curricular previsto no Projeto Pedag\u00f3gico do Curso. Hora-Aula: per\u00edodo em que s\u00e3o desenvolvidos os conte\u00fados program\u00e1ticos de uma disciplina"}, {"question": "Quem \u00e9 exclu\u00eddo por jubila\u00e7\u00e3o perde o v\u00ednculo acad\u00eamico com quem?", "answer": {"text": "UFMS", "answer_start": 212}, "prediction": "Hora-Aula"}]}, {"context": "No regime did\u00e1tico semestral de matr\u00edcula em disciplinas, o ano letivo compreende os per\u00edodos regulares de atividades (o primeiro e o segundo semestres) e os per\u00edodos letivos especiais, oferecidos entre os per\u00edodos regulares. Os per\u00edodos regulares de um ano letivo, independentemente do ano civil, abrangem, no m\u00ednimo, duzentos dias de atividades acad\u00eamicas efetivas. O Calend\u00e1rio Acad\u00eamico que estabelece os prazos para a efetiva\u00e7\u00e3o das atividades acad\u00eamicas dos Cursos de Gradua\u00e7\u00e3o ser\u00e1 aprovado pelo Conselho de Ensino de Gradua\u00e7\u00e3o (Coeg), por proposta da Pr\u00f3-Reitoria de Ensino de Gradua\u00e7\u00e3o (Preg). No caso de interrup\u00e7\u00e3o das atividades acad\u00eamicas no \u00e2mbito do curso n\u00e3o prevista no Calend\u00e1rio Acad\u00eamico, dever\u00e1 ser elaborado pelo Colegiado de Curso plano de reposi\u00e7\u00e3o, prevendo o cumprimento integral da carga hor\u00e1ria de cada disciplina, e atendendo o disposto no art. 1o, deste Regulamento.", "qas": [{"question": "O ano letivo compreende quais per\u00edodos regulares de atividades?", "answer": {"text": "o primeiro e o segundo semestres", "answer_start": 119}, "prediction": "no m\u00ednimo, duzentos dias de atividades acad\u00eamicas efetivas"}, {"question": "O calend\u00e1rio acad\u00eamico \u00e9 aprovado por quem?", "answer": {"text": "Coeg", "answer_start": 536}, "prediction": "Conselho de Ensino de Gradua\u00e7\u00e3o"}, {"question": "Quando s\u00e3o oferecidos os per\u00edodos letivos especiais?", "answer": {"text": "entre os per\u00edodos regulares", "answer_start": 197}, "prediction": "entre os per\u00edodos regulares"}, {"question": "Quantos dias os per\u00edodos regulares de um ano letivo abrangem?", "answer": {"text": "duzentos", "answer_start": 319}, "prediction": "duzentos dias de atividades acad\u00eamicas efetivas"}, {"question": "Quem estabelece os prazos para a efetiva\u00e7\u00e3o das atividades acad\u00eamicas?", "answer": {"text": "Calend\u00e1rio Acad\u00eamico", "answer_start": 370}, "prediction": "os prazos para a efetiva\u00e7\u00e3o das atividades acad\u00eamicas dos Cursos de Gradua\u00e7\u00e3o"}]}, {"context": "O acad\u00eamico ter\u00e1 direito \u00e0 revis\u00e3o de suas avalia\u00e7\u00f5es acad\u00eamicas dirigindo-se ao professor, em primeira inst\u00e2ncia, por meio de requerimento protocolizado na Secretaria Acad\u00eamica da Unidade da Administra\u00e7\u00e3o Setorial em que o curso \u00e9 oferecido, no prazo de tr\u00eas dias \u00fateis ap\u00f3s a divulga\u00e7\u00e3o do resultado. O professor ter\u00e1 o prazo de dois dias \u00fateis para manifesta\u00e7\u00e3o escrita sobre o pedido. O acad\u00eamico dever\u00e1 apor seu ciente no documento de resposta, e receber uma c\u00f3pia deste. O acad\u00eamico poder\u00e1 interpor recurso quanto ao resultado da revis\u00e3o, no Colegiado de Curso, via Secretaria Acad\u00eamica, no prazo de cinco dias \u00fateis do seu ciente. O Colegiado de Curso dever\u00e1 constituir comiss\u00e3o, composta por tr\u00eas docentes, preferencialmente da \u00e1rea, sendo vedada a inclus\u00e3o do professor que corrigiu a avalia\u00e7\u00e3o acad\u00eamica em quest\u00e3o. A Comiss\u00e3o dever\u00e1 analisar o pedido do acad\u00eamico, consultar o professor, se necess\u00e1rio, e emitir parecer sobre o resultado da revis\u00e3o, num prazo m\u00e1ximo de quinze dias a partir da publica\u00e7\u00e3o da resolu\u00e7\u00e3o de constitui\u00e7\u00e3o da comiss\u00e3o, e encaminhar para aprova\u00e7\u00e3o do Colegiado de Curso. O professor da disciplina ser\u00e1 respons\u00e1vel pela altera\u00e7\u00e3o no Siscad, em caso de modifica\u00e7\u00e3o da nota resultante dos trabalhos da Comiss\u00e3o de Revis\u00e3o.", "qas": [{"question": "A quem o acad\u00eamico deve ir para revisar suas avalia\u00e7\u00f5es acad\u00eamicas?", "answer": {"text": "professor", "answer_start": 81}, "prediction": "dirigindo-se ao professor, em primeira inst\u00e2ncia, por meio de requerimento protocolizado na Secretaria Acad\u00eamica da Unidade da Administra\u00e7\u00e3o Setorial em que o curso \u00e9 oferecido, no prazo de tr\u00eas dias \u00fateis ap\u00f3s a divulga\u00e7\u00e3o do resultado. O professor ter\u00e1 o prazo de dois dias \u00fateis para manifesta\u00e7\u00e3o escrita sobre o pedido. O acad\u00eamico dever\u00e1 apor seu ciente no documento de resposta"}, {"question": "Por quantos docentes deve ser composta a comiss\u00e3o?", "answer": {"text": "tr\u00eas", "answer_start": 700}, "prediction": "tr\u00eas"}, {"question": "Qual o prazo para o acad\u00eamico requisitar revis\u00e3o da avalia\u00e7\u00e3o acad\u00eamica?", "answer": {"text": "no prazo de tr\u00eas dias \u00fateis ap\u00f3s a divulga\u00e7\u00e3o do resultado", "answer_start": 243}, "prediction": "tr\u00eas dias \u00fateis ap\u00f3s a divulga\u00e7\u00e3o do resultado"}, {"question": "Quem ser\u00e1 respons\u00e1vel por alterar a nota do aluno no Siscad?", "answer": {"text": "professor da disciplina", "answer_start": 1111}, "prediction": "O professor da disciplina ser\u00e1 respons\u00e1vel pela altera\u00e7\u00e3o no Siscad"}]}, {"context": "As tecnologias da informa\u00e7\u00e3o n\u00e3o incluem somente componentes de m\u00e1quina. Existem tecnologias intelectuais usadas para lidar com o ciclo da informa\u00e7\u00e3o, como t\u00e9cnicas de classifica\u00e7\u00e3o, por exemplo, que n\u00e3o requerem uso de m\u00e1quinas apenas em um esquema. Esse esquema pode, tamb\u00e9m, ser inclu\u00eddo em software que ser\u00e1 usado, mas isso n\u00e3o elimina o fato de que a t\u00e9cnica j\u00e1 existia independentemente do software. As tecnologias de classifica\u00e7\u00e3o e organiza\u00e7\u00e3o de informa\u00e7\u00f5es existem desde que as bibliotecas come\u00e7aram a ser formadas. Qualquer livro sobre organiza\u00e7\u00e3o de bibliotecas traz essas tecnologias.", "qas": [{"question": "Desde quando existem as tecnologias de classifica\u00e7\u00e3o e organiza\u00e7\u00e3o de informa\u00e7\u00f5es?", "answer": {"text": "desde que as bibliotecas come\u00e7aram a ser formadas", "answer_start": 475}, "prediction": "as bibliotecas come\u00e7aram a ser formadas"}, {"question": "O que as tecnologias da informa\u00e7\u00e3o incluem al\u00e9m dos componentes de m\u00e1quina?", "answer": {"text": "ciclo da informa\u00e7\u00e3o", "answer_start": 130}, "prediction": "componentes de m\u00e1quina"}, {"question": "Onde os esquemas podem ser inclu\u00eddos?", "answer": {"text": " pode, tamb\u00e9m, ser inclu\u00eddo em software que ser\u00e1 usado", "answer_start": 263}, "prediction": "software"}, {"question": "Qual um exemplo de tecnologias intelectuais usadas para lidar com o ciclo da informa\u00e7\u00e3o?", "answer": {"text": "t\u00e9cnicas de classifica\u00e7\u00e3o", "answer_start": 156}, "prediction": "Qualquer livro sobre organiza\u00e7\u00e3o de bibliotecas traz essas tecnologias"}]}, {"context": "Em uma defini\u00e7\u00e3o mais abrangente, a escola de escribas sum\u00e9rios Eduba, criada por volta de 3500 a.C, \u00e9 citada por muitos autores como a primeira universidade. Entretanto ensinava apenas a escrita cuneiforme sum\u00e9ria e matem\u00e1tica, mas foi um local de extrema import\u00e2ncia para o desenvolvimento da escrita. Por\u00e9m em uma vis\u00e3o mais pr\u00f3xima do conceito moderno, a Academia, fundada em 387 a.C. pelo fil\u00f3sofo grego Plat\u00e3o no bosque de Academos pr\u00f3ximo a Atenas, \u00e9 defendida por muitos como a primeira universidade. Nela os estudantes aprendiam filosofia, matem\u00e1tica e gin\u00e1stica. Embora pr\u00f3xima do conceito moderno, n\u00e3o constitu\u00eda realmente uma universidade, pois cada pensador fundava uma escola de pensamento para difundir seus conhecimentos, n\u00e3o para debat\u00ea-los.", "qas": [{"question": "O que Eduba ensinava?", "answer": {"text": "apenas a escrita cuneiforme sum\u00e9ria e matem\u00e1tica", "answer_start": 179}, "prediction": "os estudantes aprendiam filosofia, matem\u00e1tica e gin\u00e1stica"}, {"question": "Para que os pensadores fundavam escolas?", "answer": {"text": "para difundir seus conhecimentos", "answer_start": 704}, "prediction": "pois cada pensador fundava uma escola de pensamento para difundir seus conhecimentos"}, {"question": "Qual foi a primeira universidade?", "answer": {"text": "Eduba", "answer_start": 64}, "prediction": "os estudantes aprendiam filosofia, matem\u00e1tica e gin\u00e1stica"}, {"question": "Quando Eduba foi criada?", "answer": {"text": "por volta de 3500 a.C", "answer_start": 78}, "prediction": "por volta de 3500 a.C"}, {"question": "Quando foram fundadas as universidades mais pr\u00f3ximas do conceito moderno?", "answer": {"text": "387 a.C", "answer_start": 380}, "prediction": "por volta de 3500 a.C, \u00e9 citada por muitos autores como a primeira universidade. Entretanto ensinava apenas a escrita cuneiforme sum\u00e9ria e matem\u00e1tica, mas foi um local de extrema import\u00e2ncia para o desenvolvimento da escrita. Por\u00e9m em uma vis\u00e3o mais pr\u00f3xima do conceito moderno, a Academia, fundada em 387 a.C. pelo fil\u00f3sofo grego Plat\u00e3o no bosque de Academos pr\u00f3ximo a Atenas, \u00e9 defendida por muitos como a primeira universidade. Nela os estudantes aprendiam filosofia, matem\u00e1tica e gin\u00e1stica. Embora pr\u00f3xima do conceito moderno, n\u00e3o constitu\u00eda realmente uma universidade"}, {"question": "Quem fundou a academia?", "answer": {"text": "Plat\u00e3o", "answer_start": 409}, "prediction": "a Academia, fundada em 387 a.C. pelo fil\u00f3sofo grego Plat\u00e3o"}]}, {"context": "Sobretudo nos EUA, mas tamb\u00e9m em alguns outros pa\u00edses, existe o conceito de sistema universit\u00e1rio o qual constitui uma organiza\u00e7\u00e3o de c\u00fapula ou federa\u00e7\u00e3o que agrupa com conjunto de universidades e outras institui\u00e7\u00f5es de ensino superior, normalmente distribu\u00eddas geograficamente por v\u00e1rios locais. Normalmente, existe um \u00f3rg\u00e3o central de administra\u00e7\u00e3o coletiva do sistema, mas cada universidade constituinte do mesmo mant\u00e9m a sua pr\u00f3pria administra\u00e7\u00e3o particular, com maior ou menor autonomia em rela\u00e7\u00e3o ao \u00f3rg\u00e3o central. Os sistemas universit\u00e1rios tornaram-se bastante comuns nos EUA no p\u00f3s-Segunda Guerra Mundial, de modo que quase todos os seus estados disp\u00f5em de um ou mais destes sistemas, sob os quais se agrupam as suas universidades p\u00fablicas, partilhando um nome, uma administra\u00e7\u00e3o e alguns recursos comuns. Grande parte dos sistemas universit\u00e1rios s\u00e3o referidos como \"universidade\", sendo cada uma das universidades constituintes referida pelo nome do sistema, acrescido de uma designa\u00e7\u00e3o particular (ex.: a Universidade da Calif\u00f3rnia \u00e9 o sistema universit\u00e1rio p\u00fablico do Estado da Calif\u00f3rnia, que agrupa a Universidade da Calif\u00f3rnia, Los Angeles e a Universidade da Calif\u00f3rnia, Berkeley, entre outras.).", "qas": [{"question": "Como est\u00e3o distribu\u00eddas as universidades e outras institui\u00e7\u00f5es de ensino superior nos EUA?", "answer": {"text": "por v\u00e1rios locais", "answer_start": 278}, "prediction": "distribu\u00eddas geograficamente por v\u00e1rios locais. Normalmente, existe um \u00f3rg\u00e3o central de administra\u00e7\u00e3o coletiva do sistema, mas cada universidade constituinte do mesmo mant\u00e9m a sua pr\u00f3pria administra\u00e7\u00e3o particular, com maior ou menor autonomia em rela\u00e7\u00e3o ao \u00f3rg\u00e3o central. Os sistemas universit\u00e1rios tornaram-se bastante comuns nos EUA no p\u00f3s-Segunda Guerra Mundial, de modo que quase todos os seus estados disp\u00f5em de um ou mais destes sistemas, sob os quais se agrupam as suas universidades p\u00fablicas, partilhando um nome, uma administra\u00e7\u00e3o e alguns recursos comuns. Grande parte dos sistemas universit\u00e1rios s\u00e3o referidos como \"universidade\""}, {"question": "O que as universidades p\u00fablicas partilham em comum nos EUA?", "answer": {"text": "nome, uma administra\u00e7\u00e3o e alguns recursos comuns", "answer_start": 765}, "prediction": "Os sistemas universit\u00e1rios tornaram-se bastante comuns nos EUA no p\u00f3s-Segunda Guerra Mundial, de modo que quase todos os seus estados disp\u00f5em de um ou mais destes sistemas, sob os quais se agrupam as suas universidades p\u00fablicas, partilhando um nome, uma administra\u00e7\u00e3o e alguns recursos comuns. Grande parte dos sistemas universit\u00e1rios s\u00e3o referidos como \"universidade\""}, {"question": "Quando as universidades se tornaram bastante comuns nos EUA?", "answer": {"text": "no p\u00f3s-Segunda Guerra Mundial", "answer_start": 584}, "prediction": "no p\u00f3s-Segunda Guerra Mundial"}]}, {"context": "Um sistema universit\u00e1rio n\u00e3o deve ser confundido com uma universidade de m\u00faltiplos campi. Um sistema universit\u00e1rio cont\u00e9m v\u00e1rias universidades, enquanto que uma universidade de m\u00faltiplos campi \u00e9 uma \u00fanica universidade cujas instala\u00e7\u00f5es se encontram espalhadas por dois ou mais campi. Conforme a pol\u00edtica de imagem do sistemas universit\u00e1rios e das respectivas universidades constituintes, a associa\u00e7\u00e3o de uma universidade ao sistema pode ser mais ou menos enfatizada.", "qas": [{"question": "O que define a enfatiza\u00e7\u00e3o de uma universidade ao sistema?", "answer": {"text": "Conforme a pol\u00edtica de imagem do sistemas universit\u00e1rios e das respectivas universidades constituintes", "answer_start": 284}, "prediction": "a associa\u00e7\u00e3o de uma universidade ao sistema pode ser mais ou menos enfatizada"}, {"question": "O que \u00e9 uma universidade de m\u00faltiplos campi?", "answer": {"text": "\u00e9 uma \u00fanica universidade cujas instala\u00e7\u00f5es se encontram espalhadas por dois ou mais campi", "answer_start": 193}, "prediction": "Um sistema universit\u00e1rio cont\u00e9m v\u00e1rias universidades"}]}, {"context": "os cursos de bacharelado dever\u00e3o alterar seus projetos pedag\u00f3gicos de curso para atendimento aos dispositivos legais no ano civil anterior ao ano de participa\u00e7\u00e3o no enade no tri\u00eanio 2017-2019. as propostas de novos projetos pedag\u00f3gicos de curso dever\u00e3o ser submetidas \u00e0 aprecia\u00e7\u00e3o do conselho de ensino de gradua\u00e7\u00e3o at\u00e9 30 de setembro do ano previsto para sua elabora\u00e7\u00e3o. projetos pedag\u00f3gicos de curso entrar\u00e3o em vigor a partir do primeiro semestre letivo com entrada de novos alunos do ano seguinte ao de sua aprova\u00e7\u00e3o. outras altera\u00e7\u00f5es poder\u00e3o ser propostas ao projeto pedag\u00f3gico de curso nos per\u00edodos definidos nesta resolu\u00e7\u00e3o ou nos per\u00edodos definidos no calend\u00e1rio acad\u00eamico.", "qas": [{"question": "quem avaliar\u00e1 a proposta para projeto pedag\u00f3gico de curso?", "answer": {"text": "as propostas de novos projetos pedag\u00f3gicos de curso dever\u00e3o ser submetidas \u00e0 aprecia\u00e7\u00e3o do conselho de ensino de gradua\u00e7\u00e3o", "answer_start": 193}, "prediction": "os cursos de bacharelado dever\u00e3o alterar seus projetos pedag\u00f3gicos de curso para atendimento aos dispositivos legais no ano civil anterior ao ano de participa\u00e7\u00e3o no enade no tri\u00eanio 2017-2019. as propostas de novos projetos pedag\u00f3gicos de curso dever\u00e3o ser submetidas \u00e0 aprecia\u00e7\u00e3o do conselho de ensino de gradua\u00e7\u00e3o"}]}, {"context": "a apura\u00e7\u00e3o das faltas compete: as faltas suscet\u00edveis de advert\u00eancia e repreens\u00e3o ser\u00e3o apuradas pelo diretor do centro/c\u00e2mpus em que o aluno estiver matriculado e a seu crit\u00e9rio; as faltas suscet\u00edveis de suspens\u00e3o ou expuls\u00e3o, ser\u00e3o apuradas atrav\u00e9s de inqu\u00e9rito administrativo, precedido ou n\u00e3o de sindic\u00e2ncia. a apura\u00e7\u00e3o da falta ser\u00e1 iniciada a partir do momento em que haja documento, relatando os fatos e indicando o(s) discente(s) envolvido(s), para o que solicita provid\u00eancias junto \u00e0 autoridade competente. na impossibilidade da identifica\u00e7\u00e3o do(s) autor(es) das faltas cometidas, a v\u00edtima poder\u00e1 dirigir o seu pedido \u00e0 autoridade respons\u00e1vel pela \u00e1rea onde tenha ocorrido o fato.", "qas": [{"question": "quem \u00e9 respons\u00e1vel pela apura\u00e7\u00e3o de atitudes inadequadas de alunos e aplica\u00e7\u00e3o de medidas corretivas?", "answer": {"text": "a apura\u00e7\u00e3o das faltas compete: as faltas suscet\u00edveis de advert\u00eancia e repreens\u00e3o ser\u00e3o apuradas pelo diretor do centro/c\u00e2mpus em que o aluno estiver matriculado e a seu crit\u00e9rio", "answer_start": 0}, "prediction": "a apura\u00e7\u00e3o das faltas compete: as faltas suscet\u00edveis de advert\u00eancia e repreens\u00e3o ser\u00e3o apuradas pelo diretor do centro/c\u00e2mpus em que o aluno estiver matriculado e a seu crit\u00e9rio; as faltas suscet\u00edveis de suspens\u00e3o ou expuls\u00e3o, ser\u00e3o apuradas atrav\u00e9s de inqu\u00e9rito administrativo, precedido ou n\u00e3o de sindic\u00e2ncia. a apura\u00e7\u00e3o da falta ser\u00e1 iniciada a partir do momento em que haja documento, relatando os fatos e indicando o(s) discente(s) envolvido(s), para o que solicita provid\u00eancias junto \u00e0 autoridade competente. na impossibilidade da identifica\u00e7\u00e3o do(s) autor(es) das faltas cometidas, a v\u00edtima poder\u00e1 dirigir o seu pedido \u00e0 autoridade respons\u00e1vel pela \u00e1rea onde tenha ocorrido o fato"}]}, {"context": "o inqu\u00e9rito administrativo, instaurado pelo reitor, destina-se a apura\u00e7\u00e3o de falta grave, cometida por discente. compete ao reitor designar comiss\u00e3o, com pelo menos tr\u00eas membros, que ser\u00e1 respons\u00e1vel pela realiza\u00e7\u00e3o do inqu\u00e9rito administrativo, com prazo m\u00e1ximo de trinta dias para seu t\u00e9rmino, pass\u00edvel de prorroga\u00e7\u00e3o por dez dias. \u00e0 comiss\u00e3o compete proceder as dilig\u00eancias que julgar conveniente, ouvindo, se necess\u00e1rio, a opini\u00e3o de t\u00e9cnicos e peritos. iniciado o inqu\u00e9rito, o indiciado ser\u00e1 notificado, por escrito, para prestar depoimento pessoal quanto as acusa\u00e7\u00f5es que lhe foram imputadas, devendo ser ouvidas, na mesma oportunidade e independentemente de notifica\u00e7\u00e3o, as testemunhas do indiciado, em n\u00famero m\u00e1ximo de tr\u00eas. caso o indiciado se encontre em lugar incerto e n\u00e3o sabido, a notifica\u00e7\u00e3o ser\u00e1 feita atrav\u00e9s de edital ou aviso publicado no di\u00e1rio oficial do estado. o n\u00e3o atendimento \u00e0 notifica\u00e7\u00e3o acarretar\u00e1 a revelia do indiciado e o prosseguimento dos trabalhos da comiss\u00e3o. o acusado revel ter\u00e1 um defensor \"ex-of\u00edcio\", designado pelo diret\u00f3rio central dos estudantes - dce e na omiss\u00e3o deste, pelo reitor. conclu\u00eddas as dilig\u00eancias do inqu\u00e9rito administrativo, ser\u00e1 o indiciado notificado para, pessoalmente ou por meio de representante legal, dentro do prazo de cinco dias \u00fateis, apresentar suas provas e oferecer a defesa. conclu\u00eddo o inqu\u00e9rito administrativo, a comiss\u00e3o enviar\u00e1 o relat\u00f3rio ao reitor justificando a proposta de absolvi\u00e7\u00e3o ou puni\u00e7\u00e3o, sugerindo, neste caso, a pena que entender cab\u00edvel. o reitor, no prazo de dez dias, proferir\u00e1 a decis\u00e3o ou baixar\u00e1 o relat\u00f3rio em dilig\u00eancia. o indiciado em inqu\u00e9rito administrativo, conforme o caso e a crit\u00e9rio da comiss\u00e3o, poder\u00e1 ser afastado de suas atividades durante a realiza\u00e7\u00e3o dos trabalhos.", "qas": [{"question": "o que compete ao reitor?", "answer": {"text": "compete ao reitor designar comiss\u00e3o", "answer_start": 113}, "prediction": "o inqu\u00e9rito administrativo, instaurado pelo reitor, destina-se a apura\u00e7\u00e3o de falta grave"}]}]}