{"data": [{"context": "Apesar de sua pequena hist\u00f3ria enquanto uma disciplina acad\u00eamica, a Ci\u00eancia da Computa\u00e7\u00e3o deu origem a diversas contribui\u00e7\u00f5es fundamentais para a ci\u00eancia e para a sociedade. Esta ci\u00eancia foi respons\u00e1vel pela defini\u00e7\u00e3o formal de computa\u00e7\u00e3o e computabilidade, e pela prova da exist\u00eancia de problemas insol\u00faveis ou intrat\u00e1veis computacionalmente. Tamb\u00e9m foi poss\u00edvel a constru\u00e7\u00e3o e formaliza\u00e7\u00e3o do conceito de linguagem de computador, sobretudo linguagem de programa\u00e7\u00e3o, uma ferramenta para a express\u00e3o precisa de informa\u00e7\u00e3o metodol\u00f3gica flex\u00edvel o suficiente para ser representada em diversos n\u00edveis de abstra\u00e7\u00e3o. Para outros campos cient\u00edficos e para a sociedade de forma geral, a Ci\u00eancia da Computa\u00e7\u00e3o forneceu suporte para a Revolu\u00e7\u00e3o Digital, dando origem a Era da Informa\u00e7\u00e3o. A computa\u00e7\u00e3o cient\u00edfica \u00e9 uma \u00e1rea da computa\u00e7\u00e3o que permite o avan\u00e7o de estudos como o mapeamento do genoma humano.", "qas": [{"question": "Ao que a ci\u00eancia da computa\u00e7\u00e3o contribuiu?", "answer": {"text": "a Ci\u00eancia da Computa\u00e7\u00e3o deu origem a diversas contribui\u00e7\u00f5es fundamentais para a ci\u00eancia e para a sociedade", "answer_start": 66}, "prediction": "permite o avan\u00e7o de estudos como o mapeamento do genoma humano"}, {"question": "O que originou a era da informa\u00e7\u00e3o?", "answer": {"text": "Revolu\u00e7\u00e3o Digital", "answer_start": 726}, "prediction": "Revolu\u00e7\u00e3o Digital"}, {"question": "O que \u00e9 linguagem de programa\u00e7\u00e3o?", "answer": {"text": "uma ferramenta para a express\u00e3o precisa de informa\u00e7\u00e3o metodol\u00f3gica", "answer_start": 468}, "prediction": "linguagem de programa\u00e7\u00e3o"}, {"question": "Quem deu suporte \u00e0 revolu\u00e7\u00e3o digital?", "answer": {"text": "a Ci\u00eancia da Computa\u00e7\u00e3o", "answer_start": 678}, "prediction": "Revolu\u00e7\u00e3o Digital"}]}, {"context": "Instru\u00e7\u00f5es s\u00e3o representadas no computador como n\u00fameros - o c\u00f3digo para \"copiar\" poderia ser 007, por exemplo. O conjunto particular de instru\u00e7\u00f5es que um computador possui \u00e9 conhecido como a linguagem de m\u00e1quina do computador. Na pr\u00e1tica, as pessoas n\u00e3o escrevem instru\u00e7\u00f5es diretamente na linguagem de m\u00e1quina mas em uma linguagem de programa\u00e7\u00e3o, que \u00e9 posteriormente traduzida na linguagem de m\u00e1quina atrav\u00e9s de programas especiais, como interpretadores e compiladores. Algumas linguagens de programa\u00e7\u00e3o se aproximam bastante da linguagem de m\u00e1quina, como o assembly (linguagem de baixo n\u00edvel); por outro lado linguagens como o Prolog s\u00e3o baseadas em princ\u00edpios abstratos e se distanciam bastante dos detalhes da opera\u00e7\u00e3o da m\u00e1quina (linguagens de alto n\u00edvel). A execu\u00e7\u00e3o das instru\u00e7\u00f5es \u00e9 tal como ler um livro. Apesar da pessoa normalmente ler cada palavra e linha em sequ\u00eancia, \u00e9 poss\u00edvel que algumas vezes ela volte para pontos anteriores do texto de interesse ou passe sess\u00f5es n\u00e3o interessantes. Da mesma forma, um computador que segue a arquitetura de von Neumann executa cada instru\u00e7\u00e3o de forma sequencial, da maneira como foram armazenadas na mem\u00f3ria. Mas, atrav\u00e9s de instru\u00e7\u00f5es especiais, o computador pode repetir instru\u00e7\u00f5es ou avan\u00e7\u00e1-las at\u00e9 que alguma condi\u00e7\u00e3o seja satisfeita. Isso \u00e9 chamado controle do fluxo e \u00e9 o que permite que o computador realize tarefas repetitivamente sem interven\u00e7\u00e3o humana.", "qas": [{"question": "Como a linguagem de programa\u00e7\u00e3o \u00e9 traduzida para a linguagem de m\u00e1quina?", "answer": {"text": "atrav\u00e9s de programas especiais", "answer_start": 402}, "prediction": "linguagem de m\u00e1quina do computador"}, {"question": "Como s\u00e3o representadas as instru\u00e7\u00f5es no computador?", "answer": {"text": "como n\u00fameros", "answer_start": 43}, "prediction": "computador como n\u00fameros"}, {"question": "Em que o prolog \u00e9 baseado?", "answer": {"text": "princ\u00edpios abstratos", "answer_start": 652}, "prediction": "linguagem de m\u00e1quina do computador"}, {"question": "O que \u00e9 linguagem de m\u00e1quina?", "answer": {"text": "O conjunto particular de instru\u00e7\u00f5es que um computador possui", "answer_start": 111}, "prediction": "linguagem de m\u00e1quina do computador"}, {"question": "Qual linguagem de programa\u00e7\u00e3o \u00e9 parecida com a linguagem de m\u00e1quina?", "answer": {"text": "assembly", "answer_start": 559}, "prediction": "linguagem de m\u00e1quina do computador"}]}, {"context": "Mesmo que a tecnologia utilizada nos computadores digitais tenha mudado dramaticamente desde os primeiros computadores da d\u00e9cada de 1940, quase todos os computadores atuais ainda utilizam a arquitetura de von Neumann proposta por John von Neumann. Seguindo a arquitetura, os computadores possuem quatro se\u00e7\u00f5es principais, a unidade l\u00f3gica e aritm\u00e9tica, a unidade de controle, a mem\u00f3ria e os dispositivos de entrada e sa\u00edda. Essas partes s\u00e3o interconectadas por barramentos. A unidade l\u00f3gica e aritm\u00e9tica, a unidade de controle, os registradores e a parte b\u00e1sica de entrada e sa\u00edda s\u00e3o conhecidos como a CPU. Alguns computadores maiores diferem do modelo acima em um aspecto principal - eles t\u00eam m\u00faltiplas CPUs trabalhando simultaneamente. Adicionalmente, poucos computadores, utilizados principalmente para pesquisa e computa\u00e7\u00e3o cient\u00edfica, t\u00eam diferen\u00e7as significativas do modelo acima, mas eles n\u00e3o tem grande aplica\u00e7\u00e3o comercial.", "qas": [{"question": "De quando eram os primeiros computadores?", "answer": {"text": "1940", "answer_start": 132}, "prediction": "1940"}, {"question": "O que interconecta os setores do computador?", "answer": {"text": "Essas partes s\u00e3o interconectadas por barramentos", "answer_start": 424}, "prediction": "os computadores possuem quatro se\u00e7\u00f5es principais, a unidade l\u00f3gica e aritm\u00e9tica, a unidade de controle, a mem\u00f3ria e os dispositivos de entrada e sa\u00edda. Essas partes s\u00e3o interconectadas por barramentos. A unidade l\u00f3gica e aritm\u00e9tica, a unidade de controle, os registradores e a parte b\u00e1sica de entrada e sa\u00edda s\u00e3o conhecidos como a CPU"}, {"question": "Por quem foi proposta a arquitetura de von Neumann?", "answer": {"text": "John von Neumann", "answer_start": 230}, "prediction": "John von Neumann. Seguindo a arquitetura, os computadores possuem quatro se\u00e7\u00f5es principais, a unidade l\u00f3gica e aritm\u00e9tica, a unidade de controle, a mem\u00f3ria e os dispositivos de entrada e sa\u00edda. Essas partes s\u00e3o interconectadas por barramentos. A unidade l\u00f3gica e aritm\u00e9tica, a unidade de controle, os registradores e a parte b\u00e1sica de entrada e sa\u00edda s\u00e3o conhecidos como a CPU. Alguns computadores maiores diferem do modelo acima em um aspecto principal - eles t\u00eam m\u00faltiplas CPUs trabalhando simultaneamente. Adicionalmente, poucos computadores, utilizados principalmente para pesquisa e computa\u00e7\u00e3o cient\u00edfica"}, {"question": "Quais s\u00e3o os componentes da CPU?", "answer": {"text": "A unidade l\u00f3gica e aritm\u00e9tica, a unidade de controle, os registradores e a parte b\u00e1sica de entrada e sa\u00edda", "answer_start": 474}, "prediction": "quatro se\u00e7\u00f5es principais, a unidade l\u00f3gica e aritm\u00e9tica, a unidade de controle, a mem\u00f3ria e os dispositivos de entrada e sa\u00edda"}, {"question": "Quais s\u00e3o os principais setores do computador?", "answer": {"text": " Seguindo a arquitetura, os computadores possuem quatro se\u00e7\u00f5es principais, a unidade l\u00f3gica e aritm\u00e9tica, a unidade de controle, a mem\u00f3ria e os dispositivos de entrada e sa\u00edd", "answer_start": 247}, "prediction": "quatro se\u00e7\u00f5es principais, a unidade l\u00f3gica e aritm\u00e9tica, a unidade de controle, a mem\u00f3ria e os dispositivos de entrada e sa\u00edda"}, {"question": "Quantas sess\u00f5es principais o computador possui?", "answer": {"text": "quatro", "answer_start": 296}, "prediction": "quatro se\u00e7\u00f5es principais, a unidade l\u00f3gica e aritm\u00e9tica, a unidade de controle, a mem\u00f3ria e os dispositivos de entrada e sa\u00edda. Essas partes s\u00e3o interconectadas por barramentos. A unidade l\u00f3gica e aritm\u00e9tica, a unidade de controle, os registradores e a parte b\u00e1sica de entrada e sa\u00edda s\u00e3o conhecidos como a CPU. Alguns computadores maiores diferem do modelo acima em um aspecto principal - eles t\u00eam m\u00faltiplas CPUs trabalhando simultaneamente"}]}, {"context": "Atualmente existe um destaque todo especial para a Engenharia de Software na Web. Tamb\u00e9m utilizado por Presmann a sigla WebE, \u00e9 o processo usado para criar WebApps (aplica\u00e7\u00f5es baseadas na Web) de alta qualidade. Embora os princ\u00edpios b\u00e1sicos da WebE sejam muito pr\u00f3ximos da Engenharia de Software cl\u00e1ssica, existem peculiaridades espec\u00edficas e pr\u00f3prias. Com o advento do B2B (e-business) e do B2C (e-commerce), e ainda mais com aplica\u00e7\u00f5es para a Web 2.0, maior import\u00e2ncia ficou sendo esse tipo de engenharia. Normalmente adotam no desenvolvimento a arquitetura MVC (Model-View-Controller).", "qas": [{"question": "O que s\u00e3o WebApps?", "answer": {"text": "aplica\u00e7\u00f5es baseadas na Web", "answer_start": 165}, "prediction": "Model-View-Controller)"}, {"question": "O que \u00e9 MVC?", "answer": {"text": "Model-View-Controller", "answer_start": 566}, "prediction": "Model-View-Controller)"}, {"question": "Onde existe um destaque para a engenharia de software?", "answer": {"text": "Web", "answer_start": 77}, "prediction": "Model-View-Controller)"}, {"question": "Qual a arquitetura geralmente adotada no desenvolvimento de WebApps?", "answer": {"text": "MVC", "answer_start": 561}, "prediction": "Model-View-Controller)"}, {"question": "Qual \u00e9 o processo utilizado para criar WebApps?", "answer": {"text": "WebE", "answer_start": 120}, "prediction": "Model-View-Controller)"}, {"question": "Quem tamb\u00e9m utiliza a sigla WebE?", "answer": {"text": "Presmann", "answer_start": 103}, "prediction": "Model-View-Controller)"}]}, {"context": "Outra \u00e1rea de tend\u00eancia em Engenharia de Software trata da aplica\u00e7\u00e3o de t\u00e9cnicas de otimiza\u00e7\u00e3o matem\u00e1tica para a resolu\u00e7\u00e3o de diversos problemas da \u00e1rea. A \u00e1rea, denominada Search-based software engineering, ou Otimiza\u00e7\u00e3o em engenharia de software em Portugu\u00eas, apresenta v\u00e1rios resultados interessantes. Para mais detalhes em Portugu\u00eas, ver texto com aplica\u00e7\u00f5es da otimiza\u00e7\u00e3o em engenharia de software. O Brasil atualmente conta com diversos cursos de n\u00edvel superior em Engenharia de Software nas seguintes institui\u00e7\u00f5es reconhecidas pelo MEC: UnB, UFRN, Universidade do Estado de Santa Catarina, Universidade Federal do Cear\u00e1, Universidade Federal de Goi\u00e1s, Universidade de Rio Verde, Unipampa, UniCesumar, UTFPR e PUCRS. Eventos acad\u00eamicos tamb\u00e9m mostram t\u00f3picos interessantes sobre futuras tend\u00eancias de engenharia de software. O Brasil em 2013 sedia grandes eventos de engenharia como a Confer\u00eancia Internacional de Engenharia de Requisitos e a Escola Latino Americana de Engenharia de Software.", "qas": [{"question": "Como \u00e9 denominada a \u00e1rea de otimiza\u00e7\u00e3o matem\u00e1tica na engenharia de software?", "answer": {"text": "Otimiza\u00e7\u00e3o em engenharia de software", "answer_start": 211}, "prediction": "otimiza\u00e7\u00e3o em engenharia de software"}, {"question": "Onde foi sediada a confer\u00eancia internacional de engenharia de requisitos em 2013?", "answer": {"text": "Brasil", "answer_start": 833}, "prediction": "UnB, UFRN, Universidade do Estado de Santa Catarina, Universidade Federal do Cear\u00e1, Universidade Federal de Goi\u00e1s, Universidade de Rio Verde, Unipampa, UniCesumar, UTFPR e PUCRS. Eventos acad\u00eamicos tamb\u00e9m mostram t\u00f3picos interessantes sobre futuras tend\u00eancias de engenharia de software. O Brasil em 2013 sedia grandes eventos de engenharia como a Confer\u00eancia Internacional de Engenharia de Requisitos e a Escola Latino Americana de Engenharia de Software"}, {"question": "Para que a engenharia de software aplica t\u00e9cnicas de otimiza\u00e7\u00e3o matem\u00e1tica?", "answer": {"text": "para a resolu\u00e7\u00e3o de diversos problemas da \u00e1rea", "answer_start": 106}, "prediction": "para a resolu\u00e7\u00e3o de diversos problemas da \u00e1rea"}]}, {"context": "A solicita\u00e7\u00e3o do Regime de Exerc\u00edcios Domiciliares deve ser protocolizada imediatamente \u00e0 constata\u00e7\u00e3o do fato, ficando sem efeito a solicita\u00e7\u00e3o com valor retroativo, por descaracterizar a finalidade do regime. Contar-se-\u00e1, portanto, o prazo de in\u00edcio do regime de exerc\u00edcios domiciliares pela data de protocolo do requerimento e o prazo final pela data constante no laudo m\u00e9dico. O deferimento do pedido de regime de exerc\u00edcios domiciliares caber\u00e1 ao Coordenador de Curso ou equivalente, tendo como fundamento o laudo m\u00e9dico apresentado. Havendo d\u00favidas quanto ao enquadramento do laudo m\u00e9dico no regime de exerc\u00edcios domiciliares, o Coordenador de Curso ou equivalente dever\u00e1 consultar a Junta M\u00e9dica Oficial da UFMS. Enquanto a Junta M\u00e9dica Oficial analisa os documentos m\u00e9dicos apresentados, o acad\u00eamico dever\u00e1 ser atendido pelo regime de exerc\u00edcios domiciliares, at\u00e9 que se confirme a necessidade ou n\u00e3o do afastamento. O Coordenador de Curso ou equivalente dever\u00e1 informar imediatamente aos professores a rela\u00e7\u00e3o dos acad\u00eamicos que estiverem em regime de exerc\u00edcios domiciliares.", "qas": [{"question": "Ao que deve ser protocolizada a solicita\u00e7\u00e3o do regime de exerc\u00edcios domiciliares?", "answer": {"text": "A solicita\u00e7\u00e3o do Regime de Exerc\u00edcios Domiciliares deve ser protocolizada imediatamente \u00e0 constata\u00e7\u00e3o do fato", "answer_start": 90}, "prediction": "deve ser protocolizada imediatamente \u00e0 constata\u00e7\u00e3o do fato"}, {"question": "Qual o fundamento do pedido de regime de exerc\u00edcios domiciliares?", "answer": {"text": "laudo m\u00e9dico apresentado", "answer_start": 512}, "prediction": "laudo m\u00e9dico"}, {"question": "Quem defere o pedido de regime de exerc\u00edcios domiciliares?", "answer": {"text": "Coordenador de Curso", "answer_start": 451}, "prediction": "Coordenador de Curso ou equivalente"}, {"question": "Quem deve ser consultado em caso de d\u00favidas quanto ao enquadramento do laudo m\u00e9dico?", "answer": {"text": "Junta M\u00e9dica Oficial da UFMS", "answer_start": 689}, "prediction": "Coordenador de Curso ou equivalente"}, {"question": "Quem dever\u00e1 informar aos professores a rela\u00e7\u00e3o dos acad\u00eamicos que estiverem em regime de exerc\u00edcios domiciliares?", "answer": {"text": "Coordenador de Curso", "answer_start": 926}, "prediction": "Coordenador de Curso ou equivalente"}]}, {"context": "Os portadores de afec\u00e7\u00f5es cong\u00eanitas ou adquiridas, infec\u00e7\u00f5es, traumatismos ou outras condi\u00e7\u00f5es m\u00f3rbidas que apresentem dist\u00farbios agudos ou agudizados, caracterizados por incapacidade f\u00edsica relativa, incompat\u00edvel com a frequ\u00eancia \u00e0s aulas, se verificada a conserva\u00e7\u00e3o das condi\u00e7\u00f5es intelectuais e emocionais necess\u00e1rias para o prosseguimento da atividade escolar, ficar\u00e3o assistidos pelo regime de exerc\u00edcios domiciliares. O acad\u00eamico dever\u00e1 entregar requerimento na Secretaria Acad\u00eamica, dirigido ao Coordenador de Curso ou equivalente, solicitando o regime de exerc\u00edcios domiciliares,anexando o laudo m\u00e9dico contendo: a Classifica\u00e7\u00e3o Internacional de Doen\u00e7as, o tempo de afastamento, a terap\u00eautica institu\u00edda para o tratamento e a assinatura, data e CRM do m\u00e9dico. A Secretaria Acad\u00eamica dever\u00e1 formalizar processo e encaminh\u00e1-lo \u00e0 Coordena\u00e7\u00e3o de Curso ou equivalente. Somente ser\u00e1 concedido o regime de exerc\u00edcios domiciliares nos afastamentos superiores a sete dias consecutivos.", "qas": [{"question": "O que assistir\u00e1 os portadores de traumatismos?", "answer": {"text": "regime de exerc\u00edcios domiciliares", "answer_start": 390}, "prediction": "laudo m\u00e9dico contendo: a Classifica\u00e7\u00e3o Internacional de Doen\u00e7as, o tempo de afastamento, a terap\u00eautica institu\u00edda para o tratamento e a assinatura, data e CRM do m\u00e9dico"}, {"question": "Onde deve ser entregue o requerimento para comprova\u00e7\u00e3o de afec\u00e7\u00f5es?", "answer": {"text": "O acad\u00eamico dever\u00e1 entregar requerimento na Secretaria Acad\u00eamica", "answer_start": 425}, "prediction": "Secretaria Acad\u00eamica"}]}, {"context": "A Funda\u00e7\u00e3o de Apoio \u00e0 Pesquisa do Distrito Federal (FAPDF) \u00e9 uma entidade com personalidade jur\u00eddica de direito privado, sob a forma de funda\u00e7\u00e3o p\u00fablica e tem por finalidade estimular, apoiar e promover o desenvolvimento cient\u00edfico, tecnol\u00f3gico e de inova\u00e7\u00e3o do Distrito Federal, visando o bem-estar da popula\u00e7\u00e3o, defesa do meio ambiente e progresso da ci\u00eancia e tecnologia.", "qas": [{"question": "O que a FAPDF visa?", "answer": {"text": "o bem-estar da popula\u00e7\u00e3o, defesa do meio ambiente e progresso da ci\u00eancia e tecnologia", "answer_start": 288}, "prediction": "estimular, apoiar e promover o desenvolvimento cient\u00edfico, tecnol\u00f3gico e de inova\u00e7\u00e3o do Distrito Federal"}, {"question": "O que \u00e9 a FAPDF?", "answer": {"text": "Funda\u00e7\u00e3o de Apoio \u00e0 Pesquisa do Distrito Federal", "answer_start": 2}, "prediction": "uma entidade com personalidade jur\u00eddica de direito privado, sob a forma de funda\u00e7\u00e3o p\u00fablica e tem por finalidade estimular, apoiar e promover o desenvolvimento cient\u00edfico, tecnol\u00f3gico e de inova\u00e7\u00e3o do Distrito Federal"}, {"question": "Qual a finalidade da FAPDF?", "answer": {"text": " estimular, apoiar e promover o desenvolvimento cient\u00edfico, tecnol\u00f3gico e de inova\u00e7\u00e3o do Distrito Federal", "answer_start": 173}, "prediction": "uma entidade com personalidade jur\u00eddica de direito privado, sob a forma de funda\u00e7\u00e3o p\u00fablica e tem por finalidade estimular, apoiar e promover o desenvolvimento cient\u00edfico, tecnol\u00f3gico e de inova\u00e7\u00e3o do Distrito Federal"}]}, {"context": "A import\u00e2ncia da Funda\u00e7\u00e3o para o Distrito Federal pode ser percebida logo em seu primeiro ano de exist\u00eancia. O n\u00famero de 386 projetos de pesquisa apresentados no primeiro edital da institui\u00e7\u00e3o, publicado no Di\u00e1rio Oficial do Distrito Federal do dia 28 de dezembro de 1993, surpreendeu a todos, inclusive ao primeiro presidente da institui\u00e7\u00e3o, o engenheiro Newton de Castro. \u201cO esfor\u00e7o do Dr. Newton de Castro em divulgar o edital resultou na apresenta\u00e7\u00e3o de 386 projetos, dos quais 200 foram aprovados\u201d, lembrou Roque de Barros Laraia, primeiro diretor t\u00e9cnico cient\u00edfico da Funda\u00e7\u00e3o, em artigo publicado em material de divulga\u00e7\u00e3o da institui\u00e7\u00e3o.", "qas": [{"question": "Onde foi publicado o artigo do primeiro diretor t\u00e9cnico cient\u00edfico da funda\u00e7\u00e3o?", "answer": {"text": "material de divulga\u00e7\u00e3o da institui\u00e7\u00e3o", "answer_start": 608}, "prediction": "Funda\u00e7\u00e3o"}, {"question": "Quando foi publicado o primeiro edital da FAPDF?", "answer": {"text": "28 de dezembro de 1993", "answer_start": 249}, "prediction": "Funda\u00e7\u00e3o, em artigo publicado em material de divulga\u00e7\u00e3o da institui\u00e7\u00e3o"}, {"question": "Quantos projetos foram apresentados no primeiro edital da FAPDF?", "answer": {"text": "386", "answer_start": 121}, "prediction": "386"}, {"question": "Quem foi o primeiro presidente da institui\u00e7\u00e3o?", "answer": {"text": "Newton de Castro", "answer_start": 356}, "prediction": "presidente da institui\u00e7\u00e3o, o engenheiro Newton de Castro"}]}, {"context": "Em 15 de janeiro de 1998, a Lei de cria\u00e7\u00e3o da Funda\u00e7\u00e3o foi alterada pela Lei n\u00ba 1.862. O Instituto de Ci\u00eancia e Tecnologia do Distrito Federal (ICT/DF) foi incorporado \u00e0 FAPDF por meio do Decreto n\u00ba 21.527, de 23 de agosto de 2000. Em 09 de agosto de 2005, sob a necessidade de reestrutura\u00e7\u00e3o organizacional, a Lei de cria\u00e7\u00e3o da FAPDF foi alterada novamente pela Lei n\u00ba 3.652 de 09 de agosto de 2005.", "qas": [{"question": "Qual foi a necessidade que fez a lei da cria\u00e7\u00e3o da FAPDF ser alterada pela lei n\u00ba 3.652?", "answer": {"text": "a necessidade de reestrutura\u00e7\u00e3o organizacional", "answer_start": 261}, "prediction": "Lei n\u00ba 1.862"}, {"question": "Qual lei alterou a lei da cria\u00e7\u00e3o da funda\u00e7\u00e3o?", "answer": {"text": "Lei n\u00ba 1.862", "answer_start": 73}, "prediction": "Lei n\u00ba 1.862"}]}, {"context": "A \u00e1rea de Ci\u00eancia da Computa\u00e7\u00e3o na UFMS teve seu ponto de partida em 1987, com a implanta\u00e7\u00e3o do Curso de Bacharelado em Ci\u00eancia da Computa\u00e7\u00e3o, no ent\u00e3o Departamento de Matem\u00e1tica da UFMS. Os pioneiros dessa implanta\u00e7\u00e3o foram os Professores Edson Norberto C\u00e1ceres e Sergio Roberto de Freitas. Com a implanta\u00e7\u00e3o do curso, mais professores da \u00e1rea foram contratados e, com o crescimento do grupo, o Departamento de Computa\u00e7\u00e3o e Estat\u00edstica (DCT) da Universidade Federal de Mato Grosso do Sul (UFMS) foi criado no m\u00eas de outubro do ano 1992, como resultado de uma subdivis\u00e3o do ent\u00e3o Departamento de Matem\u00e1tica da UFMS.", "qas": [{"question": "O que foi criado com a subdivis\u00e3o do Departamento de Matem\u00e1tica da UFMS?", "answer": {"text": "DCT", "answer_start": 438}, "prediction": "Departamento de Matem\u00e1tica da UFMS"}, {"question": "O que ocorreu com a implanta\u00e7\u00e3o do curso?", "answer": {"text": "Com a implanta\u00e7\u00e3o do curso, mais professores da \u00e1rea foram contratados", "answer_start": 292}, "prediction": "1987, com a implanta\u00e7\u00e3o do Curso de Bacharelado em Ci\u00eancia da Computa\u00e7\u00e3o, no ent\u00e3o Departamento de Matem\u00e1tica da UFMS. Os pioneiros dessa implanta\u00e7\u00e3o foram os Professores Edson Norberto C\u00e1ceres e Sergio Roberto de Freitas. Com a implanta\u00e7\u00e3o do curso, mais professores da \u00e1rea foram contratados e, com o crescimento do grupo, o Departamento de Computa\u00e7\u00e3o e Estat\u00edstica (DCT) da Universidade Federal de Mato Grosso do Sul (UFMS) foi criado no m\u00eas de outubro do ano 1992, como resultado de uma subdivis\u00e3o do ent\u00e3o Departamento de Matem\u00e1tica da UFMS"}, {"question": "Quando foi implantado o curso de Ci\u00eancia da Computa\u00e7\u00e3o na UFMS?", "answer": {"text": "1987", "answer_start": 69}, "prediction": "1987"}, {"question": "Quando o DCT da UFMS foi criado?", "answer": {"text": "no m\u00eas de outubro do ano 1992", "answer_start": 507}, "prediction": "1987, com a implanta\u00e7\u00e3o do Curso de Bacharelado em Ci\u00eancia da Computa\u00e7\u00e3o, no ent\u00e3o Departamento de Matem\u00e1tica da UFMS. Os pioneiros dessa implanta\u00e7\u00e3o foram os Professores Edson Norberto C\u00e1ceres e Sergio Roberto de Freitas. Com a implanta\u00e7\u00e3o do curso, mais professores da \u00e1rea foram contratados e, com o crescimento do grupo, o Departamento de Computa\u00e7\u00e3o e Estat\u00edstica (DCT) da Universidade Federal de Mato Grosso do Sul (UFMS) foi criado no m\u00eas de outubro do ano 1992"}, {"question": "Quem foram os pioneiros da ci\u00eancia da computa\u00e7\u00e3o na UFMS?", "answer": {"text": "Edson Norberto C\u00e1ceres e Sergio Roberto de Freitas", "answer_start": 240}, "prediction": "Professores Edson Norberto C\u00e1ceres e Sergio Roberto de Freitas"}]}, {"context": "As inscri\u00e7\u00f5es das disciplinas ser\u00e3o realizadas somente on-line no Sistema de Informa\u00e7\u00e3o de Projetos da UFMS (SIGProj), http://sigproj.ufms.br, entre os dias 16/07/2018 e 20/07/2018, conforme este Edital. Para inscrever-se neste Edital, o docente dever\u00e1 anexar, no SIGProj, o Formul\u00e1rio de Requerimento de Inscri\u00e7\u00e3o de Disciplina, devidamente preenchido e assinado, conforme Anexo II deste Edital. \u00c9 de responsabilidade do docente, anexar o documento exigido no item 6.2 deste Edital.", "qas": [{"question": "O que deve ser anexado no SigProj?", "answer": {"text": "Formul\u00e1rio de Requerimento de Inscri\u00e7\u00e3o de Disciplina", "answer_start": 275}, "prediction": "Formul\u00e1rio de Requerimento de Inscri\u00e7\u00e3o de Disciplina"}, {"question": "Onde \u00e9 feito a inscri\u00e7\u00e3o das disciplinas?", "answer": {"text": "As inscri\u00e7\u00f5es das disciplinas ser\u00e3o realizadas somente on-line no Sistema de Informa\u00e7\u00e3o de Projetos da UFMS (SIGProj)", "answer_start": 66}, "prediction": "Sistema de Informa\u00e7\u00e3o de Projetos da UFMS (SIGProj)"}, {"question": "Qual \u00e9 a responsabilidade do docente?", "answer": {"text": "anexar o documento exigido no item 6.2", "answer_start": 431}, "prediction": "anexar o documento exigido no item 6.2 deste Edital"}]}, {"context": "Segundo o dicion\u00e1rio Aur\u00e9lio, a monografia \u00e9 o estudo minucioso a fim de esgotar determinado tema relativamente restrito. Outra defini\u00e7\u00e3o, a partir do exposto por Umberto Eco, por exemplo, em como se faz uma monografia se refere a textos de trinta a duzentas p\u00e1ginas redigidos durante uma disciplina ou curso por uma ou v\u00e1rias pessoas, sobre um tema referido aos estudos nos quais deve se aprofundar. De acordo com seus prop\u00f3sitos, a monografia \u00e9 constru\u00edda a partir de in\u00fameras regras que visam basicamente o melhor tratamento da ideia ou assunto tratado assim como tamb\u00e9m gerar uma certa homogeneidade em rela\u00e7\u00e3o \u00e0 metodologia utilizada para sua cria\u00e7\u00e3o. Esta se baseia a partir de fatos ou ainda conceitos, devendo-se fundamentar o assunto de modo a que se obtenha uma coer\u00eancia e relev\u00e2ncia cient\u00edfica ou filos\u00f3fica. Para tanto, a monografia necessita ser elaborada a partir do embasamento existente em bibliografias, que ir\u00e3o fundament\u00e1-la ou ainda a partir de resultados pr\u00e1ticos de pesquisa cient\u00edfica, como um modo de apresenta\u00e7\u00e3o, racionaliza\u00e7\u00e3o e discuss\u00e3o desses m\u00e9todos.", "qas": [{"question": "A monografia \u00e9 constru\u00edda a partir do qu\u00ea?", "answer": {"text": "a monografia \u00e9 constru\u00edda a partir de in\u00fameras regras que visam basicamente o melhor tratamento da ideia", "answer_start": 432}, "prediction": "a partir do embasamento existente em bibliografias"}, {"question": "O que as in\u00fameras regras da monografia visam?", "answer": {"text": "o melhor tratamento da ideia", "answer_start": 508}, "prediction": "coer\u00eancia e relev\u00e2ncia cient\u00edfica ou filos\u00f3fica"}, {"question": "O que \u00e9 a monografia segundo o dicion\u00e1rio Aur\u00e9lio?", "answer": {"text": "o estudo minucioso a fim de esgotar determinado tema relativamente restrito", "answer_start": 45}, "prediction": "o estudo minucioso a fim de esgotar determinado tema relativamente restrito"}]}, {"context": "A renova\u00e7\u00e3o de matr\u00edcula \u00e9 realizada por meio do Sistema Acad\u00eamico (Siscad), composta pelas tr\u00eas etapas consecutivas que s\u00e3o a sele\u00e7\u00e3o de disciplinas on-line, realizada pelo discente no Sistema Acad\u00eamico (Siscad), o ajuste de matr\u00edcula, que \u00e9 facultativa para os discentes regulares que participarem da etapa de sele\u00e7\u00e3o de disciplinas online, visando \u00e0 identifica\u00e7\u00e3o de eventuais adequa\u00e7\u00f5es e ajustes da matr\u00edcula em disciplinas, solicitados pelos discentes ao Coordenador de Curso, atrav\u00e9s do Sistema Acad\u00eamico (Siscad), e a valida\u00e7\u00e3o de matr\u00edculas, atividade administrativa, sem a participa\u00e7\u00e3o do discente, que consiste do registro no Sistema Acad\u00eamico (Siscad), pela Secretaria Acad\u00eamica, da confirma\u00e7\u00e3o de todas as matr\u00edculas e dos ajustes solicitados e autorizados pelo Coordenador de Curso.", "qas": [{"question": "Do que consiste a valida\u00e7\u00e3o de matr\u00edculas?", "answer": {"text": "registro no Sistema Acad\u00eamico (Siscad), pela Secretaria Acad\u00eamica, da confirma\u00e7\u00e3o de todas as matr\u00edculas e dos ajustes solicitados e autorizados pelo Coordenador de Curso", "answer_start": 625}, "prediction": "registro no Sistema Acad\u00eamico"}, {"question": "Onde \u00e9 feita a renova\u00e7\u00e3o de matr\u00edcula?", "answer": {"text": "A renova\u00e7\u00e3o de matr\u00edcula \u00e9 realizada por meio do Sistema Acad\u00eamico (Siscad)", "answer_start": 37}, "prediction": "Sistema Acad\u00eamico (Siscad)"}]}, {"context": "O per\u00edodo de posicionamento do discente no curso \u00e9 calculado a partir do seu ingresso na UFMS, subtraindo-se a quantidade de per\u00edodos em que a matr\u00edcula esteve trancada. Ap\u00f3s o ingresso, nas situa\u00e7\u00f5es que exigirem a elabora\u00e7\u00e3o ou a revis\u00e3o do Plano de Estudos, o per\u00edodo de posicionamento do discente \u00e9 definido pelo coordenador do curso. Ficam garantidas, aos discentes, as vagas nas disciplinas alocadas no seu per\u00edodo de posicionamento, exceto quando houver pr\u00e9-requisitos n\u00e3o cumpridos.", "qas": [{"question": "Como \u00e9 feito o c\u00e1lculo do posicionamento do discente no curso?", "answer": {"text": "O per\u00edodo de posicionamento do discente no curso \u00e9 calculado a partir do seu ingresso na UFMS, subtraindo-se a quantidade de per\u00edodos em que a matr\u00edcula esteve trancada", "answer_start": 95}, "prediction": "a partir do seu ingresso na UFMS"}, {"question": "Quando as vagas nas disciplinas alocadas no per\u00edodo de posicionamento do discente n\u00e3o s\u00e3o garantidas?", "answer": {"text": "quando houver pr\u00e9-requisitos n\u00e3o cumpridos", "answer_start": 447}, "prediction": "quando houver pr\u00e9-requisitos n\u00e3o cumpridos"}, {"question": "Quando o per\u00edodo de posicionamento do discente \u00e9 definido pelo coordenador de curso?", "answer": {"text": "nas situa\u00e7\u00f5es que exigirem a elabora\u00e7\u00e3o ou a revis\u00e3o do Plano de Estudos", "answer_start": 187}, "prediction": "pelo coordenador do curso"}, {"question": "Quando \u00e9 iniciado o c\u00e1lculo do per\u00edodo de posicionamento do discente no curso?", "answer": {"text": "a partir do seu ingresso na UFMS", "answer_start": 61}, "prediction": "ingresso na UFMS"}]}, {"context": "Como qualquer outro tipo de pesquisa, a de campo parte do levantamento bibliogr\u00e1fico. Exige tamb\u00e9m a determina\u00e7\u00e3o das t\u00e9cnicas de coleta de dados mais apropriadas \u00e0 natureza do tema e, ainda, a defini\u00e7\u00e3o das t\u00e9cnicas que ser\u00e3o empregadas para o registro e an\u00e1lise. Dependendo das t\u00e9cnicas de coleta, an\u00e1lise e interpreta\u00e7\u00e3o dos dados, a pesquisa de campo poder\u00e1 ser classificada como de abordagem predominantemente quantitativa ou qualitativa. Numa pesquisa em que a abordagem \u00e9 basicamente quantitativa, o pesquisador se limita \u00e0 descri\u00e7\u00e3o fatual deste ou daquele evento, ignorando a complexidade da realidade social (Franco, 1985:35).", "qas": [{"question": "Por onde a pesquisa de campo se inicia?", "answer": {"text": "levantamento bibliogr\u00e1fico", "answer_start": 58}, "prediction": "quantitativa ou qualitativa"}, {"question": "Quais as exig\u00eancias da pesquisa de campo?", "answer": {"text": "Exige tamb\u00e9m a determina\u00e7\u00e3o das t\u00e9cnicas de coleta de dados mais apropriadas \u00e0 natureza do tema e, ainda, a defini\u00e7\u00e3o das t\u00e9cnicas que ser\u00e3o empregadas para o registro e an\u00e1lise", "answer_start": 86}, "prediction": "complexidade da realidade social"}, {"question": "Quais os tipos de abordagem da pesquisa de campo?", "answer": {"text": "a pesquisa de campo poder\u00e1 ser classificada como de abordagem predominantemente quantitativa ou qualitativa", "answer_start": 335}, "prediction": "registro e an\u00e1lise. Dependendo das t\u00e9cnicas de coleta, an\u00e1lise e interpreta\u00e7\u00e3o dos dados, a pesquisa de campo poder\u00e1 ser classificada como de abordagem predominantemente quantitativa ou qualitativa"}, {"question": "Qual o tipo de abordagem que ignora a complexidade da realidade social?", "answer": {"text": "quantitativa", "answer_start": 491}, "prediction": "quantitativa ou qualitativa"}]}, {"context": "A Coordena\u00e7\u00e3o de Curso dever\u00e1 solicitar o oferecimento dessas turmas \u00e0 Dire\u00e7\u00e3o da Unidade da Administra\u00e7\u00e3o Setorial na qual a disciplina est\u00e1 lotada. Os lan\u00e7amentos no Sistema de Controle Acad\u00eamico (Siscad), referentes ao per\u00edodo letivo especial, devem anteceder, no m\u00ednimo, em cinco dias \u00fateis, a data prevista para matr\u00edcula do per\u00edodo letivo regular subsequente. As atividades acad\u00eamicas, no per\u00edodo letivo especial, dever\u00e3o obedecer \u00e0s disposi\u00e7\u00f5es vigentes para o per\u00edodo letivo regular, exceto no que tange \u00e0 dura\u00e7\u00e3o.", "qas": [{"question": "A quem a coordena\u00e7\u00e3o de curso deve solicitar o oferecimento das turmas?", "answer": {"text": "Dire\u00e7\u00e3o da Unidade da Administra\u00e7\u00e3o Setorial na qual a disciplina est\u00e1 lotada", "answer_start": 71}, "prediction": "Dire\u00e7\u00e3o da Unidade da Administra\u00e7\u00e3o Setorial"}, {"question": "Quantos dias no m\u00ednimo os lan\u00e7amentos do per\u00edodo letivo especial no Siscad devem anteceder a data de matr\u00edcula do per\u00edodo letivo regular subsequente?", "answer": {"text": "cinco dias \u00fateis", "answer_start": 278}, "prediction": "cinco"}]}, {"context": "O controle e o registro de frequ\u00eancia \u00e0s atividades acad\u00eamicas ser\u00e3o da compet\u00eancia do professor respons\u00e1vel pela disciplina, e dever\u00e3o ser realizados em cada aula. O abono de faltas obedecer\u00e1 \u00e0 legisla\u00e7\u00e3o federal vigente. Ao final de cada m\u00eas o professor respons\u00e1vel pela disciplina dever\u00e1 divulgar para os acad\u00eamicos o n\u00famero de presen\u00e7as \u00e0s aulas efetivamente ministradas no per\u00edodo. Quando houver aus\u00eancia coletiva de acad\u00eamicos matriculados na disciplina, no local e hor\u00e1rio destinados \u00e0 aula, as horas-aula ser\u00e3o registradas no sistema acad\u00eamico com atribui\u00e7\u00e3o de falta aos acad\u00eamicos. O acad\u00eamico tem direito a recontagem da frequ\u00eancia, mediante requerimento dirigido ao professor da disciplina e protocolizado na Secretaria Acad\u00eamica, no prazo m\u00e1ximo de cinco dias \u00fateis ap\u00f3s a divulga\u00e7\u00e3o. O resultado do pedido de recontagem de frequ\u00eancia deve ser arquivado na pasta do acad\u00eamico, com o seu ciente. Do resultado do pedido de recontagem de frequ\u00eancia n\u00e3o caber\u00e1 recurso.", "qas": [{"question": "Ao que o abono de faltas deve obedecer?", "answer": {"text": "legisla\u00e7\u00e3o federal vigente", "answer_start": 195}, "prediction": "legisla\u00e7\u00e3o federal vigente"}, {"question": "Qual o prazo para a recontagem de frequ\u00eancia?", "answer": {"text": "cinco dias \u00fateis ap\u00f3s a divulga\u00e7\u00e3o", "answer_start": 762}, "prediction": "cinco dias \u00fateis ap\u00f3s a divulga\u00e7\u00e3o"}, {"question": "Quando o professor da disciplina deve divulgar o n\u00famero de presen\u00e7as?", "answer": {"text": "Ao final de cada m\u00eas", "answer_start": 223}, "prediction": "mediante requerimento dirigido ao professor da disciplina e protocolizado na Secretaria Acad\u00eamica, no prazo m\u00e1ximo de cinco dias \u00fateis ap\u00f3s a divulga\u00e7\u00e3o"}, {"question": "Quem controla e registra a frequ\u00eancia das atividades acad\u00eamicas?", "answer": {"text": "professor respons\u00e1vel pela disciplina", "answer_start": 87}, "prediction": "professor respons\u00e1vel pela disciplina"}]}, {"context": "Ser\u00e1 considerado dia letivo, para efeito de cumprimento do Calend\u00e1rio Acad\u00eamico, aquele que, efetivamente, possibilitar a realiza\u00e7\u00e3o de atividades acad\u00eamicas com participa\u00e7\u00e3o de acad\u00eamicos e professores. O per\u00edodo letivo especial ocorre entre dois per\u00edodos letivos regulares com dura\u00e7\u00e3o de no m\u00ednimo duas e no m\u00e1ximo seis semanas, destinando-se ao oferecimento de disciplinas obrigat\u00f3rias e optativas a crit\u00e9rio do Colegiado de Curso. Cada turma dever\u00e1 ter, no m\u00ednimo, dez acad\u00eamicos, podendo o Colegiado de Curso, excepcionalmente, autorizar turmas com n\u00famero menor.", "qas": [{"question": "Para que o dia letivo deve ser considerado?", "answer": {"text": "cumprimento do Calend\u00e1rio Acad\u00eamico", "answer_start": 44}, "prediction": "para efeito de cumprimento do Calend\u00e1rio Acad\u00eamico, aquele que, efetivamente, possibilitar a realiza\u00e7\u00e3o de atividades acad\u00eamicas com participa\u00e7\u00e3o de acad\u00eamicos e professores. O per\u00edodo letivo especial ocorre entre dois per\u00edodos letivos regulares com dura\u00e7\u00e3o de no m\u00ednimo duas e no m\u00e1ximo seis semanas, destinando-se ao oferecimento de disciplinas obrigat\u00f3rias e optativas a crit\u00e9rio do Colegiado de Curso"}, {"question": "Qual a dura\u00e7\u00e3o de um per\u00edodo letivo especial?", "answer": {"text": "no m\u00ednimo duas e no m\u00e1ximo seis semanas", "answer_start": 290}, "prediction": "duas e no m\u00e1ximo seis semanas"}, {"question": "Qual o n\u00famero m\u00ednimo de alunos para uma turma de per\u00edodo letivo especial?", "answer": {"text": "dez", "answer_start": 469}, "prediction": "duas e no m\u00e1ximo seis semanas"}, {"question": "Qual o objetivo do per\u00edodo letivo especial?", "answer": {"text": "oferecimento de disciplinas obrigat\u00f3rias e optativas", "answer_start": 348}, "prediction": "oferecimento de disciplinas obrigat\u00f3rias e optativas a crit\u00e9rio do Colegiado de Curso"}]}, {"context": "A Tecnologia da Informa\u00e7\u00e3o segue em avan\u00e7o constante, mas ao mesmo tempo sua gest\u00e3o no quesito seguran\u00e7a, n\u00e3o acompanha o mesmo ritmo das pol\u00edticas de seguran\u00e7a e n\u00e3o est\u00e1 ainda em um patamar que pode ser considerado eficiente. Com tantos recursos dispon\u00edveis e possibilidades quase ilimitadas, os gestores esquecem que agora sua empresa possui mais uma porta para o mundo, porta esta que, se aberta, pode dar a um indiv\u00edduo valiosas informa\u00e7\u00f5es sobre sua organiza\u00e7\u00e3o. Temos ent\u00e3o um caso em que a tecnologia da informa\u00e7\u00e3o se torna um risco devido a problemas de gerenciamento, \u00e9 importante ressaltar os problemas que a tecnologia traz para as empresas al\u00e9m de seus benef\u00edcios, pois seguran\u00e7a tamb\u00e9m gera custos e, quando lidamos com alta tecnologia, os investimentos nem sempre s\u00e3o pequenos nessa \u00e1rea.", "qas": [{"question": "Do que os gestores esquecem com tantos recursos dispon\u00edveis?", "answer": {"text": "que agora sua empresa possui mais uma porta para o mundo", "answer_start": 316}, "prediction": "custos"}, {"question": "O que nem sempre s\u00e3o pequenos na \u00e1rea de tecnologia?", "answer": {"text": "investimentos", "answer_start": 754}, "prediction": "Tecnologia da Informa\u00e7\u00e3o segue em avan\u00e7o constante, mas ao mesmo tempo sua gest\u00e3o no quesito seguran\u00e7a, n\u00e3o acompanha o mesmo ritmo das pol\u00edticas de seguran\u00e7a e n\u00e3o est\u00e1 ainda em um patamar que pode ser considerado eficiente"}, {"question": "O que pode acontecer caso uma empresa possua mais uma porta para o mundo aberta?", "answer": {"text": "dar a um indiv\u00edduo valiosas informa\u00e7\u00f5es sobre sua organiza\u00e7\u00e3o", "answer_start": 406}, "prediction": "pode dar a um indiv\u00edduo valiosas informa\u00e7\u00f5es sobre sua organiza\u00e7\u00e3o"}, {"question": "O que pode tornar a tecnologia da informa\u00e7\u00e3o um risco?", "answer": {"text": "problemas de gerenciamento", "answer_start": 550}, "prediction": "devido a problemas de gerenciamento"}, {"question": "Por que \u00e9 importante ressaltar os problemas que a tecnologia traz para as empresas?", "answer": {"text": "pois seguran\u00e7a tamb\u00e9m gera custos", "answer_start": 678}, "prediction": "pois seguran\u00e7a tamb\u00e9m gera custos"}, {"question": "Qual quesito da gest\u00e3o da tecnologia da informa\u00e7\u00e3o n\u00e3o acompanha o mesmo ritmo das pol\u00edticas de seguran\u00e7a?", "answer": {"text": "seguran\u00e7a", "answer_start": 95}, "prediction": "Tecnologia da Informa\u00e7\u00e3o"}]}, {"context": "Em 1960 os computadores come\u00e7aram a se tornar importantes para as grandes e m\u00e9dias empresas, mas eram limitad\u00edssimos quanto a aplica\u00e7\u00f5es e incompat\u00edveis entre si. Os avan\u00e7os da inform\u00e1tica eram puxados pelo hardware como melhorias no custo, velocidade dos equipamentos e as aplica\u00e7\u00f5es, onde esse \u00faltimo era constru\u00eddo \u201cdo zero\u201d, pois n\u00e3o existiam empresas dedicadas ao desenvolvimento de pacotes. Na d\u00e9cada de 1970, as linhas telef\u00f4nicas de voz passaram a permitir o acesso a terminais remotos de computadores e as telecomunica\u00e7\u00f5es se tornam uma base tecnol\u00f3gica, levando as empresas a automatiza\u00e7\u00e3o das atividades burocr\u00e1ticas. Toda a a\u00e7\u00e3o acontecia na sala de processamento de dados os chamados CPDs (Centro de Processamento de Dados) respons\u00e1veis pelo tratamento das informa\u00e7\u00f5es, onde o acesso a esse volume de dados eram realizados por relat\u00f3rios gerados pelo sistema ou terminais ligados ao computador central. Por\u00e9m havia resist\u00eancia por parte de usu\u00e1rios ao novo sistema e centraliza\u00e7\u00e3o das opera\u00e7\u00f5es.", "qas": [{"question": "Com o que os computadores eram incompart\u00edveis at\u00e9 1960?", "answer": {"text": "entre si", "answer_start": 153}, "prediction": "para as grandes e m\u00e9dias empresas, mas eram limitad\u00edssimos quanto a aplica\u00e7\u00f5es e incompat\u00edveis entre si"}, {"question": "O que a transforma\u00e7\u00e3o das telecomunica\u00e7\u00f5es em uma base tecnol\u00f3gica levou as empresas a fazerem?", "answer": {"text": "automatiza\u00e7\u00e3o das atividades burocr\u00e1ticas", "answer_start": 586}, "prediction": "para as grandes e m\u00e9dias empresas, mas eram limitad\u00edssimos quanto a aplica\u00e7\u00f5es e incompat\u00edveis entre si"}, {"question": "O que ocorreu em 1970 que tornou as telecomunica\u00e7\u00f5es uma base tecnol\u00f3gica?", "answer": {"text": "as linhas telef\u00f4nicas de voz passaram a permitir o acesso a terminais remotos de computadores", "answer_start": 416}, "prediction": "as linhas telef\u00f4nicas de voz passaram a permitir o acesso a terminais remotos de computadores e as telecomunica\u00e7\u00f5es se tornam uma base tecnol\u00f3gica"}, {"question": "O que os computadores come\u00e7aram a se tornar em 1960?", "answer": {"text": "importantes para as grandes e m\u00e9dias empresas", "answer_start": 46}, "prediction": "as linhas telef\u00f4nicas de voz passaram a permitir o acesso a terminais remotos de computadores e as telecomunica\u00e7\u00f5es"}, {"question": "O que \u00e9 CPDs?", "answer": {"text": "Centro de Processamento de Dados", "answer_start": 703}, "prediction": "Centro de Processamento de Dados"}, {"question": "Onde ocorria o tratamento das informa\u00e7\u00f5es nas empresas?", "answer": {"text": "CPDs", "answer_start": 697}, "prediction": "por relat\u00f3rios gerados pelo sistema ou terminais ligados ao computador central"}, {"question": "Pelo que os avan\u00e7os da inform\u00e1tica eram puxados em 1960?", "answer": {"text": "hardware", "answer_start": 207}, "prediction": "quanto a aplica\u00e7\u00f5es e incompat\u00edveis entre si"}, {"question": "Por que as aplica\u00e7\u00f5es eram constru\u00eddas do zero em 1960?", "answer": {"text": "pois n\u00e3o existiam empresas dedicadas ao desenvolvimento de pacotes", "answer_start": 329}, "prediction": "pois n\u00e3o existiam empresas dedicadas ao desenvolvimento de pacotes"}]}, {"context": "n\u00e3o ser\u00e1 permitida ao discente, a exclus\u00e3o ou inclus\u00e3o de disciplinas, durante a etapa de valida\u00e7\u00e3o de matr\u00edculas pela secretaria acad\u00eamica. na aus\u00eancia de renova\u00e7\u00e3o de matr\u00edcula pelo discente, o v\u00ednculo acad\u00eamico \u00e9 convertido em trancamento pelo coordenador de curso. o sistema acad\u00eamico (siscad) enviar\u00e1 mensagem ao coordenador de curso e ao discente com trancamento de matr\u00edcula sem justificativa, para que o mesmo declare interesse pela manuten\u00e7\u00e3o de sua vaga ao longo do per\u00edodo letivo em que teve o trancamento. cabe ao coordenador de curso, a responsabilidade de identificar e registrar o motivo da aus\u00eancia de renova\u00e7\u00e3o ou trancamento de matr\u00edcula sem justificativa. o acad\u00eamico poder\u00e1 ser exclu\u00eddo por desist\u00eancia se, no semestre seguinte, n\u00e3o renovar a matr\u00edcula e estiver impedido de trancar por ter atingido o limite m\u00e1ximo de quatro semestres de trancamento. os casos omissos ser\u00e3o resolvidos pelo conselho de ensino de gradua\u00e7\u00e3o.", "qas": [{"question": "o que acontece com o acad\u00eamico com v\u00ednculo trancado em caso de n\u00e3o renova\u00e7\u00e3o de sua matr\u00edcula no semestre seguinte?", "answer": {"text": "o acad\u00eamico poder\u00e1 ser exclu\u00eddo por desist\u00eancia", "answer_start": 675}, "prediction": "o v\u00ednculo acad\u00eamico \u00e9 convertido em trancamento pelo coordenador de curso"}]}, {"context": "a sindic\u00e2ncia instaurada pelo reitor ou diretor de centro/c\u00e2mpus destina-se ao levantamento de situa\u00e7\u00f5es e informa\u00e7\u00f5es tendentes a fornecer elementos esclarecedores de determinados atos ou fatos cuja apura\u00e7\u00e3o se torne necess\u00e1ria, no interesse da universidade. a comiss\u00e3o de sindic\u00e2ncia ser\u00e1 composta de, no m\u00ednimo tr\u00eas e no m\u00e1ximo cinco membros, dela participando um membro do corpo discente e um do corpo t\u00e9cnico-administrativo, devendo no ato de sua constitui\u00e7\u00e3o constar a designa\u00e7\u00e3o de seu presidente, tendo ainda, um prazo de dez dias, prorrog\u00e1vel uma vez por igual per\u00edodo, para apresenta\u00e7\u00e3o do relat\u00f3rio. \u00e0 comiss\u00e3o de sindic\u00e2ncia compete autuar documentos, ouvir pessoas, colher subs\u00eddios que entender necess\u00e1rios, apresentar relat\u00f3rios e parecer, encaminhando os autos da sindic\u00e2ncia \u00e0 autoridade que a mandou instaurar. n\u00e3o poder\u00e3o participar na comiss\u00e3o de sindic\u00e2ncia, consang\u00fc\u00edneos ou afins do denunciante ou do indiciado, nem pessoas suspeitas com rela\u00e7\u00e3o ao acusado e ao denunciante. a sindic\u00e2ncia poder\u00e1 ser transformada sumariamente em inqu\u00e9rito administrativo, atrav\u00e9s de ato do reitor.", "qas": [{"question": "quem comp\u00f4e a comiss\u00e3o de sindic\u00e2ncia?", "answer": {"text": "a comiss\u00e3o de sindic\u00e2ncia ser\u00e1 composta de, no m\u00ednimo tr\u00eas e no m\u00e1ximo cinco membros, dela participando um membro do corpo discente e um do corpo t\u00e9cnico-administrativo", "answer_start": 260}, "prediction": "a sindic\u00e2ncia instaurada pelo reitor ou diretor de centro/c\u00e2mpus"}]}, {"context": "o candidato ingressante que for convocado para matr\u00edcula dever\u00e1 providenciar a documenta\u00e7\u00e3o prevista em edital e/ou legisla\u00e7\u00e3o espec\u00edfica. o candidato poder\u00e1 requerer sua matr\u00edcula por procura\u00e7\u00e3o. o candidato que n\u00e3o comparecer no prazo estabelecido em edital para matr\u00edcula, ou n\u00e3o apresentar a documenta\u00e7\u00e3o exigida n\u00e3o ter\u00e1 sua matr\u00edcula efetivada. o acad\u00eamico ingressante conforme os incisos i e vi do art. 18 ser\u00e1 matriculado em todas as disciplinas previstas para o primeiro semestre do curso e sua matr\u00edcula somente poder\u00e1 ser alterada se houver aproveitamento de disciplinas cursadas anteriormente, conforme plano de estudos elaborado pelo coordenador de curso. para as demais formas de ingresso previstas no art. 18, o coordenador de curso, havendo aproveitamento de estudos, dever\u00e1 elaborar um plano de estudos para cada acad\u00eamico, e a matr\u00edcula ser\u00e1 realizada nas disciplinas previstas no respectivo plano. ao realizar a matr\u00edcula, o acad\u00eamico se compromete a respeitar e cumprir as normas espec\u00edficas, regimentais e estatut\u00e1rias da ufms. compete ao acad\u00eamico manter seus dados cadastrais atualizados, na secretaria acad\u00eamica da unidade da administra\u00e7\u00e3o setorial que oferece seu curso ou no siscad.", "qas": [{"question": "como \u00e9 organizada a estruta curricular para acad\u00eamicos ingressantes com aproveitamento de cr\u00e9dito ou disciplinas?", "answer": {"text": "o coordenador de curso, havendo aproveitamento de estudos, dever\u00e1 elaborar um plano de estudos para cada acad\u00eamico", "answer_start": 725}, "prediction": "o candidato ingressante que for convocado para matr\u00edcula dever\u00e1 providenciar a documenta\u00e7\u00e3o prevista em edital e/ou legisla\u00e7\u00e3o espec\u00edfica"}]}, {"context": "a resolu\u00e7\u00e3o no 401, de 22 de novembro de 2013, que estabelece as normas para a renova\u00e7\u00e3o de matr\u00edcula dos cursos de gradua\u00e7\u00e3o, presenciais, da funda\u00e7\u00e3o universidade federal de mato grosso do sul, passa a vigorar acrescida do seguinte dispositivo: ap\u00f3s a valida\u00e7\u00e3o das matr\u00edculas, pelo diretor da unidade da administra\u00e7\u00e3o setorial de lota\u00e7\u00e3o do curso, n\u00e3o ser\u00e1 permitida exclus\u00e3o ou inclus\u00e3o de disciplinas na matr\u00edcula do acad\u00eamico. esta resolu\u00e7\u00e3o entra em vigor na data de sua publica\u00e7\u00e3o.", "qas": [{"question": "de quando \u00e9 a resolu\u00e7\u00e3o no 401?", "answer": {"text": "22 de novembro de 2013", "answer_start": 23}, "prediction": "a resolu\u00e7\u00e3o no 401, de 22 de novembro de 2013"}, {"question": "o que a resolu\u00e7\u00e3o no 401 estabelece?", "answer": {"text": "a resolu\u00e7\u00e3o no 401, de 22 de novembro de 2013, que estabelece as normas para a renova\u00e7\u00e3o de matr\u00edcula dos cursos de gradua\u00e7\u00e3o, presenciais, da funda\u00e7\u00e3o universidade federal de mato grosso do sul", "answer_start": 0}, "prediction": "a resolu\u00e7\u00e3o no 401, de 22 de novembro de 2013, que estabelece as normas para a renova\u00e7\u00e3o de matr\u00edcula dos cursos de gradua\u00e7\u00e3o, presenciais, da funda\u00e7\u00e3o universidade federal de mato grosso do sul, passa a vigorar acrescida do seguinte dispositivo: ap\u00f3s a valida\u00e7\u00e3o das matr\u00edculas, pelo diretor da unidade da administra\u00e7\u00e3o setorial de lota\u00e7\u00e3o do curso, n\u00e3o ser\u00e1 permitida exclus\u00e3o ou inclus\u00e3o de disciplinas na matr\u00edcula do acad\u00eamico"}]}]}