{
  "best_epoch": 0,
  "peak_cpu_memory_MB": 2652.268,
  "peak_gpu_0_memory_MB": 10787,
  "peak_gpu_1_memory_MB": 10,
  "peak_gpu_2_memory_MB": 10,
  "peak_gpu_3_memory_MB": 5917,
  "training_duration": "00:00:19",
  "training_start_epoch": 0,
  "training_epochs": 9,
  "epoch": 9,
  "training_start_acc": 0.0125,
  "training_end_acc": 0.0625,
  "training_span_acc": 0.0125,
  "training_em": 0.0125,
  "training_f1": 0.17131709040370488,
  "training_loss": 9.881446838378906,
  "training_cpu_memory_MB": 2652.268,
  "training_gpu_0_memory_MB": 10787,
  "training_gpu_1_memory_MB": 10,
  "training_gpu_2_memory_MB": 10,
  "training_gpu_3_memory_MB": 5917,
  "validation_start_acc": 0.0,
  "validation_end_acc": 0.011111111111111112,
  "validation_span_acc": 0.0,
  "validation_em": 0.0,
  "validation_f1": 0.12092921983409705,
  "validation_loss": 9.778507550557455,
  "best_validation_start_acc": 0.03333333333333333,
  "best_validation_end_acc": 0.03333333333333333,
  "best_validation_span_acc": 0.0,
  "best_validation_em": 0.0,
  "best_validation_f1": 0.1598705443855942,
  "best_validation_loss": 9.813861529032389
}