{"data": [{"context": "O c\u00e1lculo das atividades complementares \u00e9 bem simples. Na maioria das universidades, cada cr\u00e9dito equivale a 15 horas. Ent\u00e3o, se a sua faculdade exige 30 cr\u00e9ditos, isso quer dizer que voc\u00ea dever\u00e1 realizar 450 horas de atividades extra-curriculares. \u00c0s vezes elas podem ser distribu\u00eddas a seu crit\u00e9rio, da forma que voc\u00ea optar melhor. Em determinadas cursos, existem algumas cotas que devem ser destinadas a atividades espec\u00edficas, como \u00e9 o caso do est\u00e1gio. A parte burocr\u00e1tica \u00e9 um detalhe a que se deve estar atento. N\u00e3o adianta s\u00f3 ir a uma palestra, realizar um curso ou decidir fazer um est\u00e1gio. \u00c9 necess\u00e1rio apresentar o formul\u00e1rio de participa\u00e7\u00e3o, disponibilizado pelo seu colegiado, assinado pelo palestrante; a certifica\u00e7\u00e3o que a institui\u00e7\u00e3o na qual voc\u00ea realisou o curso oferece; e o contrato assinado, formando um v\u00ednculo entre a empresa, faculdade e aluno. Existem v\u00e1rias formas de atividades consideradas complementares pela faculdade. Palestras s\u00e3o um jeito interessante de se conseguir cr\u00e9ditos para o curso. Ir \u00e0 congressos, participar de workshops, eventos acad\u00eamicos, assistir uma tese de doutorado, cursos profissionalizantes\u2026 Cada uma dessas op\u00e7\u00f5es podem ser escolhidas para preencher a carga hor\u00e1ria.", "qas": [{"question": "Ao que as cotas do est\u00e1gio devem ser destinadas?", "answer": {"text": "atividades espec\u00edficas", "answer_start": 407}, "prediction": "atividades espec\u00edficas"}, {"question": "O que \u00e9 necess\u00e1rio apresentar para comprovar a participa\u00e7\u00e3o em um evento?", "answer": {"text": "formul\u00e1rio de participa\u00e7\u00e3o,", "answer_start": 625}, "prediction": "\u00c9 necess\u00e1rio apresentar o formul\u00e1rio de participa\u00e7\u00e3o, disponibilizado pelo seu colegiado, assinado pelo palestrante; a certifica\u00e7\u00e3o que a institui\u00e7\u00e3o na qual voc\u00ea realisou o curso oferece; e o contrato assinado, formando um v\u00ednculo entre a empresa, faculdade e aluno"}, {"question": "Por quem deve ser assinado o formul\u00e1rio de participa\u00e7\u00e3o?", "answer": {"text": "palestrante", "answer_start": 703}, "prediction": "palestrante"}, {"question": "Quais algumas op\u00e7\u00f5es para preencher carga hor\u00e1ria?", "answer": {"text": "Ir \u00e0 congressos, participar de workshops, eventos acad\u00eamicos, assistir uma tese de doutorado, cursos profissionalizantes", "answer_start": 1022}, "prediction": "algumas cotas que devem ser destinadas a atividades espec\u00edficas, como \u00e9 o caso do est\u00e1gio. A parte burocr\u00e1tica \u00e9 um detalhe a que se deve estar atento. N\u00e3o adianta s\u00f3 ir a uma palestra, realizar um curso ou decidir fazer um est\u00e1gio. \u00c9 necess\u00e1rio apresentar o formul\u00e1rio de participa\u00e7\u00e3o, disponibilizado pelo seu colegiado, assinado pelo palestrante; a certifica\u00e7\u00e3o que a institui\u00e7\u00e3o na qual voc\u00ea realisou o curso oferece; e o contrato assinado, formando um v\u00ednculo entre a empresa, faculdade e aluno. Existem v\u00e1rias formas de atividades consideradas complementares pela faculdade"}, {"question": "Qual o valor de um cr\u00e9dito na maioria das universidades?", "answer": {"text": "15 horas", "answer_start": 109}, "prediction": "pelo seu colegiado, assinado pelo palestrante"}, {"question": "Quantas horas de atividades extra-curriculares devem ser realizadas caso a faculdade exige 30 cr\u00e9ditos?", "answer": {"text": "450", "answer_start": 205}, "prediction": "15 horas"}]}, {"context": "Quando fazemos um curso, aprendemos de forma te\u00f3rica diversas metodologias, sistemas de an\u00e1lise, e outros meios de guiar um estudo. Isso \u00e9 extremamente importante pois, como profissionais, nos deparamos o tempo todo com d\u00favidas e questionamentos que n\u00e3o sabemos como solucionar. Compreender diferentes formas de pesquisas nos ajuda a realizar uma busca por respostas de forma mais precisa, a fim de atingir os nossos objetivos. Algumas faculdades aceitam a inicia\u00e7\u00e3o cient\u00edfica ou pesquisas acad\u00eamicas como atividades complementares. O que as torna uma boa op\u00e7\u00e3o, pois \u00e9 interessante colocar em pr\u00e1tica o seu lado cient\u00edfico, sem a press\u00e3o de ter que impressionar o professor para conseguir uma boa nota para aquela mat\u00e9ria. Por\u00e9m, ela n\u00e3o se afasta muito do meio acad\u00eamico, tornando o ganho de novas experi\u00eancias limitado para os alunos.", "qas": [{"question": "Compreender diferentes formas de pesquisa nos ajudam com o qu\u00ea?", "answer": {"text": "Compreender diferentes formas de pesquisas nos ajuda a realizar uma busca por respostas de forma mais precisa", "answer_start": 279}, "prediction": "a fim de atingir os nossos objetivos"}, {"question": "O que aprendemos de forma te\u00f3rica em um curso?", "answer": {"text": "diversas metodologias, sistemas de an\u00e1lise, e outros meios de guiar um estudo", "answer_start": 53}, "prediction": "pois \u00e9 interessante colocar em pr\u00e1tica o seu lado cient\u00edfico, sem a press\u00e3o de ter que impressionar o professor para conseguir uma boa nota para aquela mat\u00e9ria"}, {"question": "Por que aprender diversas metodologias, sistemas e an\u00e1lise e outros meios de guiar um estudo \u00e9 t\u00e3o importante?", "answer": {"text": "pois, como profissionais, nos deparamos o tempo todo com d\u00favidas e questionamentos que n\u00e3o sabemos como solucionar", "answer_start": 163}, "prediction": "pois \u00e9 interessante colocar em pr\u00e1tica o seu lado cient\u00edfico, sem a press\u00e3o de ter que impressionar o professor para conseguir uma boa nota para aquela mat\u00e9ria"}]}, {"context": "Realizar atividades complementares para preencher a carga hor\u00e1ria solicitada pela institui\u00e7\u00e3o de ensino do seu curso \u00e9 muito mais do que uma obriga\u00e7\u00e3o. Vai al\u00e9m do que aquelas horas chatas que voc\u00ea tem que realizar de qualquer jeito s\u00f3 para se formar. \u00c9 uma forma de incentivar o aluno a encontrar conte\u00fado de qualidade, e conhecer um ponto de vista did\u00e1tico diferente do que ele est\u00e1 acostumado e a sair da sua zona de conforto.", "qas": [{"question": "Em que as atividades complementares incentivam o aluno?", "answer": {"text": "encontrar conte\u00fado de qualidade", "answer_start": 288}, "prediction": "atividades complementares para preencher a carga hor\u00e1ria solicitada pela institui\u00e7\u00e3o de ensino do seu curso \u00e9 muito mais do que uma obriga\u00e7\u00e3o"}, {"question": "Para que os alunos realizam atividades complementares?", "answer": {"text": "para preencher a carga hor\u00e1ria", "answer_start": 35}, "prediction": "atividades complementares para preencher a carga hor\u00e1ria solicitada pela institui\u00e7\u00e3o de ensino do seu curso \u00e9 muito mais do que uma obriga\u00e7\u00e3o"}]}, {"context": "Foi com Charles Babbage que o computador moderno come\u00e7ou a ganhar forma, atrav\u00e9s de seu trabalho no engenho anal\u00edtico. O equipamento descrito originalmente em 1837, mais de um s\u00e9culo antes de seu sucessor, nunca foi constru\u00eddo com sucesso, mas possu\u00eda todas as fun\u00e7\u00f5es de um computador moderno. O dispositivo de Babbage se diferenciava por ser program\u00e1vel, algo imprescind\u00edvel para qualquer computador moderno. Durante sua colabora\u00e7\u00e3o, a matem\u00e1tica Ada Lovelace publicou os primeiros programas de computador em uma s\u00e9rie de notas para o engenho anal\u00edtico. Por isso, Lovelace \u00e9 popularmente considerada como a primeira programadora.", "qas": [{"question": "Com quem o computador moderno come\u00e7ou a ganhar forma?", "answer": {"text": "Charles Babbage", "answer_start": 8}, "prediction": "Foi com Charles Babbage"}, {"question": "Por que o dispositivo de Babbage se diferenciava de outros dispositivos?", "answer": {"text": "por ser program\u00e1vel", "answer_start": 336}, "prediction": "por ser program\u00e1vel"}, {"question": "Quando o computador foi originalmente descrito?", "answer": {"text": "1837", "answer_start": 159}, "prediction": "1837"}, {"question": "Quem \u00e9 considerada a primeira programadora?", "answer": {"text": "Ada Lovelace", "answer_start": 449}, "prediction": "como a primeira programadora"}]}, {"context": "No s\u00e9culo VII, o matem\u00e1tico indiano Brahmagupta explicou pela primeira vez o sistema de numera\u00e7\u00e3o hindu-ar\u00e1bico e o uso do 0. Aproximadamente em 825, o matem\u00e1tico persa al-Khwarizmi escreveu o livro Calculando com numerais hindus, respons\u00e1vel pela difus\u00e3o do sistema de numera\u00e7\u00e3o hindu-ar\u00e1bico no Oriente M\u00e9dio, e posteriormente na Europa. Por volta do s\u00e9culo XII houve uma tradu\u00e7\u00e3o do mesmo livro para o latim: Algoritmi de numero Indorum. Tais livros apresentaram novos conceitos para definir sequ\u00eancias de passos para completar tarefas, como aplica\u00e7\u00f5es de aritm\u00e9tica e \u00e1lgebra. Por deriva\u00e7\u00e3o do nome do matem\u00e1tico,actualmente usa-se o termo algoritmo.", "qas": [{"question": "Qual o termo utilizado para definir sequ\u00eancias de passos para completar uma tarefa?", "answer": {"text": "algoritmo", "answer_start": 644}, "prediction": "Calculando com numerais hindus"}, {"question": "Quando o livro Calculando com numerais hindus foi traduzido para o latim?", "answer": {"text": "Por volta do s\u00e9culo XII", "answer_start": 340}, "prediction": "Por volta do s\u00e9culo XII houve uma tradu\u00e7\u00e3o do mesmo livro para o latim: Algoritmi de numero Indorum"}, {"question": "Quem foi o primeiro a explicar o sistema de numera\u00e7\u00e3o hindu-ar\u00e1bico?", "answer": {"text": "Brahmagupta", "answer_start": 36}, "prediction": "indiano Brahmagupta"}, {"question": "Quem foi o primeiro a explicar o uso do 0?", "answer": {"text": "Brahmagupta", "answer_start": 36}, "prediction": "indiano Brahmagupta"}, {"question": "Quem foi respons\u00e1vel pela difus\u00e3o do sistema de numera\u00e7\u00e3o hindu-ar\u00e1bico no Oriente M\u00e9dio?", "answer": {"text": "al-Khwarizmi", "answer_start": 169}, "prediction": "indiano Brahmagupta explicou pela primeira vez o sistema de numera\u00e7\u00e3o hindu-ar\u00e1bico e o uso do 0. Aproximadamente em 825, o matem\u00e1tico persa al-Khwarizmi escreveu o livro Calculando com numerais hindus, respons\u00e1vel pela difus\u00e3o do sistema de numera\u00e7\u00e3o hindu-ar\u00e1bico no Oriente M\u00e9dio"}]}, {"context": "A mem\u00f3ria \u00e9 um dispositivo que permite ao computador armazenar dados por certo tempo. Atualmente o termo \u00e9 geralmente usado para definir as mem\u00f3rias vol\u00e1teis, como a RAM, mas seu conceito primordial tamb\u00e9m aborda mem\u00f3rias n\u00e3o vol\u00e1teis, como o disco r\u00edgido. Parte da mem\u00f3ria do computador \u00e9 feita no pr\u00f3prio processador; o resto \u00e9 dilu\u00eddo em componentes como a mem\u00f3ria RAM, mem\u00f3ria cache, disco r\u00edgido e leitores de m\u00eddias remov\u00edveis, como disquete, CD e DVD. Nos computadores modernos, cada posi\u00e7\u00e3o da mem\u00f3ria \u00e9 configurado para armazenar grupos de oito bits (chamado de um byte). Cada byte consegue representar 256 n\u00fameros diferentes; de 0 a 255 ou de -128 a +127. Para armazenar n\u00fameros maiores pode-se usar diversos bytes consecutivos (geralmente dois, quatro ou oito). Quando n\u00fameros negativos s\u00e3o armazenados, \u00e9 utilizada a nota\u00e7\u00e3o de complemento para dois. A mem\u00f3ria do computador \u00e9 normalmente dividida entre prim\u00e1ria e secund\u00e1ria, havendo tamb\u00e9m pesquisadores que afirmam haver a mem\u00f3ria \"terci\u00e1ria\"", "qas": [{"question": "Como podemos armazenar n\u00fameros maiores na mem\u00f3ria?", "answer": {"text": " pode-se usar diversos bytes consecutivos", "answer_start": 696}, "prediction": "usar diversos bytes consecutivos (geralmente dois, quatro ou oito). Quando n\u00fameros negativos s\u00e3o armazenados"}, {"question": "Como \u00e9 dividida a mem\u00f3ria do computador?", "answer": {"text": "entre prim\u00e1ria e secund\u00e1ria", "answer_start": 910}, "prediction": "no pr\u00f3prio processador; o resto \u00e9 dilu\u00eddo em componentes como a mem\u00f3ria RAM, mem\u00f3ria cache, disco r\u00edgido e leitores de m\u00eddias remov\u00edveis, como disquete, CD e DVD. Nos computadores modernos, cada posi\u00e7\u00e3o da mem\u00f3ria \u00e9 configurado para armazenar grupos de oito bits (chamado de um byte). Cada byte consegue representar 256 n\u00fameros diferentes; de 0 a 255 ou de -128 a +127. Para armazenar n\u00fameros maiores pode-se usar diversos bytes consecutivos (geralmente dois, quatro ou oito). Quando n\u00fameros negativos s\u00e3o armazenados, \u00e9 utilizada a nota\u00e7\u00e3o de complemento para dois. A mem\u00f3ria do computador \u00e9 normalmente dividida entre prim\u00e1ria e secund\u00e1ria"}, {"question": "Onde \u00e9 feita parte da mem\u00f3ria do computador?", "answer": {"text": "no pr\u00f3prio processado", "answer_start": 296}, "prediction": "no pr\u00f3prio processador"}, {"question": "Quais n\u00fameros um byte representa?", "answer": {"text": "de 0 a 255 ou de -128 a +127", "answer_start": 636}, "prediction": "256 n\u00fameros diferentes; de 0 a 255 ou de -128 a +127. Para armazenar n\u00fameros maiores pode-se usar diversos bytes consecutivos"}, {"question": "Qual a utilidade da mem\u00f3ria?", "answer": {"text": "armazenar dados", "answer_start": 53}, "prediction": "no pr\u00f3prio processador"}, {"question": "Quantos bits as posi\u00e7\u00f5es de mem\u00f3ria nos computadores modernos armazena?", "answer": {"text": "oito", "answer_start": 549}, "prediction": "256 n\u00fameros diferentes; de 0 a 255 ou de -128 a +127. Para armazenar n\u00fameros maiores pode-se usar diversos bytes consecutivos (geralmente dois, quatro ou oito)"}, {"question": "Quantos bytes em sequ\u00eancia geralmente s\u00e3o utilizados para armazenar n\u00fameros maiores?", "answer": {"text": "dois, quatro ou oito", "answer_start": 750}, "prediction": "dois, quatro ou oito)"}, {"question": "Quantos n\u00fameros um byte representa?", "answer": {"text": "256", "answer_start": 612}, "prediction": "256 n\u00fameros diferentes; de 0 a 255 ou de -128 a +127. Para armazenar n\u00fameros maiores pode-se usar diversos bytes consecutivos (geralmente dois, quatro ou oito)"}]}, {"context": "A principal caracter\u00edstica dos computadores modernos, o que o distingue de outras m\u00e1quinas, \u00e9 que pode ser programado. Isto significa que uma lista de instru\u00e7\u00f5es pode ser armazenada na mem\u00f3ria e executa posteriormente. As instru\u00e7\u00f5es executadas na ULA discutidas acima n\u00e3o s\u00e3o um rico conjunto de instru\u00e7\u00f5es como a linguagem humana. O computador tem apenas um limitado n\u00famero de instru\u00e7\u00f5es bem definidas. Um exemplo t\u00edpico de uma instru\u00e7\u00e3o existente na maioria dos computadores \u00e9 \"copie o conte\u00fado da posi\u00e7\u00e3o de mem\u00f3ria 123 para a posi\u00e7\u00e3o de mem\u00f3ria 456\", \"adicione o conte\u00fado da posi\u00e7\u00e3o de mem\u00f3ria 510 ao conte\u00fado da posi\u00e7\u00e3o 511 e coloque o resultado na posi\u00e7\u00e3o 507\" e \"se o conte\u00fado da posi\u00e7\u00e3o 012 \u00e9 igual a 0, a pr\u00f3xima instru\u00e7\u00e3o est\u00e1 na posi\u00e7\u00e3o 678\".", "qas": [{"question": "O que distingue o computador de outras m\u00e1quinas?", "answer": {"text": "A principal caracter\u00edstica dos computadores modernos, o que o distingue de outras m\u00e1quinas, \u00e9 que pode ser programado", "answer_start": 98}, "prediction": "o distingue de outras m\u00e1quinas"}, {"question": "Qual a principal caracter\u00edstica dos computadores de hoje em dia?", "answer": {"text": "A principal caracter\u00edstica dos computadores modernos, o que o distingue de outras m\u00e1quinas, \u00e9 que pode ser programado", "answer_start": 98}, "prediction": "computadores modernos"}]}, {"context": "Computador \u00e9 uma m\u00e1quina capaz de variados tipos de tratamento autom\u00e1tico de informa\u00e7\u00f5es ou processamento de dados. Um computador pode possuir in\u00fameros atributos, dentre eles armazenamento de dados, processamento de dados, c\u00e1lculo em grande escala, desenho industrial, tratamento de imagens gr\u00e1ficas, realidade virtual, entretenimento e cultura. No passado, o termo j\u00e1 foi aplicado a pessoas respons\u00e1veis por algum c\u00e1lculo. Em geral, entende-se por computador um sistema f\u00edsico que realiza algum tipo de computa\u00e7\u00e3o. Existe ainda o conceito matem\u00e1tico rigoroso, utilizado na teoria da computa\u00e7\u00e3o. Assumiu-se que os computadores pessoais e laptops s\u00e3o \u00edcones da Era da Informa\u00e7\u00e3o; e isto \u00e9 o que muitas pessoas consideram como \"computador\". Entretanto, atualmente as formas mais comuns de computador em uso s\u00e3o os sistemas embarcados, pequenos dispositivos usados para controlar outros dispositivos, como rob\u00f4s, c\u00e2meras digitais ou brinquedos.", "qas": [{"question": "A quem foi aplicado o termo computador?", "answer": {"text": "a pessoas respons\u00e1veis por algum c\u00e1lculo", "answer_start": 382}, "prediction": "pessoas respons\u00e1veis por algum c\u00e1lculo"}, {"question": "O que \u00e9 computador?", "answer": {"text": "uma m\u00e1quina capaz de variados tipos de tratamento autom\u00e1tico de informa\u00e7\u00f5es ou processamento de dados", "answer_start": 13}, "prediction": "uma m\u00e1quina capaz de variados tipos de tratamento autom\u00e1tico de informa\u00e7\u00f5es ou processamento de dados"}, {"question": "Para que servem os sistemas embarcados?", "answer": {"text": "para controlar outros dispositivos", "answer_start": 862}, "prediction": "rob\u00f4s, c\u00e2meras digitais ou brinquedos"}, {"question": "Quais as formas mais comuns de computador em uso?", "answer": {"text": "as formas mais comuns de computador em uso s\u00e3o os sistemas embarcados", "answer_start": 762}, "prediction": "armazenamento de dados, processamento de dados, c\u00e1lculo em grande escala, desenho industrial, tratamento de imagens gr\u00e1ficas, realidade virtual, entretenimento e cultura"}, {"question": "Quais tipos de dispositivos os sistemas embarcados controlam?", "answer": {"text": "rob\u00f4s, c\u00e2meras digitais ou brinquedos", "answer_start": 903}, "prediction": "rob\u00f4s, c\u00e2meras digitais ou brinquedos"}, {"question": "Quem s\u00e3o os \u00edcones da era da informa\u00e7\u00e3o?", "answer": {"text": "computadores pessoais e laptops", "answer_start": 614}, "prediction": "que os computadores pessoais e laptops s\u00e3o \u00edcones da Era da Informa\u00e7\u00e3o"}]}, {"context": "A r\u00e1pida mudan\u00e7a promovida pelos computadores tornou est\u00e1vel a oferta de vagas para o profissional da engenharia de computa\u00e7\u00e3o, e as perspectivas \u00e9 de que se mantenham assim nos pr\u00f3ximos anos. Na maioria dos casos, o primeiro emprego surge atrav\u00e9s do est\u00e1gio em uma grande empresa. O engenheiro da computa\u00e7\u00e3o pode atuar tanto em companhias do setor de tecnologia, como nas empresas de diversos segmentos. Na ind\u00fastria, sempre que o pa\u00eds atravessa um bom per\u00edodo econ\u00f4mico, ocorre investimentos na linha de produ\u00e7\u00e3o - o que inclui a contrata\u00e7\u00e3o de m\u00e3o de obra especializada para trabalhar com m\u00e1quinas sofisticadas. Este bacharel \u00e9 requisitado para desenvolver softwares que auxiliem o andamento das ind\u00fastrias e para criar equipamentos como telefones celulares, tablets, m\u00e1quinas de lavar roupas e colheitadeiras. Fabrica\u00e7\u00e3o de computadores, de hardwares, de sistemas embarcados, automa\u00e7\u00e3o industrial e rob\u00f3tica (projetar rob\u00f4s, sistemas digitais e computadorizados para f\u00e1bricas), gerenciamento de rede de computadores, desenvolvimento de software e aplicativos, marketing e venda (planejar e coordenar a\u00e7\u00f5es para a comercializa\u00e7\u00e3o de equipamentos), processamento digital de sinal, telecomunica\u00e7\u00f5es (interliga\u00e7\u00e3o entre redes de telefonia), e muitos outros.", "qas": [{"question": "Como geralmente surge o primeiro emprego do engenheiro de computa\u00e7\u00e3o?", "answer": {"text": "atrav\u00e9s do est\u00e1gio em uma grande empresa", "answer_start": 240}, "prediction": "nos pr\u00f3ximos anos"}, {"question": "Em quais empresas o engenheiro da computa\u00e7\u00e3o pode atuar?", "answer": {"text": "O engenheiro da computa\u00e7\u00e3o pode atuar tanto em companhias do setor de tecnologia, como nas empresas de diversos segmentos", "answer_start": 282}, "prediction": "Fabrica\u00e7\u00e3o de computadores, de hardwares, de sistemas embarcados, automa\u00e7\u00e3o industrial e rob\u00f3tica"}, {"question": "Em que a r\u00e1pida mudan\u00e7a promovida pelos computadores tornou a oferta de vagas para o profissional da engenharia de computa\u00e7\u00e3o?", "answer": {"text": "est\u00e1vel", "answer_start": 53}, "prediction": "computadores"}, {"question": "Quando ocorre investimentos na linha de produ\u00e7\u00e3o da ind\u00fastra?", "answer": {"text": "Na ind\u00fastria, sempre que o pa\u00eds atravessa um bom per\u00edodo econ\u00f4mico, ocorre investimentos na linha de produ\u00e7\u00e3o", "answer_start": 405}, "prediction": "investimentos na linha de produ\u00e7\u00e3o"}]}, {"context": "A partir do oitavo m\u00eas de gesta\u00e7\u00e3o, a acad\u00eamica gestante poder\u00e1 ser assistida pelo regime de exerc\u00edcios domiciliares com dura\u00e7\u00e3o de tr\u00eas meses consecutivos. A acad\u00eamica dever\u00e1 entregar requerimento na Secretaria Acad\u00eamica, dirigido ao Coordenador de Curso ou equivalente, solicitando o regime de exerc\u00edcios domiciliares, anexando o laudo m\u00e9dico contendo o m\u00eas de gesta\u00e7\u00e3o ou a data do parto e a assinatura, a data e o CRM do m\u00e9dico. A Secretaria Acad\u00eamica dever\u00e1 formalizar processo e encaminh\u00e1-lo \u00e0 Coordena\u00e7\u00e3o de Curso ou equivalente. Em casos excepcionais, e devidamente comprovados, mediante laudo m\u00e9dico, o per\u00edodo do regime de exerc\u00edcios domiciliares poder\u00e1 ser aumentado, antes e depois do parto.", "qas": [{"question": "Gestantes poder\u00e3o ser ajudadas pelo regime de exerc\u00edcios a partir de qual m\u00eas de gesta\u00e7\u00e3o?", "answer": {"text": "A partir do oitavo m\u00eas", "answer_start": 12}, "prediction": "regime de exerc\u00edcios domiciliares com dura\u00e7\u00e3o de tr\u00eas meses consecutivos"}, {"question": "O que a gestante deve fazer para requisitar o regime de exerc\u00edcios domiciliares?", "answer": {"text": "A acad\u00eamica dever\u00e1 entregar requerimento na Secretaria Acad\u00eamica", "answer_start": 157}, "prediction": "o laudo m\u00e9dico contendo o m\u00eas de gesta\u00e7\u00e3o ou a data do parto e a assinatura, a data e o CRM do m\u00e9dico"}, {"question": "O que deve ser anexado ao requerimento?", "answer": {"text": "laudo m\u00e9dico", "answer_start": 332}, "prediction": "o laudo m\u00e9dico contendo o m\u00eas de gesta\u00e7\u00e3o ou a data do parto e a assinatura, a data e o CRM do m\u00e9dico"}, {"question": "Por quantos meses a gestante poder\u00e1 ser ajudada pelo regime de exerc\u00edcios domiciliares?", "answer": {"text": "tr\u00eas", "answer_start": 132}, "prediction": "regime de exerc\u00edcios domiciliares com dura\u00e7\u00e3o de tr\u00eas meses consecutivos"}]}, {"context": "A Funda\u00e7\u00e3o de Apoio \u00e0 Pesquisa do Distrito Federal \u2013 FAPDF \u2013 constitu\u00edda em 4 de novembro de 1992, tem como finalidade institucional estimular, apoiar e promover o desenvolvimento cient\u00edfico, tecnol\u00f3gico e de inova\u00e7\u00e3o, no \u00e2mbito do Distrito Federal, por meio de apoio financeiro a projetos que sintonizam com as atribui\u00e7\u00f5es regimentais e estatut\u00e1rias da Funda\u00e7\u00e3o, bem como pela capta\u00e7\u00e3o de recursos nacionais e internacionais, inseridos nesse contexto. Para voc\u00ea, cidad\u00e3o, a FAPDF financia projetos de pesquisas, por meio de editais p\u00fablicos, em parceria com institui\u00e7\u00f5es nacionais e internacionais do cen\u00e1rio acad\u00eamico, cient\u00edfico ou tecnol\u00f3gico, bem como apoio a projetos inovadores que asseguram o desenvolvimento do Distrito Federal e que se contextualizam com as finalidades regimentais e estatut\u00e1rias da FAPDF.", "qas": [{"question": "A FAPDF financia projetos de pesquisa em parceria com quem?", "answer": {"text": "com institui\u00e7\u00f5es nacionais e internacionais", "answer_start": 555}, "prediction": "a FAPDF financia projetos de pesquisas, por meio de editais p\u00fablicos, em parceria com institui\u00e7\u00f5es nacionais e internacionais do cen\u00e1rio acad\u00eamico, cient\u00edfico ou tecnol\u00f3gico"}, {"question": "A FAPDF tem finalidade de estimular, apoiar e promover o desenvolvimento cient\u00edfico de qual \u00e2mbito?", "answer": {"text": "Distrito Federal", "answer_start": 232}, "prediction": "estimular, apoiar e promover o desenvolvimento cient\u00edfico, tecnol\u00f3gico e de inova\u00e7\u00e3o, no \u00e2mbito do Distrito Federal"}, {"question": "Quando foi constitu\u00edda a FAPDF?", "answer": {"text": "4 de novembro de 1992", "answer_start": 76}, "prediction": "4 de novembro de 1992"}]}, {"context": "Monografia \u00e9 uma disserta\u00e7\u00e3o (em sentido lato) sobre um ponto particular de uma ci\u00eancia, de uma arte, de uma localidade, sobre um mesmo assunto ou sobre assuntos relacionados. Comumente escrito apenas por uma pessoa. \u00c9 o principal tipo de texto cient\u00edfico. Trabalho acad\u00eamico que apresenta o resultado de investiga\u00e7\u00e3o pouco complexa e sobre tema \u00fanico e bem delimitado.", "qas": [{"question": "O que \u00e9 monografia?", "answer": {"text": "uma disserta\u00e7\u00e3o (em sentido lato) sobre um ponto particular de uma ci\u00eancia, de uma arte, de uma localidade, sobre um mesmo assunto ou sobre assuntos relacionados", "answer_start": 13}, "prediction": "Monografia \u00e9 uma disserta\u00e7\u00e3o (em sentido lato) sobre um ponto particular de uma ci\u00eancia, de uma arte, de uma localidade, sobre um mesmo assunto ou sobre assuntos relacionados. Comumente escrito apenas por uma pessoa"}, {"question": "Qual o principal tipo de texto cient\u00edfico?", "answer": {"text": "Monografia", "answer_start": 0}, "prediction": "texto cient\u00edfico"}, {"question": "Quantas pessoas geralmente escrevem a monografia?", "answer": {"text": "uma", "answer_start": 205}, "prediction": "Monografia \u00e9 uma disserta\u00e7\u00e3o (em sentido lato) sobre um ponto particular de uma ci\u00eancia, de uma arte, de uma localidade, sobre um mesmo assunto ou sobre assuntos relacionados. Comumente escrito apenas por uma pessoa"}]}, {"context": "A matr\u00edcula em disciplinas obrigat\u00f3rias pode ser realizada no pr\u00f3prio curso ou em qualquer outro curso da UFMS, desde que haja compatibilidade entre o nome da disciplina, ementa e carga hor\u00e1ria, mediante a exist\u00eancia de vagas. A matr\u00edcula em disciplinas optativas pode ser realizada no pr\u00f3prio curso ou em qualquer outro curso da UFMS, condicionada \u00e0 exist\u00eancia de vagas. A matr\u00edcula em est\u00e1gio obrigat\u00f3rio poder\u00e1 ser realizada antes da data prevista para matr\u00edcula on-line, seguindo o planejamento da respectiva Comiss\u00e3o de Est\u00e1gio do Curso e aprovado pelo Colegiado de Curso. Quando houver oferta de mais de uma turma para uma mesma disciplina, o discente dever\u00e1 fazer a escolha da turma. Se o n\u00famero de inscritos em uma turma for maior que o de vagas, o crit\u00e9rio de desempate ser\u00e1 o maior coeficiente de rendimento acad\u00eamico. Os discentes que n\u00e3o conseguirem vaga na turma pretendida, de acordo com o crit\u00e9rio acima, ser\u00e3o redistribu\u00eddos nas turmas em que houver vaga, desde que haja compatibilidade de hor\u00e1rios.", "qas": [{"question": "O que acontece com os alunos que n\u00e3o conseguiram vaga na turma pretendida?", "answer": {"text": "ser\u00e3o redistribu\u00eddos nas turmas em que houver vaga", "answer_start": 920}, "prediction": "mediante a exist\u00eancia de vagas. A matr\u00edcula em disciplinas optativas pode ser realizada no pr\u00f3prio curso ou em qualquer outro curso da UFMS, condicionada \u00e0 exist\u00eancia de vagas. A matr\u00edcula em est\u00e1gio obrigat\u00f3rio poder\u00e1 ser realizada antes da data prevista para matr\u00edcula on-line, seguindo o planejamento da respectiva Comiss\u00e3o de Est\u00e1gio do Curso e aprovado pelo Colegiado de Curso. Quando houver oferta de mais de uma turma para uma mesma disciplina, o discente dever\u00e1 fazer a escolha da turma. Se o n\u00famero de inscritos em uma turma for maior que o de vagas, o crit\u00e9rio de desempate ser\u00e1 o maior coeficiente de rendimento acad\u00eamico"}, {"question": "O que acontece se houver mais de uma turma ofertada para uma mesma disciplina?", "answer": {"text": "dever\u00e1 fazer a escolha da turma", "answer_start": 658}, "prediction": "Quando houver oferta de mais de uma turma para uma mesma disciplina"}, {"question": "Onde pode ser feita a matr\u00edcula em disciplinas optativas?", "answer": {"text": "no pr\u00f3prio curso ou em qualquer outro curso da UFMS", "answer_start": 59}, "prediction": "no pr\u00f3prio curso ou em qualquer outro curso da UFMS"}, {"question": "Quais as condi\u00e7\u00f5es para a matr\u00edcula em disciplinas obrigat\u00f3rias?", "answer": {"text": "haja compatibilidade entre o nome da disciplina, ementa e carga hor\u00e1ria, mediante a exist\u00eancia de vagas", "answer_start": 122}, "prediction": "mediante a exist\u00eancia de vagas. A matr\u00edcula em disciplinas optativas pode ser realizada no pr\u00f3prio curso ou em qualquer outro curso da UFMS, condicionada \u00e0 exist\u00eancia de vagas. A matr\u00edcula em est\u00e1gio obrigat\u00f3rio poder\u00e1 ser realizada antes da data prevista para matr\u00edcula on-line, seguindo o planejamento da respectiva Comiss\u00e3o de Est\u00e1gio do Curso e aprovado pelo Colegiado de Curso. Quando houver oferta de mais de uma turma para uma mesma disciplina, o discente dever\u00e1 fazer a escolha da turma. Se o n\u00famero de inscritos em uma turma for maior que o de vagas, o crit\u00e9rio de desempate ser\u00e1 o maior coeficiente de rendimento acad\u00eamico"}, {"question": "Qual a condi\u00e7\u00e3o para matr\u00edcula em disciplinas optativas?", "answer": {"text": "exist\u00eancia de vagas", "answer_start": 351}, "prediction": "Colegiado de Curso"}, {"question": "Qual o crit\u00e9rio de desempate caso o n\u00famero de inscritos em uma turma seja maior que o de vagas?", "answer": {"text": "maior coeficiente de rendimento acad\u00eamico", "answer_start": 786}, "prediction": "o crit\u00e9rio de desempate ser\u00e1 o maior coeficiente de rendimento acad\u00eamico"}]}, {"context": "Na etapa de sele\u00e7\u00e3o de disciplinas on-line, o discente deve preencher formul\u00e1rio eletr\u00f4nico, atrav\u00e9s do Sistema Acad\u00eamico (Siscad), assinalando as disciplinas que pretende cursar no per\u00edodo letivo subsequente, respeitando-se os pr\u00e9-requisitos e a compatibilidade dos hor\u00e1rios de aula das disciplinas selecionadas. A prioridade de vaga n\u00e3o \u00e9 garantida ao discente que tenha cursado algum pr\u00e9-requisito em per\u00edodo letivo de ver\u00e3o ou inverno imediatamente anterior ou que, por qualquer motivo, n\u00e3o selecione a(s) respectiva(s) disciplina(s) nesta etapa da renova\u00e7\u00e3o de matr\u00edcula.", "qas": [{"question": "O que o acad\u00eamico deve respeitar na hora de escolher as disciplinas que deseja cursar?", "answer": {"text": "os pr\u00e9-requisitos e a compatibilidade dos hor\u00e1rios de aula das disciplinas selecionadas", "answer_start": 225}, "prediction": "formul\u00e1rio eletr\u00f4nico"}, {"question": "O que o discente deve fazer na sele\u00e7\u00e3o de disciplinas on-line?", "answer": {"text": "deve preencher formul\u00e1rio eletr\u00f4nico", "answer_start": 55}, "prediction": "formul\u00e1rio eletr\u00f4nico"}, {"question": "Onde o aluno deve preencher o formul\u00e1rio eletr\u00f4nico?", "answer": {"text": "Siscad", "answer_start": 123}, "prediction": "formul\u00e1rio eletr\u00f4nico"}, {"question": "Quais disciplinas o acad\u00eamico deve preencher no formul\u00e1rio eletr\u00f4nico?", "answer": {"text": "disciplinas que pretende cursar no per\u00edodo letivo subsequente", "answer_start": 147}, "prediction": "os pr\u00e9-requisitos e a compatibilidade dos hor\u00e1rios de aula das disciplinas selecionadas"}]}, {"context": "A pesquisa acad\u00eamica \u00e9 realizada no \u00e2mbito da academia (universidade, faculdade ou outra institui\u00e7\u00e3o de ensino superior), conduzida por pesquisadores que comumente s\u00e3o docentes, estudantes universit\u00e1rios e pesquisadores independentes. A pesquisa acad\u00eamica \u00e9 um dos tr\u00eas pilares da atividade universit\u00e1ria, junto com o ensino e a extens\u00e3o. Visa a produzir conhecimento para uma disciplina acad\u00eamica, bem como investiga\u00e7\u00f5es relacionadas \u00e0 pr\u00e1tica dos processos de ensino-aprendizado. Visa tamb\u00e9m a relacionar os aspectos objetivos e subjetivos da realidade que envolve o objeto a ser pesquisado.", "qas": [{"question": "A atividade universit\u00e1ria possui quantos pilares?", "answer": {"text": "tr\u00eas", "answer_start": 265}, "prediction": "estudantes universit\u00e1rios e pesquisadores independentes"}, {"question": "O que \u00e9 a academia?", "answer": {"text": "universidade, faculdade ou outra institui\u00e7\u00e3o de ensino superior", "answer_start": 56}, "prediction": "universidade, faculdade ou outra institui\u00e7\u00e3o de ensino superior"}, {"question": "Onde \u00e9 realizada a pesquisa acad\u00eamica?", "answer": {"text": "no \u00e2mbito da academia (universidade, faculdade ou outra institui\u00e7\u00e3o de ensino superior)", "answer_start": 33}, "prediction": "no \u00e2mbito da academia"}, {"question": "Por quem \u00e9 conduzida a pesquisa acad\u00eamica?", "answer": {"text": "docentes, estudantes universit\u00e1rios e pesquisadores independentes", "answer_start": 168}, "prediction": "no \u00e2mbito da academia (universidade, faculdade ou outra institui\u00e7\u00e3o de ensino superior)"}, {"question": "Qual o objetivo da pesquisa acad\u00eamica?", "answer": {"text": "produzir conhecimento para uma disciplina acad\u00eamica", "answer_start": 346}, "prediction": "relacionar os aspectos objetivos e subjetivos da realidade que envolve o objeto a ser pesquisado"}]}, {"context": "O resultado do exame \u00e9 informado aos Programas. Cada programa est\u00e1 livre para utilizar os resultados dos exames da forma como melhor lhe convier. Os Programas podem, por exemplo, estabelecer a obrigatoriedade ou n\u00e3o quanto \u00e0 realiza\u00e7\u00e3o da prova, usar todas as quest\u00f5es ou somente parte delas, ou atribuir pesos diferentes a quest\u00f5es espec\u00edficas. Por esse motivo, a SBC n\u00e3o disponibiliza a coloca\u00e7\u00e3o geral e individual dos candidatos, somente a pontua\u00e7\u00e3o individual.", "qas": [{"question": "Como os programas podem, por exemplo, utilizar os resultados dos exames?", "answer": {"text": "estabelecer a obrigatoriedade ou n\u00e3o quanto \u00e0 realiza\u00e7\u00e3o da prova, usar todas as quest\u00f5es ou somente parte delas, ou atribuir pesos diferentes a quest\u00f5es espec\u00edficas", "answer_start": 179}, "prediction": "estabelecer a obrigatoriedade ou n\u00e3o quanto \u00e0 realiza\u00e7\u00e3o da prova, usar todas as quest\u00f5es ou somente parte delas, ou atribuir pesos diferentes a quest\u00f5es espec\u00edficas"}, {"question": "De que forma os resultados dos exames devem ser utilizados por cada programa?", "answer": {"text": "como melhor lhe convier", "answer_start": 121}, "prediction": "Programas. Cada programa est\u00e1 livre para utilizar os resultados dos exames da forma como melhor lhe convier"}, {"question": "Para quem \u00e9 informado o resultado do exame?", "answer": {"text": "Programas", "answer_start": 37}, "prediction": "Programas"}, {"question": "Qual a pontua\u00e7\u00e3o disponibilizada pela SBC?", "answer": {"text": "pontua\u00e7\u00e3o individual", "answer_start": 444}, "prediction": "usar todas as quest\u00f5es ou somente parte delas, ou atribuir pesos diferentes a quest\u00f5es espec\u00edficas"}]}, {"context": "Al\u00e9m dos modelos gen\u00e9ricos de computa\u00e7\u00e3o, alguns modelos computacionais mais simples s\u00e3o \u00fateis para aplica\u00e7\u00f5es mais restritas. Express\u00f5es regulares, s\u00e3o por exemplo utilizadas para especificar padr\u00f5es de cadeias de caracteres, sendo populares em aplica\u00e7\u00f5es UNIX e em algumas linguagens de programa\u00e7\u00e3o, como Perl e Python. Outro formalismo matematicamente equivalente \u00e0s express\u00f5es regulares s\u00e3o os aut\u00f4matos finitos, que s\u00e3o utilizados em desenho de circuitos e em alguns sistemas de resolu\u00e7\u00e3o de problemas. As gram\u00e1ticas livres de contexto s\u00e3o utilizadas para especificar a sintaxe das linguagens de programa\u00e7\u00e3o; um formalismo equivalente, s\u00e3o os aut\u00f4matos com pilha, ou pushdown automata. As fun\u00e7\u00f5es recursivas primitivas formam uma subclasse das fun\u00e7\u00f5es recursivas.", "qas": [{"question": "O que \u00e9 especificado pelas gram\u00e1ticas livres de contexto?", "answer": {"text": "As gram\u00e1ticas livres de contexto s\u00e3o utilizadas para especificar a sintaxe das linguagens de programa\u00e7\u00e3o", "answer_start": 508}, "prediction": "aut\u00f4matos com pilha, ou pushdown automata"}, {"question": "Qual linguagens de programa\u00e7\u00e3o empregam as express\u00f5es regulares?", "answer": {"text": "Perl e Python", "answer_start": 307}, "prediction": "aut\u00f4matos com pilha, ou pushdown automata"}, {"question": "Qual um formalismo matematicamente equivalente \u00e0s express\u00f5es regulares?", "answer": {"text": "aut\u00f4matos finitos", "answer_start": 398}, "prediction": "aut\u00f4matos com pilha, ou pushdown automata"}]}, {"context": "No Brasil, o aluno tem a op\u00e7\u00e3o de escolher entre faculdades p\u00fablicas e particulares. A procura por vagas em universidades p\u00fablicas \u00e9 enorme, n\u00e3o s\u00f3 devido a sua gratuidade como tamb\u00e9m pela sua excel\u00eancia: a maioria das universidades federais e estaduais est\u00e3o entre as melhores do pa\u00eds. H\u00e1, tamb\u00e9m, a possibilidade de o aluno concorrer a bolsas oferecidas pelo governo atrav\u00e9s do Programa Universidade para Todos, o ProUni, que oferece bolsas integrais e parciais de 50% atrav\u00e9s de concorr\u00eancia por nota obtida no Enem (Exame Nacional do Ensino M\u00e9dio): nestas, a concorr\u00eancia tamb\u00e9m \u00e9 muito grande devido ao n\u00famero de vagas oferecidas, e nem todas as universidades do pa\u00eds participam. Al\u00e9m do ProUni, existem outros programas de financiamento dos estudos pelo governo onde este financia, para o aluno, os seus estudos, deixando as parcelas menores do que a mensalidade da faculdade, e estendendo o prazo de pagamento, devido aos altos pre\u00e7os cobrados pelas institui\u00e7\u00f5es particulares de ensino de qualidade no pa\u00eds.", "qas": [{"question": "Quais as op\u00e7\u00f5es de faculdades os alunos brasileiros t\u00eam?", "answer": {"text": "p\u00fablicas e particulares", "answer_start": 60}, "prediction": "a maioria das universidades federais e estaduais est\u00e3o entre as melhores do pa\u00eds"}, {"question": "Qual programa do governo oferece bolsas integrais e parciais atrav\u00e9s da nota do Enem?", "answer": {"text": "Programa Universidade para Todos", "answer_start": 380}, "prediction": "ProUni, que oferece bolsas integrais e parciais de 50%"}]}, {"context": "O hor\u00e1rio das aulas ser\u00e1 elaborado pela Coordena\u00e7\u00e3o de Curso, ap\u00f3s consulta \u00e0s Dire\u00e7\u00f5es das Unidades da Administra\u00e7\u00e3o Setorial que oferecem as disciplinas para o curso, observados os prazos definidos pelo Calend\u00e1rio Acad\u00eamico. Os hor\u00e1rios de aula ser\u00e3o distribu\u00eddos em tr\u00eas turnos de funcionamento: matutino: compreender\u00e1 as atividades realizadas no hor\u00e1rio das 7 \u00e0s 12 horas, de segunda-feira a sexta-feira, vespertino: compreender\u00e1 as atividades realizadas no hor\u00e1rio das 12 \u00e0s 18 horas, de segunda-feira a sexta-feira, e noturno: compreender\u00e1 as atividades realizadas no hor\u00e1rio das 18 \u00e0s 23 horas, de segunda a sexta-feira. Os cursos poder\u00e3o realizar atividades aos s\u00e1bados das 7 \u00e0s 18 horas e o curso oferecido em mais de um turno ser\u00e1 considerado integral.", "qas": [{"question": "O turno matutino compreende as atividades realizadas em quais horas?", "answer": {"text": "7 \u00e0s 12", "answer_start": 362}, "prediction": "no hor\u00e1rio das 7 \u00e0s 12 horas"}, {"question": "Onde s\u00e3o definidos os prazos para elabora\u00e7\u00e3o dos hor\u00e1rios das aulas?", "answer": {"text": "Calend\u00e1rio Acad\u00eamico", "answer_start": 205}, "prediction": "Calend\u00e1rio Acad\u00eamico"}, {"question": "Quem a coordena\u00e7\u00e3o de curso consulta para elaborar o hor\u00e1rio das aulas?", "answer": {"text": "Dire\u00e7\u00f5es das Unidades da Administra\u00e7\u00e3o Setorial", "answer_start": 79}, "prediction": "Dire\u00e7\u00f5es das Unidades da Administra\u00e7\u00e3o Setorial"}, {"question": "Quem elabora os hor\u00e1rios das aulas?", "answer": {"text": "Coordena\u00e7\u00e3o de Curso", "answer_start": 40}, "prediction": "Coordena\u00e7\u00e3o de Curso, ap\u00f3s consulta \u00e0s Dire\u00e7\u00f5es das Unidades da Administra\u00e7\u00e3o Setorial"}]}, {"context": "Trabalho de conclus\u00e3o de curso, trabalho de gradua\u00e7\u00e3o interdisciplinar, trabalho final de gradua\u00e7\u00e3o, projeto de formatura, projeto experimental ou monografia de curso, com suas respectivas siglas, \u00e9 um tipo de trabalho acad\u00eamico no meio educacional brasileiro amplamente utilizado em cursos superiores e t\u00e9cnicos, como forma de efetuar uma avalia\u00e7\u00e3o final dos estudantes, que contemple a diversidade dos aspectos de sua forma\u00e7\u00e3o educacional.", "qas": [{"question": "Como o trabalho de conclus\u00e3o de curso \u00e9 utilizado?", "answer": {"text": "como forma de efetuar uma avalia\u00e7\u00e3o final dos estudantes", "answer_start": 314}, "prediction": "em cursos superiores e t\u00e9cnicos"}, {"question": "O que o trabalho de conclus\u00e3o de curso contempla?", "answer": {"text": "a diversidade dos aspectos de sua forma\u00e7\u00e3o educacional", "answer_start": 386}, "prediction": "diversidade dos aspectos de sua forma\u00e7\u00e3o educacional"}]}, {"context": "A Universidade Federal de Mato Grosso do Sul (UFMS) teve sua origem em 1962, com a cria\u00e7\u00e3o da Faculdade de Farm\u00e1cia e Odontologia, em Campo Grande, que seria o embri\u00e3o do ensino superior p\u00fablico no sul do ent\u00e3o estado de Mato Grosso. Em 26 de julho de 1966, atrav\u00e9s da Lei n\u00ba 2.620, esses cursos foram absorvidos com a cria\u00e7\u00e3o do Instituto de Ci\u00eancias Biol\u00f3gicas de Campo Grande, que reformulou a estrutura anterior, instituiu departamentos e criou o curso de Medicina. Em 2014, foi criado um curso de Medicina tamb\u00e9m em Tr\u00eas Lagoas. Em Corumb\u00e1, o Governo de Estado criou, em 1967, o Instituto Superior de Pedagogia e, em Tr\u00eas Lagoas, o Instituto de Ci\u00eancias Humanas e Letras, ampliando assim a rede de ensino superior. Com a divis\u00e3o do estado de Mato Grosso, foi concretizada a federaliza\u00e7\u00e3o da institui\u00e7\u00e3o que passou a denominar-se Funda\u00e7\u00e3o Universidade Federal de Mato Grosso do Sul, pela Lei Federal n\u00ba 6.674, de 05.07.1979. O ent\u00e3o Centro Pedag\u00f3gico de Rondon\u00f3polis, sediado em Rondon\u00f3polis - MT, passou a integrar a Universidade Federal de Mato Grosso (UFMT). Em 2005 o campus de Dourados(CPDO) \u00e9 desmembrado para dar origem \u00e1 Universidade Federal da Grande Dourados com a sua instala\u00e7\u00e3o ocorrida em 01.01.2006, de acordo com a Lei n\u00ba 11.153, de 29.07.2005.", "qas": [{"question": "Em que ano foi criado o curso de Medicina em Tr\u00eas Lagoas?", "answer": {"text": "2014", "answer_start": 473}, "prediction": "1962"}, {"question": "O que foi concretizada com a divis\u00e3o do estado de Mato Grosso?", "answer": {"text": "a federaliza\u00e7\u00e3o da institui\u00e7\u00e3o", "answer_start": 777}, "prediction": "Com a divis\u00e3o do estado de Mato Grosso, foi concretizada a federaliza\u00e7\u00e3o da institui\u00e7\u00e3o que passou a denominar-se Funda\u00e7\u00e3o Universidade Federal de Mato Grosso do Sul"}, {"question": "Qual era o embri\u00e3o do ensino superior p\u00fablico no sul do Mato Grosso?", "answer": {"text": "Faculdade de Farm\u00e1cia e Odontologia", "answer_start": 94}, "prediction": "Funda\u00e7\u00e3o Universidade Federal de Mato Grosso do Sul, pela Lei Federal n\u00ba 6.674, de 05.07.1979. O ent\u00e3o Centro Pedag\u00f3gico de Rondon\u00f3polis"}, {"question": "Quando foi criado o Instituto Superior de Pedagogia em Corumb\u00e1?", "answer": {"text": "1967", "answer_start": 576}, "prediction": "1962, com a cria\u00e7\u00e3o da Faculdade de Farm\u00e1cia e Odontologia, em Campo Grande, que seria o embri\u00e3o do ensino superior p\u00fablico no sul do ent\u00e3o estado de Mato Grosso. Em 26 de julho de 1966, atrav\u00e9s da Lei n\u00ba 2.620"}, {"question": "Quando os cursos de Farm\u00e1cia e Odontologia foram absorvidos?", "answer": {"text": "26 de julho de 1966", "answer_start": 237}, "prediction": "1962, com a cria\u00e7\u00e3o da Faculdade de Farm\u00e1cia e Odontologia, em Campo Grande, que seria o embri\u00e3o do ensino superior p\u00fablico no sul do ent\u00e3o estado de Mato Grosso. Em 26 de julho de 1966, atrav\u00e9s da Lei n\u00ba 2.620"}]}, {"context": "o plano de estudos dever\u00e1 conter, referente ao curso na ufms: o nome do curso; o nome do acad\u00eamico; e todas as disciplinas necess\u00e1rias para a integraliza\u00e7\u00e3o da matriz curricular. para cada disciplina dispensada (ds) dever\u00e1 ser indicada a carga hor\u00e1ria em hora-aula de sessenta minutos. para cada disciplina a cursar, obrigat\u00f3ria ou optativa, dever\u00e1 ser indicada a carga hor\u00e1ria em hora-aula de sessenta de minutos e o semestre previsto para a disciplina a ser cursada. ap\u00f3s a aprova\u00e7\u00e3o do plano de estudos, pelo colegiado de curso, ser\u00e1 consignada no hist\u00f3rico escolar do acad\u00eamico, para fins de integraliza\u00e7\u00e3o curricular: a carga hor\u00e1ria que lhe foi atribu\u00edda na institui\u00e7\u00e3o de origem convertida em hora-aula de sessenta minutos no conjunto de disciplinas dispensadas; o c\u00f3digo ds nas disciplinas dispensadas; e o tipo da disciplina dispensada. para efeito de integraliza\u00e7\u00e3o curricular, a contagem do tempo cursado ser\u00e1 feita a partir do ingresso do acad\u00eamico na ufms. a quantidade de semestres, anteriores ao semestre de enquadramento do acad\u00eamico, ser\u00e1 subtra\u00edda do tempo m\u00e1ximo para a integraliza\u00e7\u00e3o curricular previsto no projeto pedag\u00f3gico do curso, caso o acad\u00eamico ainda n\u00e3o tenha cursado semestre algum ap\u00f3s ingressar no curso.", "qas": [{"question": "o que dever\u00e1 conter o plano de estudos?", "answer": {"text": "dever\u00e1 conter, referente ao curso na ufms: o nome do curso; o nome do acad\u00eamico; e todas as disciplinas necess\u00e1rias para a integraliza\u00e7\u00e3o da matriz curricular", "answer_start": 19}, "prediction": "o plano de estudos dever\u00e1 conter, referente ao curso na ufms: o nome do curso; o nome do acad\u00eamico; e todas as disciplinas necess\u00e1rias para a integraliza\u00e7\u00e3o da matriz curricular"}, {"question": "por quem ser\u00e1 aprovado o plano de estudos?", "answer": {"text": "colegiado de curso", "answer_start": 512}, "prediction": "colegiado de curso"}]}, {"context": "as notas e as frequ\u00eancias dever\u00e3o ser lan\u00e7adas no sistema acad\u00eamico nos prazos definidos no calend\u00e1rio acad\u00eamico. para cada disciplina cursada, o professor dever\u00e1 consignar ao acad\u00eamico uma m\u00e9dia de aproveitamento (ma), na forma de graus num\u00e9ricos com uma casa decimal de 0,0 (zero v\u00edrgula zero) a 10,0 (dez v\u00edrgula zero). para ser aprovado na disciplina, o acad\u00eamico dever\u00e1 obter frequ\u00eancia igual ou superior a setenta e cinco por cento e m\u00e9dia de aproveitamento (ma) igual ou superior a 6,0 (seis v\u00edrgula zero). caber\u00e1 ao colegiado de curso estabelecer medidas pedag\u00f3gicas para corre\u00e7\u00e3o e preven\u00e7\u00e3o de altos \u00edndices de reprova\u00e7\u00e3o e baixos rendimentos em avalia\u00e7\u00f5es. ser\u00e1 atribu\u00edda nota 0,0 (zero v\u00edrgula zero), para cada evento, ao acad\u00eamico que n\u00e3o realizar os trabalhos acad\u00eamicos ou n\u00e3o comparecer \u00e0s avalia\u00e7\u00f5es. se no prazo de dez dias \u00fateis ap\u00f3s o t\u00e9rmino do per\u00edodo letivo o acad\u00eamico n\u00e3o retirar as avalia\u00e7\u00f5es acad\u00eamicas, o docente poder\u00e1 descart\u00e1-las.", "qas": [{"question": "qual a frequ\u00eancia m\u00ednima exigida para aprova\u00e7\u00e3o em uma disciplina?", "answer": {"text": "o acad\u00eamico dever\u00e1 obter frequ\u00eancia igual ou superior a setenta e cinco por cento e m\u00e9dia de aproveitamento (ma) igual ou superior a 6,0 (seis v\u00edrgula zero)", "answer_start": 356}, "prediction": "igual ou superior a 6,0 (seis v\u00edrgula zero)"}]}, {"context": "o per\u00edodo letivo especial ocorre entre dois per\u00edodos letivos regulares com dura\u00e7\u00e3o de no m\u00ednimo duas e no m\u00e1ximo seis semanas, destinando-se ao oferecimento de disciplinas obrigat\u00f3rias e optativas a crit\u00e9rio do colegiado de curso. cada turma dever\u00e1 ter, no m\u00ednimo, dez acad\u00eamicos, podendo o colegiado de curso, excepcionalmente, autorizar turmas com n\u00famero menor. o acad\u00eamico poder\u00e1 inscrever-se em at\u00e9 tr\u00eas disciplinas. a coordena\u00e7\u00e3o de curso dever\u00e1 solicitar o oferecimento dessas turmas \u00e0 dire\u00e7\u00e3o da unidade da administra\u00e7\u00e3o setorial na qual a disciplina est\u00e1 lotada. as atividades acad\u00eamicas, no per\u00edodo letivo especial, dever\u00e3o obedecer \u00e0s disposi\u00e7\u00f5es vigentes para o per\u00edodo letivo regular, exceto no que tange \u00e0 dura\u00e7\u00e3o.", "qas": [{"question": "em quantas discplinas o acad\u00eamico poder\u00e1 inscrever-se durante o per\u00edodo letivo especial?", "answer": {"text": "at\u00e9 tr\u00eas", "answer_start": 399}, "prediction": "o per\u00edodo letivo especial ocorre entre dois per\u00edodos letivos regulares com dura\u00e7\u00e3o de no m\u00ednimo duas e no m\u00e1ximo seis semanas"}]}, {"context": "a transfer\u00eancia compuls\u00f3ria para os cursos de gradua\u00e7\u00e3o da ufms ser\u00e1 efetivada de acordo com a lei no 9.536/97, e com os requisitos deste regulamento. a transfer\u00eancia compuls\u00f3ria ser\u00e1 concedida para prosseguimento de estudos do curso de origem ou, n\u00e3o havendo este, de curso afim. o curso de origem de que trata o caput deste artigo dever\u00e1 ser reconhecido ou ter seu funcionamento autorizado pelo \u00f3rg\u00e3o competente. para fins de aplica\u00e7\u00e3o do disposto no caput deste artigo, a afinidade entre cursos ser\u00e1 objeto de aprecia\u00e7\u00e3o do pr\u00f3-reitor de ensino de gradua\u00e7\u00e3o, cabendo recurso de sua decis\u00e3o ao conselho de ensino de gradua\u00e7\u00e3o.", "qas": [{"question": "existe lei sobre a transfer\u00eancia compuls\u00f3ria?", "answer": {"text": "a lei no 9.536/97", "answer_start": 93}, "prediction": "a transfer\u00eancia compuls\u00f3ria para os cursos de gradua\u00e7\u00e3o da ufms ser\u00e1 efetivada de acordo com a lei no 9.536/97"}]}]}