{
  "best_epoch": 0,
  "peak_cpu_memory_MB": 2652.268,
  "peak_gpu_0_memory_MB": 10787,
  "peak_gpu_1_memory_MB": 10,
  "peak_gpu_2_memory_MB": 10,
  "peak_gpu_3_memory_MB": 5917,
  "training_duration": "00:01:06",
  "training_start_epoch": 0,
  "training_epochs": 9,
  "epoch": 9,
  "training_start_acc": 0.00997506234413965,
  "training_end_acc": 0.09476309226932668,
  "training_span_acc": 0.0,
  "training_em": 0.0,
  "training_f1": 0.14724849938551052,
  "training_loss": 8.448639612931471,
  "training_cpu_memory_MB": 2652.268,
  "training_gpu_0_memory_MB": 10787,
  "training_gpu_1_memory_MB": 10,
  "training_gpu_2_memory_MB": 10,
  "training_gpu_3_memory_MB": 5917,
  "validation_start_acc": 0.044444444444444446,
  "validation_end_acc": 0.044444444444444446,
  "validation_span_acc": 0.0,
  "validation_em": 0.0,
  "validation_f1": 0.15596852136992603,
  "validation_loss": 9.011212666829428,
  "best_validation_start_acc": 0.044444444444444446,
  "best_validation_end_acc": 0.011111111111111112,
  "best_validation_span_acc": 0.011111111111111112,
  "best_validation_em": 0.011111111111111112,
  "best_validation_f1": 0.1333752583543648,
  "best_validation_loss": 10.185257116953531
}