{
  "best_epoch": 0,
  "peak_cpu_memory_MB": 2652.268,
  "peak_gpu_0_memory_MB": 10787,
  "peak_gpu_1_memory_MB": 10,
  "peak_gpu_2_memory_MB": 10,
  "peak_gpu_3_memory_MB": 5917,
  "training_duration": "00:00:20",
  "training_start_epoch": 0,
  "training_epochs": 9,
  "epoch": 9,
  "training_start_acc": 0.02564102564102564,
  "training_end_acc": 0.0,
  "training_span_acc": 0.0,
  "training_em": 0.0,
  "training_f1": 0.13600592532483602,
  "training_loss": 9.822415924072265,
  "training_cpu_memory_MB": 2652.268,
  "training_gpu_0_memory_MB": 10787,
  "training_gpu_1_memory_MB": 10,
  "training_gpu_2_memory_MB": 10,
  "training_gpu_3_memory_MB": 5917,
  "validation_start_acc": 0.02197802197802198,
  "validation_end_acc": 0.03296703296703297,
  "validation_span_acc": 0.0,
  "validation_em": 0.0,
  "validation_f1": 0.07476035356527568,
  "validation_loss": 9.638206640879313,
  "best_validation_start_acc": 0.02197802197802198,
  "best_validation_end_acc": 0.0,
  "best_validation_span_acc": 0.0,
  "best_validation_em": 0.0,
  "best_validation_f1": 0.1341664497409939,
  "best_validation_loss": 9.668509801228842
}