{
  "best_epoch": 0,
  "peak_cpu_memory_MB": 2721.744,
  "peak_gpu_0_memory_MB": 10,
  "peak_gpu_1_memory_MB": 10,
  "peak_gpu_2_memory_MB": 10,
  "peak_gpu_3_memory_MB": 4871,
  "training_duration": "00:00:23",
  "training_start_epoch": 0,
  "training_epochs": 9,
  "epoch": 9,
  "training_start_acc": 0.08536585365853659,
  "training_end_acc": 0.25609756097560976,
  "training_span_acc": 0.03048780487804878,
  "training_em": 0.03048780487804878,
  "training_f1": 0.23429216582671755,
  "training_loss": 6.802606799385765,
  "training_cpu_memory_MB": 2721.744,
  "training_gpu_0_memory_MB": 10,
  "training_gpu_1_memory_MB": 10,
  "training_gpu_2_memory_MB": 10,
  "training_gpu_3_memory_MB": 4871,
  "validation_start_acc": 0.022222222222222223,
  "validation_end_acc": 0.044444444444444446,
  "validation_span_acc": 0.0,
  "validation_em": 0.011111111111111112,
  "validation_f1": 0.15824782743026145,
  "validation_loss": 9.044360478719076,
  "best_validation_start_acc": 0.044444444444444446,
  "best_validation_end_acc": 0.06666666666666667,
  "best_validation_span_acc": 0.022222222222222223,
  "best_validation_em": 0.03333333333333333,
  "best_validation_f1": 0.1673506313781872,
  "best_validation_loss": 9.659765084584555
}