{"data": [{"context": "\u00c9 basicamente como escolher frutas no supermercado. Algumas possuem mais \u00e1gua, outras mais a\u00e7\u00facar, ou ferro. E \u00e0s vezes, porque voc\u00ea quer fazer suco de laranja, acaba optando por ela. Isso n\u00e3o quer dizer que morango \u00e9 ruim ou n\u00e3o \u00e9 saud\u00e1vel. Apenas quer dizer que trata-se de experi\u00eancias diferentes. Em 2016, o ENEM (Exame Nacional de Ensino M\u00e9dio), principal prova de vestibular para os cursos nas universidades federais nacionais, registrou 9,2 milh\u00f5es de inscritos, um n\u00famero bastante consider\u00e1vel. Isso, porque existe esse mito social de que as faculdades, principalmente as presenciais e federais, s\u00e3o uma necessidade inquestion\u00e1vel no meio profissional, e que de alguma forma possibilitam garantia de futuro. E na realidade, n\u00e3o \u00e9 bem assim que funciona. \u00c9 claro que, como qualquer oportunidade de ensino, a gradua\u00e7\u00e3o proporciona melhorias de emprego e sal\u00e1rio. Por\u00e9m, o ensino superior n\u00e3o \u00e9 a \u00fanica op\u00e7\u00e3o.", "qas": [{"question": "Em que ano o ENEM registrou 9,2 milh\u00f5es de escritos?", "answer": {"text": "2016", "answer_start": 304}, "prediction": "9,2 milh\u00f5es de inscritos"}, {"question": "Por que em 2019 o ENEM registrou um n\u00famero bastante consider\u00e1vel de inscritos?", "answer": {"text": "porque existe esse mito social de que as faculdades, principalmente as presenciais e federais, s\u00e3o uma necessidade inquestion\u00e1vel no meio profissional", "answer_start": 509}, "prediction": "9,2 milh\u00f5es de inscritos"}, {"question": "Quais oportunidades a gradua\u00e7\u00e3o proporciona?", "answer": {"text": "a gradua\u00e7\u00e3o proporciona melhorias de emprego e sal\u00e1rio", "answer_start": 813}, "prediction": "mais \u00e1gua, outras mais a\u00e7\u00facar, ou ferro"}]}, {"context": "Antes da d\u00e9cada de 1920, computador era um termo associado a pessoas que realizavam c\u00e1lculos, geralmente liderados por f\u00edsicos. Milhares de computadores eram empregados em projetos no com\u00e9rcio, governo e s\u00edtios de pesquisa. Ap\u00f3s a d\u00e9cada de 1920, a express\u00e3o m\u00e1quina computacional come\u00e7ou a ser usada para referir-se a qualquer m\u00e1quina que realize o trabalho de um profissional, especialmente aquelas de acordo com os m\u00e9todos da Tese de Church-Turing. O termo m\u00e1quina computacional acabou perdendo espa\u00e7o para o termo reduzido computador no final da d\u00e9cada de 1940, com as m\u00e1quinas digitais cada vez mais difundidas. Alan Turing, conhecido como pai da Ci\u00eancia da Computa\u00e7\u00e3o, inventou a M\u00e1quina de Turing, que posteriormente evoluiu para o computador moderno.", "qas": [{"question": "A express\u00e3o m\u00e1quina computacional se referia \u00e0 qu\u00ea?", "answer": {"text": "qualquer m\u00e1quina que realize o trabalho de um profissional", "answer_start": 319}, "prediction": "pessoas que realizavam c\u00e1lculos"}, {"question": "A quem era associado o termo computador?", "answer": {"text": "computador era um termo associado a pessoas que realizavam c\u00e1lculos", "answer_start": 25}, "prediction": "pessoas que realizavam c\u00e1lculos"}, {"question": "Como \u00e9 conhecido Alan Turing?", "answer": {"text": "como pai da Ci\u00eancia da Computa\u00e7\u00e3o", "answer_start": 640}, "prediction": "pessoas que realizavam c\u00e1lculos"}, {"question": "Em que eram empregados os computadores antes da d\u00e9cada de 1920?", "answer": {"text": "projetos no com\u00e9rcio, governo e s\u00edtios de pesquisa", "answer_start": 172}, "prediction": "1940"}, {"question": "Quando o termo m\u00e1quina computacional perdeu espa\u00e7o para o termo computador?", "answer": {"text": "1940", "answer_start": 560}, "prediction": "1940"}]}, {"context": "O primeiro computador eletromec\u00e2nico foi constru\u00eddo por Konrad Zuse (1910\u20131995). Em 1936, esse engenheiro alem\u00e3o construiu, a partir de rel\u00eas que executavam os c\u00e1lculos e dados lidos em fitas perfuradas, o Z1. Zuse tentou vender o computador ao governo alem\u00e3o, que desprezou a oferta, j\u00e1 que n\u00e3o auxiliaria no esfor\u00e7o de guerra. Os projetos de Zuse ficariam parados durante a guerra, dando a chance aos americanos de desenvolver seus computadores. Foi na Segunda Guerra Mundial que realmente nasceram os computadores atuais. A Marinha dos Estados Unidos, em conjunto com a Universidade de Harvard, desenvolveu o computador Harvard Mark I, projetado pelo professor Howard Aiken, com base no calculador anal\u00edtico de Babbage. O Mark I ocupava 120m\u00b3 aproximadamente, conseguindo multiplicar dois n\u00fameros de dez d\u00edgitos em tr\u00eas segundos. Simultaneamente, e em segredo, o Ex\u00e9rcito dos Estados Unidos desenvolvia um projeto semelhante, chefiado pelos engenheiros J. Presper Eckert e John Mauchly, cujo resultado foi o primeiro computador a v\u00e1lvulas, o Eletronic Numeric Integrator And Calculator (ENIAC), capaz de fazer quinhentas multiplica\u00e7\u00f5es por segundo. Tendo sido projetado para calcular trajet\u00f3rias bal\u00edsticas, o ENIAC foi mantido em segredo pelo governo americano at\u00e9 o final da guerra, quando foi anunciado ao mundo.", "qas": [{"question": "A quem Zuse tentou vender o Z1?", "answer": {"text": "ao governo alem\u00e3o", "answer_start": 242}, "prediction": "J. Presper Eckert e John Mauchly"}, {"question": "At\u00e9 quando o ENIAC foi mantido em segredo?", "answer": {"text": "final da guerra", "answer_start": 1271}, "prediction": "quando foi anunciado ao mundo"}, {"question": "Como Zuse construiu o Z1?", "answer": {"text": "a partir de rel\u00eas", "answer_start": 124}, "prediction": "J. Presper Eckert"}, {"question": "Em quantos segundos o Mark I conseguia multiplicar dois n\u00fameros de dez d\u00edgitos? ", "answer": {"text": "em tr\u00eas segundos", "answer_start": 815}, "prediction": "dez d\u00edgitos em tr\u00eas segundos"}, {"question": "Em que foi baseado o Mark I?", "answer": {"text": "calculador anal\u00edtico de Babbage", "answer_start": 690}, "prediction": "quando foi anunciado ao mundo"}, {"question": "Para que servia o ENIAC?", "answer": {"text": "calcular trajet\u00f3rias bal\u00edsticas", "answer_start": 1178}, "prediction": "quando foi anunciado ao mundo"}, {"question": "Por que o Z1 foi desprezado pelo governo alem\u00e3o?", "answer": {"text": "j\u00e1 que n\u00e3o auxiliaria no esfor\u00e7o de guerra", "answer_start": 285}, "prediction": "quando foi anunciado ao mundo"}, {"question": "Por que o Z1 foi desprezado pelo governo alem\u00e3o?", "answer": {"text": "j\u00e1 que n\u00e3o auxiliaria no esfor\u00e7o de guerra", "answer_start": 285}, "prediction": "quando foi anunciado ao mundo"}, {"question": "Qual foi o primeiro computador a v\u00e1lvulas?", "answer": {"text": "ENIAC", "answer_start": 1090}, "prediction": "Eletronic Numeric Integrator And Calculator"}, {"question": "Quando nasceram os computadores atuais?", "answer": {"text": "Segunda Guerra Mundial", "answer_start": 455}, "prediction": "quando foi anunciado ao mundo"}, {"question": "Quem criou o Mark I?", "answer": {"text": "A Marinha dos Estados Unidos", "answer_start": 525}, "prediction": "J. Presper Eckert e John Mauchly"}]}, {"context": "Programas s\u00e3o simplesmente grandes listas de instru\u00e7\u00f5es para o computador executar, tais com tabelas de dados. Muitos programas de computador cont\u00eam milh\u00f5es de instru\u00e7\u00f5es, e muitas destas instru\u00e7\u00f5es s\u00e3o executadas repetidamente. Um computador pessoal t\u00edpico (no ano de 2003) podia executar cerca de dois a tr\u00eas bilh\u00f5es de instru\u00e7\u00f5es por segundo. Os computadores n\u00e3o t\u00eam a sua extraordin\u00e1ria capacidade devido a um conjunto de instru\u00e7\u00f5es complexo. Apesar de existirem diferen\u00e7as de projeto com CPU com um maior n\u00famero de instru\u00e7\u00f5es e mais complexas, os computadores executam milh\u00f5es de instru\u00e7\u00f5es simples combinadas, escritas por bons \"programadores\". Estas instru\u00e7\u00f5es combinadas s\u00e3o escritas para realizar tarefas comuns como, por exemplo, desenhar um ponto na tela. Tais instru\u00e7\u00f5es podem ent\u00e3o ser utilizadas por outros programadores.", "qas": [{"question": "Como as instru\u00e7\u00f5es geralmente s\u00e3o executadas?", "answer": {"text": "muitas destas instru\u00e7\u00f5es s\u00e3o executadas repetidamente", "answer_start": 174}, "prediction": "para realizar tarefas comuns como, por exemplo, desenhar um ponto na tela. Tais instru\u00e7\u00f5es podem ent\u00e3o ser utilizadas por outros programadores"}, {"question": "O que s\u00e3o programas?", "answer": {"text": "grandes listas de instru\u00e7\u00f5es", "answer_start": 27}, "prediction": "Programas s\u00e3o simplesmente grandes listas de instru\u00e7\u00f5es para o computador executar, tais com tabelas de dados"}, {"question": "Por quem as instru\u00e7\u00f5es escritas podem ser utilizadas?", "answer": {"text": "por outros programadores", "answer_start": 810}, "prediction": "para realizar tarefas comuns como, por exemplo, desenhar um ponto na tela. Tais instru\u00e7\u00f5es podem ent\u00e3o ser utilizadas por outros programadores"}, {"question": "Quantas instru\u00e7\u00f5es dos programas de computador possuem?", "answer": {"text": "Muitos programas de computador cont\u00eam milh\u00f5es de instru\u00e7\u00f5es", "answer_start": 111}, "prediction": "cerca de dois a tr\u00eas bilh\u00f5es de instru\u00e7\u00f5es"}, {"question": "Quem escreve as instru\u00e7\u00f5es para o computador?", "answer": {"text": "programadores", "answer_start": 635}, "prediction": "por bons \"programadores\""}, {"question": "Quem executa os programas?", "answer": {"text": "computador", "answer_start": 63}, "prediction": "por bons \"programadores\""}]}, {"context": "No caso da Universidade de S\u00e3o Paulo (USP), o curso de Engenharia de Computa\u00e7\u00e3o foi criado dentro da Escola Polit\u00e9cnica, que j\u00e1 oferecia um curso de Engenharia Eletr\u00f4nica com \u00eanfase em sistemas, e o curso original de bacharelado em Ci\u00eancia da Computa\u00e7\u00e3o continuou sendo oferecido pelo Instituto de Matem\u00e1tica e Estat\u00edstica, n\u00e3o havendo qualquer rela\u00e7\u00e3o entre os dois cursos. A primeira turma de engenheiros de computa\u00e7\u00e3o da Poli-USP iniciou-se em 1989 na cidade de Cubat\u00e3o, no modelo cooperativo, intercalando ciclos de est\u00e1gio com ciclos acad\u00eamicos, similar ao existente na Universidade de Waterloo. Na USP de S\u00e3o Carlos, o curso de Engenharia de Computa\u00e7\u00e3o foi criado atrav\u00e9s da parceria entre a Escola de Engenharia de S\u00e3o Carlos e o Instituto de Ci\u00eancias Matem\u00e1ticas e de Computa\u00e7\u00e3o da Universidade de S\u00e3o Paulo.", "qas": [{"question": "Dentro de qual escola foi criado o curso de Engenharia de Computa\u00e7\u00e3o?", "answer": {"text": "Escola Polit\u00e9cnica", "answer_start": 101}, "prediction": "Escola Polit\u00e9cnica"}, {"question": "O que \u00e9 USP?", "answer": {"text": "Universidade de S\u00e3o Paulo", "answer_start": 11}, "prediction": "Universidade de S\u00e3o Paulo"}, {"question": "Onde a primeira turma de engenheiros de computa\u00e7\u00e3o se iniciou?", "answer": {"text": "cidade de Cubat\u00e3o", "answer_start": 455}, "prediction": "1989"}, {"question": "Qual curso foi criado atrav\u00e9s da parceria entre a Escola de Engenharia de S\u00e3o Carlos e o Instituto de Ci\u00eancias Matem\u00e1ticas e de Computa\u00e7\u00e3o da Universidade de S\u00e3o Paulo?", "answer": {"text": "Engenharia de Computa\u00e7\u00e3o", "answer_start": 634}, "prediction": "a Escola de Engenharia de S\u00e3o Carlos e o Instituto de Ci\u00eancias Matem\u00e1ticas e de Computa\u00e7\u00e3o da Universidade de S\u00e3o Paulo"}, {"question": "Quando se iniciou a primeira turma de engenheiros de computa\u00e7\u00e3o?", "answer": {"text": "1989", "answer_start": 447}, "prediction": "1989"}]}, {"context": "O curso de gradua\u00e7\u00e3o em Engenharia de Computa\u00e7\u00e3o tem sido adicionado \u00e0s universidades desde o in\u00edcio dos anos 1990. Algumas universidades como o Instituto de Tecnologia de Massachusetts (MIT), nos Estados Unidos, optaram por unir os departamentos de engenharia el\u00e9trica e de ci\u00eancia da computa\u00e7\u00e3o. ", "qas": [{"question": "Desde quando o curso de engenharia de computa\u00e7\u00e3o tem sido adicionado \u00e0s universidades?", "answer": {"text": "in\u00edcio dos anos 1990", "answer_start": 94}, "prediction": "desde o in\u00edcio dos anos 1990"}, {"question": "O que \u00e9 MIT?", "answer": {"text": "Instituto de Tecnologia de Massachusetts", "answer_start": 145}, "prediction": "Instituto de Tecnologia de Massachusetts"}, {"question": "Onde fica o MIT?", "answer": {"text": "Estados Unidos", "answer_start": 197}, "prediction": "desde o in\u00edcio dos anos 1990"}, {"question": "Pelo que o MIT optou?", "answer": {"text": "unir os departamentos de engenharia el\u00e9trica e de ci\u00eancia da computa\u00e7\u00e3o", "answer_start": 225}, "prediction": "desde o in\u00edcio dos anos 1990. Algumas universidades como o Instituto de Tecnologia de Massachusetts (MIT), nos Estados Unidos, optaram por unir os departamentos de engenharia el\u00e9trica e de ci\u00eancia da computa\u00e7\u00e3o"}]}, {"context": "O profissional de engenharia de computa\u00e7\u00e3o possui forma\u00e7\u00e3o plena em engenharia e uma s\u00f3lida forma\u00e7\u00e3o t\u00e9cnico-cient\u00edfica e profissional, que o capacita a especificar, desenvolver, implementar, adaptar, industrializar, instalar e manter sistemas computacionais, bem como perfazer a integra\u00e7\u00e3o de recursos f\u00edsicos e l\u00f3gicos necess\u00e1rios para o atendimento das necessidades informacionais, computacionais e da automa\u00e7\u00e3o. Voltada a capacita\u00e7\u00e3o de voltagens. No Brasil \u00e9 considerado engenheiro de computa\u00e7\u00e3o quem for formado em Engenharia de Computa\u00e7\u00e3o, por\u00e9m para poder exercer a profiss\u00e3o \u00e9 necess\u00e1rio registro no sistema do CREA (Conselho Regional de Engenharia e Agronomia) do estado onde atua. O profissional pode trabalhar em institui\u00e7\u00f5es de ensino, bancos; as \u00e1reas para este profissional tamb\u00e9m englobam a \u00e1rea da constru\u00e7\u00e3o civil e seguran\u00e7a nacional.", "qas": [{"question": "Em que a forma\u00e7\u00e3o do profissional de engenharia de computa\u00e7\u00e3o o capacita?", "answer": {"text": "especificar, desenvolver, implementar, adaptar, industrializar, instalar e manter sistemas computacionais", "answer_start": 153}, "prediction": "especificar, desenvolver, implementar, adaptar, industrializar, instalar e manter sistemas computacionais, bem como perfazer a integra\u00e7\u00e3o de recursos f\u00edsicos e l\u00f3gicos necess\u00e1rios para o atendimento das necessidades informacionais, computacionais e da automa\u00e7\u00e3o. Voltada a capacita\u00e7\u00e3o de voltagens"}, {"question": "O que \u00e9 CREA?", "answer": {"text": "Conselho Regional de Engenharia e Agronomia", "answer_start": 626}, "prediction": "Conselho Regional de Engenharia e Agronomia"}, {"question": "O que \u00e9 necess\u00e1rio para um engenheiro de computa\u00e7\u00e3o exercer a profiss\u00e3o?", "answer": {"text": "registro no sistema do CREA", "answer_start": 597}, "prediction": "especificar, desenvolver, implementar, adaptar, industrializar, instalar e manter sistemas computacionais, bem como perfazer a integra\u00e7\u00e3o de recursos f\u00edsicos e l\u00f3gicos necess\u00e1rios para o atendimento das necessidades informacionais, computacionais e da automa\u00e7\u00e3o"}, {"question": "Quem \u00e9 considerado engenheiro de computa\u00e7\u00e3o no Brasil?", "answer": {"text": "No Brasil \u00e9 considerado engenheiro de computa\u00e7\u00e3o quem for formado em Engenharia de Computa\u00e7\u00e3o", "answer_start": 452}, "prediction": "Engenharia de Computa\u00e7\u00e3o"}]}, {"context": "O Coordenador de Curso ou equivalente dever\u00e1 anexar ao processo de cada acad\u00eamico que estiver em regime de exerc\u00edcios domiciliares, todos os documentos referentes ao per\u00edodo coberto pelo regime, inclusive c\u00f3pias das atividades domiciliares e provas. Cada professor definir\u00e1 as atividades que dever\u00e3o ser cumpridas durante o regime de exerc\u00edcios domiciliares, bem como, os prazos de entrega, cabendo ao acad\u00eamico, ou ao seu procurador, a responsabilidade de retirar e devolver as atividades na Coordena\u00e7\u00e3o de Curso. Se o acad\u00eamico n\u00e3o entregar as atividades programadas na data estipulada pelo professor, a frequ\u00eancia n\u00e3o ser\u00e1 computada. Caber\u00e1 ao professor entregar ao Coordenador de Curso ou equivalente \u00e0s atividades devolvidas pelo acad\u00eamico em regime de exerc\u00edcios domiciliares, bem como o lan\u00e7amento da frequ\u00eancia no sistema acad\u00eamico. A avalia\u00e7\u00e3o do conte\u00fado ser\u00e1 de acordo com o previsto no Plano de Ensino da disciplina, aplicando-se o mesmo sistema de avalia\u00e7\u00e3o exigido para os demais acad\u00eamicos. As datas das provas dever\u00e3o ser fixadas em comum acordo entre o acad\u00eamico, o professor e o Coordenador de Curso, ou equivalente. Ser\u00e1 atribu\u00edda nota zero ao acad\u00eamico que n\u00e3o comparecer para realiza\u00e7\u00e3o da prova.", "qas": [{"question": "O que acontece se o acad\u00eamico n\u00e3o entregar as atividades na data estipulada?", "answer": {"text": "a frequ\u00eancia n\u00e3o ser\u00e1 computada", "answer_start": 604}, "prediction": "a frequ\u00eancia n\u00e3o ser\u00e1 computada. Caber\u00e1 ao professor entregar ao Coordenador de Curso ou equivalente \u00e0s atividades devolvidas pelo acad\u00eamico em regime de exerc\u00edcios domiciliares, bem como o lan\u00e7amento da frequ\u00eancia no sistema acad\u00eamico. A avalia\u00e7\u00e3o do conte\u00fado ser\u00e1 de acordo com o previsto no Plano de Ensino da disciplina, aplicando-se o mesmo sistema de avalia\u00e7\u00e3o exigido para os demais acad\u00eamicos. As datas das provas dever\u00e3o ser fixadas em comum acordo entre o acad\u00eamico, o professor e o Coordenador de Curso, ou equivalente. Ser\u00e1 atribu\u00edda nota zero ao acad\u00eamico que n\u00e3o comparecer para realiza\u00e7\u00e3o da prova"}, {"question": "Onde os acad\u00eamicos devem retirar e devolver as atividades?", "answer": {"text": "Coordena\u00e7\u00e3o de Curso", "answer_start": 493}, "prediction": "anexar ao processo de cada acad\u00eamico que estiver em regime de exerc\u00edcios domiciliares, todos os documentos referentes ao per\u00edodo coberto pelo regime, inclusive c\u00f3pias das atividades domiciliares e provas. Cada professor definir\u00e1 as atividades que dever\u00e3o ser cumpridas durante o regime de exerc\u00edcios domiciliares"}, {"question": "Para quem o professor deve entregar as atividades devolvidas pelo acad\u00eamico?", "answer": {"text": "Coordenador de Curso", "answer_start": 669}, "prediction": "Coordenador de Curso"}, {"question": "Quem ir\u00e1 definir as atividades que dever\u00e3o ser cumpridas durante o regime de exerc\u00edcios domiciliares?", "answer": {"text": "professor", "answer_start": 255}, "prediction": "Cada professor definir\u00e1 as atividades que dever\u00e3o ser cumpridas durante o regime de exerc\u00edcios domiciliares"}]}, {"context": "A FACOM tamb\u00e9m mant\u00e9m parceria com diversas empresas sediadas em Campo Grande para prestar servi\u00e7os que englobam desde treinamento em softwares aplicativos a consultoria nas \u00e1reas de Computa\u00e7\u00e3o. O Ponto de Presen\u00e7a (POP) da Rede Nacional de Pesquisa (RNP) em Mato Grosso do Sul (MS) \u00e9 administrado pela FACOM e sediado no N\u00facleo de Inform\u00e1tica (NIN) da UFMS. Al\u00e9m disso, a Redecomep, uma iniciativa do Minist\u00e9rio da Ci\u00eancia e Tecnologia e Inova\u00e7\u00e3o (MCTI), coordenada pela RNP, que tem como objetivo implementar redes de alta velocidade nas regi\u00f5es metropolitanas do pa\u00eds servidas pelos Pontos de Presen\u00e7a da RNP, tamb\u00e9m \u00e9 coordenada pela Facom, no \u00e2mbito de Campo Grande.", "qas": [{"question": "O que \u00e9 a Redecomep?", "answer": {"text": "uma iniciativa do Minist\u00e9rio da Ci\u00eancia e Tecnologia e Inova\u00e7\u00e3o", "answer_start": 384}, "prediction": "RNP) em Mato Grosso do Sul (MS) \u00e9 administrado pela FACOM e sediado no N\u00facleo de Inform\u00e1tica (NIN) da UFMS. Al\u00e9m disso, a Redecomep, uma iniciativa do Minist\u00e9rio da Ci\u00eancia e Tecnologia e Inova\u00e7\u00e3o (MCTI), coordenada pela RNP, que tem como objetivo implementar redes de alta velocidade nas regi\u00f5es metropolitanas do pa\u00eds servidas pelos Pontos de Presen\u00e7a da RNP, tamb\u00e9m \u00e9 coordenada pela Facom, no \u00e2mbito de Campo Grande"}, {"question": "Onde \u00e9 sediado o POP da RNP em Mato Grosso do Sul?", "answer": {"text": "NIN", "answer_start": 345}, "prediction": "N\u00facleo de Inform\u00e1tica (NIN"}, {"question": "Por que a FACOM mant\u00e9m parceria com diversas empresas?", "answer": {"text": "para prestar servi\u00e7os", "answer_start": 78}, "prediction": "Campo Grande"}, {"question": "Por quem \u00e9 administrado o POP da RNP em Mato Grosso do Sul?", "answer": {"text": "FACOM", "answer_start": 303}, "prediction": "N\u00facleo de Inform\u00e1tica (NIN"}, {"question": "Qual o objetivo do Redecomep?", "answer": {"text": "implementar redes de alta velocidade nas regi\u00f5es metropolitanas do pa\u00eds servidas pelos Pontos de Presen\u00e7a da RNP", "answer_start": 499}, "prediction": "redes de alta velocidade nas regi\u00f5es metropolitanas do pa\u00eds servidas pelos Pontos de Presen\u00e7a da RNP"}]}, {"context": "Em 1953, o governo federal criou o Minist\u00e9rio da Sa\u00fade e tira do Minist\u00e9rio da Educa\u00e7\u00e3o e Sa\u00fade as responsabilidades de administra\u00e7\u00e3o destinadas a ela. A partir desse momento, passa a se chamar oficialmente de Minist\u00e9rio da Educa\u00e7\u00e3o e Cultura (MEC) pela lei n.\u00b0 1.920, de 25 de julho de 1953. Em 15 de mar\u00e7o de 1985, foi criado o Minist\u00e9rio da Cultura (MinC) pelo decreto n.\u00ba 91.144. Curiosamente a sigla MEC continua, por\u00e9m passa a se chamar Minist\u00e9rio da Educa\u00e7\u00e3o. Em 8 de novembro de 1990, as atividades do MEC passaram a integrar a pol\u00edtica nacional de educa\u00e7\u00e3o; a educa\u00e7\u00e3o, ensino civil, pesquisa e extens\u00e3o universit\u00e1rias; o magist\u00e9rio e a educa\u00e7\u00e3o especial.", "qas": [{"question": "Como o Minist\u00e9rio da Educa\u00e7\u00e3o e Sa\u00fade passou a se chamar depois que o governo federal criou o Minist\u00e9rio da Sa\u00fade?", "answer": {"text": "MEC", "answer_start": 244}, "prediction": "Minist\u00e9rio da Educa\u00e7\u00e3o e Cultura"}, {"question": "Quais atividades foram integradas ao MEC em 8 de novembro de 1990?", "answer": {"text": "pol\u00edtica nacional de educa\u00e7\u00e3o; a educa\u00e7\u00e3o, ensino civil, pesquisa e extens\u00e3o universit\u00e1rias; o magist\u00e9rio e a educa\u00e7\u00e3o especial", "answer_start": 536}, "prediction": "pol\u00edtica nacional de educa\u00e7\u00e3o; a educa\u00e7\u00e3o, ensino civil, pesquisa e extens\u00e3o universit\u00e1rias; o magist\u00e9rio e a educa\u00e7\u00e3o especial"}, {"question": "Quem criou o Minist\u00e9rio da Sa\u00fade?", "answer": {"text": "governo federal", "answer_start": 11}, "prediction": "MinC"}]}, {"context": "A pesquisa bibliogr\u00e1fica abrange a leitura, an\u00e1lise e interpreta\u00e7\u00e3o de livros, peri\u00f3dicos, documentos mimeografados ou fotocopiados, mapas, imagens, manuscritos, etc. Todo material recolhido deve ser submetido a uma triagem, a partir da qual \u00e9 poss\u00edvel estabelecer um plano de leitura. Trata-se de uma leitura atenta e sistem\u00e1tica que se faz acompanhar de anota\u00e7\u00f5es e fichamentos que, eventualmente, poder\u00e3o servir \u00e0 fundamenta\u00e7\u00e3o te\u00f3rica do estudo. Por tudo isso, deve ser uma rotina tanto na vida profissional de professores e pesquisadores, quanto na dos estudantes. Isso porque a pesquisa bibliogr\u00e1fica tem por objetivo conhecer as diferentes contribui\u00e7\u00f5es cient\u00edficas dispon\u00edveis sobre determinado tema. Ela d\u00e1 suporte a todas as fases de qualquer tipo de pesquisa, uma vez que auxilia na defini\u00e7\u00e3o do problema, na determina\u00e7\u00e3o dos objetivos, na constru\u00e7\u00e3o de hip\u00f3teses, na fundamenta\u00e7\u00e3o da justificativa da escolha do tema e na elabora\u00e7\u00e3o do relat\u00f3rio final.", "qas": [{"question": "A quais fases da pesquisa bibliogr\u00e1fica d\u00e1 suporte?", "answer": {"text": "todas as fases", "answer_start": 726}, "prediction": "leitura, an\u00e1lise e interpreta\u00e7\u00e3o de livros, peri\u00f3dicos, documentos mimeografados ou fotocopiados, mapas, imagens, manuscritos, etc. Todo material recolhido deve ser submetido a uma triagem, a partir da qual \u00e9 poss\u00edvel estabelecer um plano de leitura. Trata-se de uma leitura atenta e sistem\u00e1tica que se faz acompanhar de anota\u00e7\u00f5es e fichamentos que, eventualmente, poder\u00e3o servir \u00e0 fundamenta\u00e7\u00e3o te\u00f3rica do estudo. Por tudo isso, deve ser uma rotina tanto na vida profissional de professores e pesquisadores, quanto na dos estudantes. Isso porque a pesquisa bibliogr\u00e1fica tem por objetivo conhecer as diferentes contribui\u00e7\u00f5es cient\u00edficas dispon\u00edveis sobre determinado tema. Ela d\u00e1 suporte a todas as fases de qualquer tipo de pesquisa"}, {"question": "O que \u00e9 a triagem?", "answer": {"text": "Trata-se de uma leitura atenta e sistem\u00e1tica que se faz acompanhar de anota\u00e7\u00f5es e fichamentos", "answer_start": 286}, "prediction": "leitura, an\u00e1lise e interpreta\u00e7\u00e3o de livros, peri\u00f3dicos, documentos mimeografados ou fotocopiados, mapas, imagens, manuscritos, etc. Todo material recolhido deve ser submetido a uma triagem, a partir da qual \u00e9 poss\u00edvel estabelecer um plano de leitura"}, {"question": "Para onde deve ser enviado o material recolhido nas pesquisas?", "answer": {"text": "triagem", "answer_start": 216}, "prediction": "uma triagem"}, {"question": "Para que a triagem pode servir eventualmente?", "answer": {"text": "fundamenta\u00e7\u00e3o te\u00f3rica do estudo", "answer_start": 417}, "prediction": "fundamenta\u00e7\u00e3o te\u00f3rica do estudo"}, {"question": "Qual a finalidade da triagem em uma pesquisa?", "answer": {"text": "estabelecer um plano de leitura", "answer_start": 253}, "prediction": "leitura, an\u00e1lise e interpreta\u00e7\u00e3o de livros, peri\u00f3dicos, documentos mimeografados ou fotocopiados, mapas, imagens, manuscritos, etc. Todo material recolhido deve ser submetido a uma triagem, a partir da qual \u00e9 poss\u00edvel estabelecer um plano de leitura. Trata-se de uma leitura atenta e sistem\u00e1tica que se faz acompanhar de anota\u00e7\u00f5es e fichamentos que, eventualmente, poder\u00e3o servir \u00e0 fundamenta\u00e7\u00e3o te\u00f3rica do estudo. Por tudo isso, deve ser uma rotina tanto na vida profissional de professores e pesquisadores, quanto na dos estudantes. Isso porque a pesquisa bibliogr\u00e1fica tem por objetivo conhecer as diferentes contribui\u00e7\u00f5es cient\u00edficas dispon\u00edveis sobre determinado tema"}, {"question": "Qual o objetivo da pesquisa bibliogr\u00e1fica?", "answer": {"text": "conhecer as diferentes contribui\u00e7\u00f5es cient\u00edficas dispon\u00edveis sobre determinado tema", "answer_start": 624}, "prediction": "determina\u00e7\u00e3o dos objetivos, na constru\u00e7\u00e3o de hip\u00f3teses, na fundamenta\u00e7\u00e3o da justificativa da escolha do tema e na elabora\u00e7\u00e3o do relat\u00f3rio final"}]}, {"context": "A teoria da computa\u00e7\u00e3o \u00e9 um subcampo da ci\u00eancia da computa\u00e7\u00e3o e matem\u00e1tica que busca determinar quais problemas podem ser computados em um dado modelo de computa\u00e7\u00e3o. A computa\u00e7\u00e3o pode ser definida como a solu\u00e7\u00e3o de um problema ou, formalmente, o c\u00e1lculo de uma fun\u00e7\u00e3o por meio de um algoritmo. Apesar de intuitivo na hist\u00f3ria humana, o conceito de execu\u00e7\u00e3o de uma tarefa com passos finitos a fim de se obter um resultado, ou seja um algoritmo, n\u00e3o possuia uma defini\u00e7\u00e3o formal at\u00e9 a conceitua\u00e7\u00e3o do modelo de M\u00e1quina Universal de Turing.", "qas": [{"question": "A teoria da computa\u00e7\u00e3o \u00e9 um subcampo de quais \u00e1reas?", "answer": {"text": "A teoria da computa\u00e7\u00e3o \u00e9 um subcampo da ci\u00eancia da computa\u00e7\u00e3o e matem\u00e1tica", "answer_start": 40}, "prediction": "ci\u00eancia da computa\u00e7\u00e3o e matem\u00e1tica que busca determinar quais problemas podem ser computados em um dado modelo de computa\u00e7\u00e3o"}, {"question": "Como a computa\u00e7\u00e3o pode ser definida formalmente?", "answer": {"text": "o c\u00e1lculo de uma fun\u00e7\u00e3o por meio de um algoritmo", "answer_start": 244}, "prediction": "a solu\u00e7\u00e3o de um problema ou, formalmente, o c\u00e1lculo de uma fun\u00e7\u00e3o por meio de um algoritmo. Apesar de intuitivo na hist\u00f3ria humana, o conceito de execu\u00e7\u00e3o de uma tarefa com passos finitos a fim de se obter um resultado, ou seja um algoritmo, n\u00e3o possuia uma defini\u00e7\u00e3o formal at\u00e9 a conceitua\u00e7\u00e3o do modelo de M\u00e1quina Universal de Turing"}, {"question": "Qual a finalidade da teoria da computa\u00e7\u00e3o?", "answer": {"text": "A teoria da computa\u00e7\u00e3o \u00e9 um subcampo da ci\u00eancia da computa\u00e7\u00e3o e matem\u00e1tica que busca determinar quais problemas podem ser computados em um dado modelo de computa\u00e7\u00e3o", "answer_start": 85}, "prediction": "ci\u00eancia da computa\u00e7\u00e3o e matem\u00e1tica que busca determinar quais problemas podem ser computados em um dado modelo de computa\u00e7\u00e3o"}, {"question": "Qual foi a m\u00e1quina que formalizou o conceito de execu\u00e7\u00e3o de uma tarefa com passos finitos?", "answer": {"text": "M\u00e1quina Universal de Turing", "answer_start": 509}, "prediction": "teoria da computa\u00e7\u00e3o \u00e9 um subcampo da ci\u00eancia da computa\u00e7\u00e3o e matem\u00e1tica que busca determinar quais problemas podem ser computados em um dado modelo de computa\u00e7\u00e3o"}]}, {"context": "No Brasil, \u00e9 poss\u00edvel cursar, geralmente, duas disciplinas do Programa de Mestrado ou at\u00e9 mesmo da gradua\u00e7\u00e3o sem passar pelo exame de sele\u00e7\u00e3o. As inscri\u00e7\u00f5es costumam acontecer no mesmo per\u00edodo do Processo Seletivo para Mestrado. Ap\u00f3s sele\u00e7\u00e3o dos aprovados regulares, o candidato n\u00e3o regular poder\u00e1 matricular-se nas duas disciplinas sem que, por\u00e9m, haja algum v\u00ednculo efetivo com a Institui\u00e7\u00e3o de Ensino Superior. Posteriormente, poder\u00e1 requerer o aproveitamento das duas disciplinas cursadas como Aluno Especial em seu curso de gradua\u00e7\u00e3o (desde que tenha o ensino m\u00e9dio completo) ou p\u00f3s-gradua\u00e7\u00e3o (desde que tenha conclu\u00eddo a gradua\u00e7\u00e3o) at\u00e9 a data da matr\u00edcula, caso contr\u00e1rio n\u00e3o poder\u00e1 pedir aproveitamento das disciplinas cursadas, pois estas valer\u00e3o apenas como atividade extracurricular de ensino e extens\u00e3o.", "qas": [{"question": "O candidato deve ter um vinculo efetivo com quem para se matricular sem passar pelo exame de sele\u00e7\u00e3o?", "answer": {"text": "Institui\u00e7\u00e3o de Ensino Superior", "answer_start": 382}, "prediction": "desde que tenha conclu\u00eddo a gradua\u00e7\u00e3o) at\u00e9 a data da matr\u00edcula, caso contr\u00e1rio n\u00e3o poder\u00e1 pedir aproveitamento das disciplinas cursadas"}, {"question": "O que acontece caso o Aluno Especial n\u00e3o requeira o aproveitamento das duas disciplinas cursadas at\u00e9 a data de matr\u00edcula?", "answer": {"text": "estas valer\u00e3o apenas como atividade extracurricular de ensino e extens\u00e3o", "answer_start": 741}, "prediction": "desde que tenha o ensino m\u00e9dio completo) ou p\u00f3s-gradua\u00e7\u00e3o (desde que tenha conclu\u00eddo a gradua\u00e7\u00e3o) at\u00e9 a data da matr\u00edcula, caso contr\u00e1rio n\u00e3o poder\u00e1 pedir aproveitamento das disciplinas cursadas"}, {"question": "Quando ocorrem as inscri\u00e7\u00f5es para cursar disciplinas do programa de mestrado sem passar pelo exame de sele\u00e7\u00e3o?", "answer": {"text": "no mesmo per\u00edodo do Processo Seletivo para Mestrado", "answer_start": 176}, "prediction": "desde que tenha conclu\u00eddo a gradua\u00e7\u00e3o) at\u00e9 a data da matr\u00edcula, caso contr\u00e1rio n\u00e3o poder\u00e1 pedir aproveitamento das disciplinas cursadas"}]}, {"context": "O mestrado acad\u00eamico tem, por objetivo, iniciar o aluno na pesquisa. A \u00e1rea de conhecimento \u00e9 bem focada e constitui-se em um subconjunto da \u00e1rea profissional (aquela estudada em todo um curso de gradua\u00e7\u00e3o). Al\u00e9m de disciplinas mais avan\u00e7adas, que incluem uma parcela significativa de pesquisa bibliogr\u00e1fica individual e de trabalho de interpreta\u00e7\u00e3o, \u00e9 desenvolvido um trabalho de inicia\u00e7\u00e3o \u00e0 pesquisa cient\u00edfica. Espera-se que ao final do curso o aluno tenha adquirido capacidade de desenvolver trabalho aut\u00f4nomo. Este trabalho caracteriza-se pela busca de refer\u00eancias, m\u00e9todos e tecnologias atuais e sua aplica\u00e7\u00e3o de forma criativa. Espera-se tamb\u00e9m, a demonstra\u00e7\u00e3o de capacidade de reda\u00e7\u00e3o de textos cient\u00edficos. Esta capacidade \u00e9 evidenciada, principalmente, pelo texto da disserta\u00e7\u00e3o de mestrado. \u00c9 desej\u00e1vel a publica\u00e7\u00e3o ou submiss\u00e3o de artigo(s) em reconhecidas revistas especializadas e anais de congressos, durante e ap\u00f3s o curso, o que evidenciar\u00e1 a import\u00e2ncia da pesquisa realizada e seu reconhecimento pelos pares acad\u00eamicos.", "qas": [{"question": "O que evidencia a capacidade de reda\u00e7\u00e3o de textos cient\u00edficos do aluno nos trabalhos aut\u00f4nomos?", "answer": {"text": "Esta capacidade \u00e9 evidenciada, principalmente, pelo texto da disserta\u00e7\u00e3o de mestrado", "answer_start": 716}, "prediction": "a demonstra\u00e7\u00e3o de capacidade de reda\u00e7\u00e3o de textos cient\u00edficos"}, {"question": "O que \u00e9 esperado do aluno finalizante do curso de mestrado?", "answer": {"text": "capacidade de desenvolver trabalho aut\u00f4nomo", "answer_start": 470}, "prediction": "um subconjunto da \u00e1rea profissional (aquela estudada em todo um curso de gradua\u00e7\u00e3o)"}, {"question": "Qual a finalidade do mestrado?", "answer": {"text": "O mestrado acad\u00eamico tem, por objetivo, iniciar o aluno na pesquisa", "answer_start": 40}, "prediction": "pesquisa cient\u00edfica"}, {"question": "Qual a principal caracter\u00edstica do trabalho aut\u00f4nomo?", "answer": {"text": "busca de refer\u00eancias, m\u00e9todos e tecnologias atuais e sua aplica\u00e7\u00e3o de forma criativa", "answer_start": 549}, "prediction": "busca de refer\u00eancias, m\u00e9todos e tecnologias atuais e sua aplica\u00e7\u00e3o de forma criativa"}, {"question": "Que tipo de trabalho \u00e9 desenvolvido nos cursos de mestrado?", "answer": {"text": "Al\u00e9m de disciplinas mais avan\u00e7adas, que incluem uma parcela significativa de pesquisa bibliogr\u00e1fica individual e de trabalho de interpreta\u00e7\u00e3o, \u00e9 desenvolvido um trabalho de inicia\u00e7\u00e3o \u00e0 pesquisa cient\u00edfica", "answer_start": 208}, "prediction": "um subconjunto da \u00e1rea profissional (aquela estudada em todo um curso de gradua\u00e7\u00e3o)"}]}, {"context": "Todos os formalismos propostos acima s\u00e3o equivalentes em termos de poder computacional\u2014ou seja, qualquer computa\u00e7\u00e3o que possa ser realizada com um modelo pode ser realizada com qualquer um dos outros modelos. Ainda em termos te\u00f3ricos, os modelos propostos s\u00e3o equivalentes aos computadores eletr\u00f4nicos, desde que n\u00e3o haja restri\u00e7\u00f5es de mem\u00f3ria envolvidas. Na verdade, acredita-se que todas as formaliza\u00e7\u00f5es teoricamente poss\u00edveis para o conceito de algoritmo s\u00e3o equivalentes em poder a uma m\u00e1quina de Turing; esta \u00e9 a tese de Church-Turing. As quest\u00f5es relativas \u00e0 possibilidade de realizar certos tipos de computa\u00e7\u00e3o em determinados tipos de m\u00e1quina (ou formalismo te\u00f3rico) s\u00e3o investigadas pela teoria da computabilidade.", "qas": [{"question": "Os modelos propostos s\u00e3o equivalentes ao qu\u00ea?", "answer": {"text": "aos computadores eletr\u00f4nicos, desde que n\u00e3o haja restri\u00e7\u00f5es de mem\u00f3ria envolvidas", "answer_start": 273}, "prediction": "os modelos propostos s\u00e3o equivalentes aos computadores eletr\u00f4nicos"}, {"question": "Qual teoria investiga as quest\u00f5es relativas \u00e0 possibilidade de realizar certos tipos de computa\u00e7\u00e3o em determinados tipos de m\u00e1quina?", "answer": {"text": "teoria da computabilidade", "answer_start": 698}, "prediction": "teoria da computabilidade"}]}, {"context": "lato sensu s\u00e3o cursos mais direcionados \u00e0 atua\u00e7\u00e3o profissional e atualiza\u00e7\u00e3o dos graduados no n\u00edvel superior: tecn\u00f3logos, licenciados ou bachar\u00e9is. Se encontram, nesta categoria: os cursos de aperfei\u00e7oamento com carga hor\u00e1ria de no m\u00e1ximo 359 horas; os cursos de especializa\u00e7\u00e3o com carga hor\u00e1ria de no m\u00ednimo 360 horas; bem como os cursos designados como MBA (do ingl\u00eas Master in Business Administration, \"mestre em administra\u00e7\u00e3o de empresas\"), que n\u00e3o s\u00e3o equipar\u00e1veis aos mestrados, ao contr\u00e1rio do que acontece nos Estados Unidos.", "qas": [{"question": "Ao que s\u00e3o direcionados os cursos lato sensu?", "answer": {"text": "atua\u00e7\u00e3o profissional e atualiza\u00e7\u00e3o dos graduados", "answer_start": 42}, "prediction": "atua\u00e7\u00e3o profissional e atualiza\u00e7\u00e3o dos graduados no n\u00edvel superior: tecn\u00f3logos, licenciados ou bachar\u00e9is"}, {"question": "Onde os cursos designados como MBA s\u00e3o equipar\u00e1veis aos mestrados?", "answer": {"text": "Estados Unidos", "answer_start": 518}, "prediction": "MBA"}, {"question": "Quais s\u00e3o os graduados no n\u00edvel superior?", "answer": {"text": "tecn\u00f3logos, licenciados ou bachar\u00e9is", "answer_start": 110}, "prediction": "tecn\u00f3logos, licenciados ou bachar\u00e9is"}, {"question": "Qual a carga hor\u00e1ria m\u00e1xima dos cursos de aperfei\u00e7oamento lato sensu?", "answer": {"text": "359", "answer_start": 239}, "prediction": "359 horas"}]}, {"context": "Bacharelado: modalidade de Curso de Gradua\u00e7\u00e3o de forma\u00e7\u00e3o profissional. Carga Hor\u00e1ria do Curso: n\u00famero de horas-aula obtidas pela soma das cargas hor\u00e1rias dos componentes curriculares previstos no Projeto Pedag\u00f3gico do Curso. Carga Hor\u00e1ria Semestral: n\u00famero de horas-aula obtidas pela soma das cargas hor\u00e1rias das disciplinas alocadas no semestre, conforme disposto no Projeto Pedag\u00f3gico do Curso. Componente Curricular: \u00e9 cada uma das disciplinas ou atividades acad\u00eamicas que comp\u00f5em a Matriz Curricular do Curso. Disciplina: \u00e9 o conjunto de estudos e/ou atividades correspondente a um programa de ensino desenvolvido em um per\u00edodo letivo. ", "qas": [{"question": "A matriz curricular do curso \u00e9 composta pelo qu\u00ea?", "answer": {"text": "Componente Curricular", "answer_start": 398}, "prediction": "Projeto Pedag\u00f3gico do Curso"}, {"question": "Onde est\u00e1 prevista a carga hor\u00e1ria dos componentes curriculares?", "answer": {"text": "Projeto Pedag\u00f3gico do Curso", "answer_start": 197}, "prediction": "Projeto Pedag\u00f3gico do Curso. Carga Hor\u00e1ria Semestral: n\u00famero de horas-aula obtidas pela soma das cargas hor\u00e1rias das disciplinas alocadas no semestre"}, {"question": "Qual a modalidade de curso de gradua\u00e7\u00e3o que forma profissionais?", "answer": {"text": "Bacharelado", "answer_start": 0}, "prediction": "cada uma das disciplinas ou atividades acad\u00eamicas que comp\u00f5em a Matriz Curricular do Curso"}]}, {"context": "Para a An\u00e1lise de Curr\u00edculo, o acad\u00eamico dever\u00e1 apresentar: original do Hist\u00f3rico Escolar, ou fotoc\u00f3pia autenticada em cart\u00f3rio, ou fotoc\u00f3pia que ser\u00e1 autenticada pela Secretaria Acad\u00eamica da Unidade de Administra\u00e7\u00e3o Setorial da UFMS, de lota\u00e7\u00e3o do Curso, mediante a apresenta\u00e7\u00e3o do original; c\u00f3pia dos Planos de Ensino das disciplinas cursadas, aprovados pelo Colegiado de Curso ou equivalente da institui\u00e7\u00e3o de origem, contendo: o per\u00edodo de estudo, os conte\u00fados program\u00e1ticos oficiais e os crit\u00e9rios de aprova\u00e7\u00e3o na disciplina; e c\u00f3pia da Matriz Curricular do curso de origem, conforme Projeto Pedag\u00f3gico do Curso.", "qas": [{"question": "Como o acad\u00eamico pode autenticar a fotoc\u00f3pia na Secretaria Acad\u00eamica?", "answer": {"text": "mediante a apresenta\u00e7\u00e3o do original", "answer_start": 256}, "prediction": "o acad\u00eamico dever\u00e1 apresentar: original do Hist\u00f3rico Escolar, ou fotoc\u00f3pia autenticada em cart\u00f3rio, ou fotoc\u00f3pia que ser\u00e1 autenticada pela Secretaria Acad\u00eamica da Unidade de Administra\u00e7\u00e3o Setorial da UFMS, de lota\u00e7\u00e3o do Curso, mediante a apresenta\u00e7\u00e3o do original; c\u00f3pia dos Planos de Ensino das disciplinas cursadas"}, {"question": "O que o plano de ensino deve conter?", "answer": {"text": "o per\u00edodo de estudo, os conte\u00fados program\u00e1ticos oficiais e os crit\u00e9rios de aprova\u00e7\u00e3o na disciplina", "answer_start": 431}, "prediction": "o per\u00edodo de estudo, os conte\u00fados program\u00e1ticos oficiais e os crit\u00e9rios de aprova\u00e7\u00e3o na disciplina; e c\u00f3pia da Matriz Curricular do curso de origem, conforme Projeto Pedag\u00f3gico do Curso"}]}, {"context": "As universidades privadas s\u00e3o financiadas principalmente por fundos privados, o que lhes d\u00e1 maior independ\u00eancia em rela\u00e7\u00e3o \u00e0s pol\u00edticas p\u00fablica de ensino superior. As fontes de financiamento principal s\u00e3o normalmente as propinas pagas pelos seus alunos, mas tamb\u00e9m podem receber financiamento atrav\u00e9s de d\u00e1divas por filantropia, de pagamento de servi\u00e7os prestados a entidades externas e mesmo de contribui\u00e7\u00f5es p\u00fablicas.", "qas": [{"question": "Em rela\u00e7\u00e3o ao que as universidades s\u00e3o independentes?", "answer": {"text": "\u00e0s pol\u00edticas p\u00fablica de ensino superior", "answer_start": 123}, "prediction": "As fontes de financiamento principal s\u00e3o normalmente as propinas pagas pelos seus alunos"}, {"question": "Qual a principal fonte de renda das universidades particulares?", "answer": {"text": "propinas pagas pelos seus alunos", "answer_start": 220}, "prediction": "maior independ\u00eancia em rela\u00e7\u00e3o \u00e0s pol\u00edticas p\u00fablica de ensino superior"}]}, {"context": "As universidades t\u00eam uma organiza\u00e7\u00e3o interna baseada em unidades org\u00e2nicas de ensino e de investiga\u00e7\u00e3o, onde se incluem faculdades, escolas, institutos, col\u00e9gios e departamentos. Essas unidades disp\u00f5em de maior ou menor autonomia dentro da universidade, conforme a organiza\u00e7\u00e3o da mesma. No caso em que as suas unidades disp\u00f5em de uma grande autonomia, uma universidade pode constituir uma mera federa\u00e7\u00e3o de escolas ou faculdades, agrupadas para efeitos meramente administrativos, eventualmente partilhando alguns recursos comuns. Muitas universidades deste tipo tiveram origem no agrupamento administrativo de escolas mais antigas, as quais, mesmo integradas numa institui\u00e7\u00e3o maior, mantiveram a sua identidade e parte da sua autonomia.", "qas": [{"question": "Quais s\u00e3o as unidades org\u00e2nicas de ensino de uma universidade?", "answer": {"text": "faculdades, escolas, institutos, col\u00e9gios e departamentos", "answer_start": 120}, "prediction": "unidades org\u00e2nicas de ensino e de investiga\u00e7\u00e3o"}, {"question": "Quando uma universidade pode construir uma federa\u00e7\u00e3o de escolas?", "answer": {"text": "No caso em que as suas unidades disp\u00f5em de uma grande autonomia", "answer_start": 287}, "prediction": "uma universidade pode constituir uma mera federa\u00e7\u00e3o de escolas ou faculdades"}]}, {"context": "Em 1088, na cidade de Bolonha, na It\u00e1lia, \u00e9 fundada a Universidade de Bolonha que viria a ser conhecida como a primeira universidade da Europa onde se estudava direito, medicina e teologia. As universidades que se lhe seguiram, que foram fundadas na Europa crist\u00e3 medieval, tinham como base a miss\u00e3o de procurar a Verdade, o Bem e o Belo, atrav\u00e9s da controv\u00e9rsia livre entre propostas rivais.", "qas": [{"question": "Onde se estudava direito em 1088 na It\u00e1lia?", "answer": {"text": "Universidade de Bolonha", "answer_start": 54}, "prediction": "Universidade de Bolonha"}, {"question": "Qual era a miss\u00e3o das universidades criadas ap\u00f3s a universidade de Bolonha?", "answer": {"text": "procurar a Verdade, o Bem e o Belo", "answer_start": 303}, "prediction": "Universidade de Bolonha que viria a ser conhecida como a primeira universidade da Europa onde se estudava direito, medicina e teologia"}]}, {"context": "\u00e9 facultado ao acad\u00eamico solicitar dispensa de cursar disciplinas que integram a matriz curricular de seu curso, com justificativa de extraordin\u00e1rio rendimento acad\u00eamico, mediante avalia\u00e7\u00e3o espec\u00edfica aplicada por banca examinadora, para abrevia\u00e7\u00e3o da dura\u00e7\u00e3o do curso de gradua\u00e7\u00e3o para um tempo inferior ao m\u00ednimo previsto no projeto pedag\u00f3gico do curso, de acordo com a legisla\u00e7\u00e3o em vigor. o disposto no caput deste artigo n\u00e3o se aplica \u00e0s disciplinas de est\u00e1gio obrigat\u00f3rio, trabalho de conclus\u00e3o de curso e atividades complementares; bem como \u00e0s disciplinas com conte\u00fados pr\u00e1ticos. o pedido ser\u00e1 formalizado pelo acad\u00eamico, acompanhado de justificativa, uma \u00fanica vez em cada disciplina, nos prazos previstos pelo calend\u00e1rio acad\u00eamico da ufms, na secretaria acad\u00eamica da unidade da administra\u00e7\u00e3o setorial de oferecimento do curso.", "qas": [{"question": "na solicita\u00e7\u00e3o de abrevia\u00e7\u00e3o de curso, quais disciplinas o acad\u00eamico n\u00e3o pode solicitar dispensa?", "answer": {"text": "disciplinas de est\u00e1gio obrigat\u00f3rio, trabalho de conclus\u00e3o de curso e atividades complementares; bem como \u00e0s disciplinas com conte\u00fados pr\u00e1ticos", "answer_start": 443}, "prediction": "uma \u00fanica vez em cada disciplina, nos prazos previstos pelo calend\u00e1rio acad\u00eamico da ufms, na secretaria acad\u00eamica da unidade da administra\u00e7\u00e3o setorial de oferecimento do curso"}, {"question": "o que o acad\u00eamico pode solicitar caso este apresente extraordin\u00e1rio rendimento acad\u00eamico?", "answer": {"text": "dispensa de cursar disciplinas", "answer_start": 35}, "prediction": "mediante avalia\u00e7\u00e3o espec\u00edfica aplicada por banca examinadora"}, {"question": "onde o acad\u00eamico deve requisitar dispensa por extraordin\u00e1rio rendimento acad\u00eamico?", "answer": {"text": "na secretaria acad\u00eamica", "answer_start": 749}, "prediction": "mediante avalia\u00e7\u00e3o espec\u00edfica aplicada por banca examinadora"}]}, {"context": "ao ingressar na ufms, o acad\u00eamico poder\u00e1 solicitar ao colegiado de curso, uma \u00fanica vez, dentro dos prazos estabelecidos no calend\u00e1rio acad\u00eamico, o aproveitamento dos estudos realizados anteriormente em cursos de gradua\u00e7\u00e3o. somente ser\u00e1 admitida mais de uma solicita\u00e7\u00e3o de aproveitamento de estudos pelo acad\u00eamico, durante o curso, nos seguintes casos: para acad\u00eamicos de cursos em processo de extin\u00e7\u00e3o na ufms; para acad\u00eamicos com ingresso anterior ao primeiro semestre do ano letivo de 2015; ou quando a an\u00e1lise de curr\u00edculo realizada anteriormente n\u00e3o tenha contemplado todas as disciplinas pass\u00edveis de dispensa, mediante an\u00e1lise do coordenador e aprova\u00e7\u00e3o pelo colegiado do curso, sendo que n\u00e3o poder\u00e1 ser objeto de aproveitamento de estudos a disciplina que j\u00e1 tenha sido analisada anteriormente e que conste com parecer desfavor\u00e1vel para dispensa, salvo em casos de implanta\u00e7\u00e3o de nova estrutura curricular, posterior \u00e0 analise. n\u00e3o s\u00e3o pass\u00edveis de dispensa por aproveitamento de estudos as disciplinas de est\u00e1gio obrigat\u00f3rio, de trabalho de conclus\u00e3o de curso e de atividades complementares, salvo nos casos em que o acad\u00eamico tenha cursado essas disciplinas na ufms, em cursos hom\u00f4nimos, mediante an\u00e1lise do coordenador e aprova\u00e7\u00e3o pelo colegiado do curso.", "qas": [{"question": "quantas vezes posso solicitar aproveitamento de estudos?", "answer": {"text": "ao ingressar na ufms, o acad\u00eamico poder\u00e1 solicitar ao colegiado de curso, uma \u00fanica vez, dentro dos prazos estabelecidos no calend\u00e1rio acad\u00eamico, o aproveitamento dos estudos realizados anteriormente em cursos de gradua\u00e7\u00e3o", "answer_start": 0}, "prediction": "uma \u00fanica vez"}]}, {"context": "a disciplina \u00e9 identificada por seu nome, c\u00f3digo, ementa, carga hor\u00e1ria, pr\u00e9- requisito, lota\u00e7\u00e3o e bibliografia. cada turma ofertada da disciplina dever\u00e1 ter um plano de ensino contendo, obrigatoriamente: identifica\u00e7\u00e3o; objetivos; ementa; programa; procedimentos de ensino; recursos; avalia\u00e7\u00e3o, com especifica\u00e7\u00e3o dos instrumentos e das avalia\u00e7\u00f5es acad\u00eamicas, avalia\u00e7\u00e3o optativa, as respectivas datas de aplica\u00e7\u00e3o e a f\u00f3rmula da m\u00e9dia de aproveitamento; atividade pedag\u00f3gica de recupera\u00e7\u00e3o de desempenho em avalia\u00e7\u00f5es; bibliografia; e assinatura do professor. os planos de ensino das disciplinas dever\u00e3o ser aprovados at\u00e9 o primeiro dia do per\u00edodo letivo, pelo colegiado de curso, ou, no caso de disciplinas ofertadas a m\u00faltiplos cursos, dever\u00e3o ser aprovados pelo conselho da unidade da administra\u00e7\u00e3o setorial que oferece as respectivas disciplinas, ouvidos os colegiados dos cursos envolvidos. a abertura do siscad para lan\u00e7amentos, pelo professor, somente dar-se-\u00e1 ap\u00f3s libera\u00e7\u00e3o do plano de ensino no sistema . o professor da disciplina dever\u00e1 apresentar o plano de ensino, aos acad\u00eamicos, na primeira aula. nos per\u00edodos letivos regulares, cada turma dever\u00e1 ter, no m\u00ednimo, dez acad\u00eamicos, podendo o colegiado de curso, excepcionalmente, autorizar turmas com n\u00famero menor.", "qas": [{"question": "qual o n\u00famero m\u00ednimo de alunos para se ter uma disciplina regular?", "answer": {"text": "cada turma dever\u00e1 ter, no m\u00ednimo, dez acad\u00eamicos, podendo o colegiado de curso, excepcionalmente, autorizar turmas com n\u00famero menor", "answer_start": 1143}, "prediction": "dez acad\u00eamicos"}]}]}