{
  "best_epoch": 0,
  "peak_cpu_memory_MB": 2652.268,
  "peak_gpu_0_memory_MB": 10787,
  "peak_gpu_1_memory_MB": 10,
  "peak_gpu_2_memory_MB": 10,
  "peak_gpu_3_memory_MB": 5917,
  "training_duration": "00:01:04",
  "training_start_epoch": 0,
  "training_epochs": 9,
  "epoch": 9,
  "training_start_acc": 0.007751937984496124,
  "training_end_acc": 0.09302325581395349,
  "training_span_acc": 0.0,
  "training_em": 0.002583979328165375,
  "training_f1": 0.13398435404523812,
  "training_loss": 8.67644079208374,
  "training_cpu_memory_MB": 2652.268,
  "training_gpu_0_memory_MB": 10787,
  "training_gpu_1_memory_MB": 10,
  "training_gpu_2_memory_MB": 10,
  "training_gpu_3_memory_MB": 5917,
  "validation_start_acc": 0.011494252873563218,
  "validation_end_acc": 0.06896551724137931,
  "validation_span_acc": 0.0,
  "validation_em": 0.0,
  "validation_f1": 0.20905658658391957,
  "validation_loss": 8.814433336257935,
  "best_validation_start_acc": 0.011494252873563218,
  "best_validation_end_acc": 0.0,
  "best_validation_span_acc": 0.0,
  "best_validation_em": 0.0,
  "best_validation_f1": 0.17307188670368634,
  "best_validation_loss": 9.982277552286783
}