{"data": [{"context": "A Inform\u00e1tica ou Tecnologia da Informa\u00e7\u00e3o \u00e9 um componente indispens\u00e1vel nas organiza\u00e7\u00f5es, na medida em que as solu\u00e7\u00f5es tecnol\u00f3gicas automatizam processos e s\u00e3o fonte de vantagens competitivas atrav\u00e9s da an\u00e1lise de cen\u00e1rios, apoio ao processo decis\u00f3rio e defini\u00e7\u00e3o e implementa\u00e7\u00e3o de novas estrat\u00e9gias organizacionais. Assim, cresce a preocupa\u00e7\u00e3o com a coleta, armazenamento, processamento e transmiss\u00e3o da informa\u00e7\u00e3o, justamente porque a disponibilidade da informa\u00e7\u00e3o certa \u00e9 requisito fundamental para a melhoria cont\u00ednua da qualidade e competitividade organizacionais, o que implica considerar a crescente relev\u00e2ncia dos sistemas de informa\u00e7\u00e3o baseados em computador. Um sistema de informa\u00e7\u00e3o pode ser definido tecnicamente como \u201cum conjunto de componentes inter-relacionados que coleta (ou recupera), processa, armazena e distribui informa\u00e7\u00f5es destinadas a apoiar a tomada de decis\u00f5es, a coordena\u00e7\u00e3o e o controle de uma organiza\u00e7\u00e3o. Al\u00e9m de dar suporte ao processo decis\u00f3rio, \u00e0 coordena\u00e7\u00e3o e ao controle, sistemas de informa\u00e7\u00e3o podem tamb\u00e9m auxiliar gerentes e trabalhadores a analisar problemas, visualizar situa\u00e7\u00f5es complexas, e criar novos produtos.\u201d (LAUDON, 2004, p.7).", "qas": [{"question": "Como pode ser definido um sistema de informa\u00e7\u00e3o?", "answer": {"text": "um conjunto de componentes inter-relacionados que coleta (ou recupera), processa, armazena e distribui informa\u00e7\u00f5es destinadas a apoiar a tomada de decis\u00f5es, a coordena\u00e7\u00e3o e o controle de uma organiza\u00e7\u00e3o. Al\u00e9m de dar suporte ao processo decis\u00f3rio, \u00e0 coordena\u00e7\u00e3o e ao controle, sistemas de informa\u00e7\u00e3o podem tamb\u00e9m auxiliar gerentes e trabalhadores a analisar problemas, visualizar situa\u00e7\u00f5es complexas, e criar novos produtos", "answer_start": 732}, "prediction": "um conjunto de componentes inter-relacionados que coleta (ou recupera"}, {"question": "O que as solu\u00e7\u00f5es tecnol\u00f3gicas automatizam?", "answer": {"text": "processos", "answer_start": 144}, "prediction": "an\u00e1lise de cen\u00e1rios, apoio ao processo decis\u00f3rio e defini\u00e7\u00e3o e implementa\u00e7\u00e3o de novas estrat\u00e9gias organizacionais"}, {"question": "Por que a preocupa\u00e7\u00e3o com a coleta, armazenamento, processamento e transmiss\u00e3o da informa\u00e7\u00e3o cresce?", "answer": {"text": "justamente porque a disponibilidade da informa\u00e7\u00e3o certa \u00e9 requisito fundamental para a melhoria cont\u00ednua da qualidade e competitividade organizacionais", "answer_start": 418}, "prediction": "porque a disponibilidade da informa\u00e7\u00e3o certa \u00e9 requisito fundamental para a melhoria cont\u00ednua da qualidade e competitividade organizacionais"}, {"question": "Qual um componente indispens\u00e1vel nas organiza\u00e7\u00f5es?", "answer": {"text": "Inform\u00e1tica", "answer_start": 2}, "prediction": "um conjunto de componentes inter-relacionados que coleta (ou recupera"}]}, {"context": "As exig\u00eancias da quantidade de horas de atividades complementares obrigat\u00f3rias e optativas que voc\u00ea deve realizar podem variar de curso para curso, ou at\u00e9 mesmo de institui\u00e7\u00e3o para institui\u00e7\u00e3o. Por lei, elas n\u00e3o podem passar de 20% do tempo total de curso. Por\u00e9m, n\u00e3o existe uma defini\u00e7\u00e3o geral em rela\u00e7\u00e3o a elas. Existem diversas vantagens na realiza\u00e7\u00e3o de atividades complementares. A principal delas \u00e9 incentivar o aluno a conhecer outras coisas fora do ambiente de ensino acad\u00eamico. Em outras palavras, \u00e9 ir al\u00e9m da experi\u00eancia tradicional did\u00e1tica e muitas vezes colocando o que se aprendeu em pr\u00e1tica.", "qas": [{"question": "O que significa conhecer outras coisas fora do ambiente de ensino acad\u00eamico?", "answer": {"text": "ir al\u00e9m da experi\u00eancia tradicional did\u00e1tica", "answer_start": 509}, "prediction": "incentivar o aluno a conhecer outras coisas fora do ambiente de ensino acad\u00eamico"}, {"question": "Qual a principal vantagem das atividades complementares?", "answer": {"text": "incentivar o aluno a conhecer outras coisas fora do ambiente de ensino acad\u00eamico", "answer_start": 405}, "prediction": "incentivar o aluno a conhecer outras coisas fora do ambiente de ensino acad\u00eamico"}, {"question": "Qual a quantidade m\u00e1xima de horas de atividades complementares que um curso pode ter?", "answer": {"text": "20%", "answer_start": 228}, "prediction": "20% do tempo total de curso"}]}, {"context": "Por mais que a faculdade, em muitos casos, seja algo majoritariamente te\u00f3rico, experimentar tamb\u00e9m \u00e9 aprender. Quando chegamos na faculdade, o formato n\u00e3o \u00e9 muito diferente do que conhecemos. Um professor para 30/40 alunos (existem salas com muito mais estudantes), um hor\u00e1rio fixo, um local fixo e uma aula expositiva. Embora existam diferen\u00e7as b\u00e1sicas entre ensino m\u00e9dio e faculdade, como maior autonomia e liberdade, a rotina e metodologia apresentada j\u00e1 \u00e9 algo a que estamos habituados. Procurar por novas experi\u00eancias vai al\u00e9m do formato em si. Observar a estrutura did\u00e1tica e as formas que o diferencial que a empresa oferece em seus cursos, seja ele os materiais ou a metodologia, pode contribuir para o crescimento profissional \u00e9 algo muito importante. Um exemplo interessante \u00e9 a metodologia de auto-aprendizado, que \u00e9 diferente do m\u00e9todo supervisionado que estamos acostumados. Segundo a proposta, o aluno \u00e9 respons\u00e1vel pelo conhecimento que ele adquire atrav\u00e9s do estudo do material disponibilizado, sem o acompanhamento de um professor. A partir de um guia de instru\u00e7\u00f5es constru\u00eddo por uma equipe pedag\u00f3gica, que seleciona o material que o aluno precisa estudar para compreender melhor determinado t\u00f3pico, a metodologia da auto-aprendizagem proporciona um novo \u00e2ngulo quando se trata de diferentes formas de adquirir conhecimento.", "qas": [{"question": "Como o aluno pode adquirir conhecimento sem o acompanhamento de um professor?", "answer": {"text": "A partir de um guia de instru\u00e7\u00f5es constru\u00eddo por uma equipe pedag\u00f3gica", "answer_start": 1049}, "prediction": "para compreender melhor determinado t\u00f3pico"}, {"question": "O que a metodologia da auto-aprendizagem proporciona ao aluno?", "answer": {"text": "a metodologia da auto-aprendizagem proporciona um novo \u00e2ngulo", "answer_start": 1218}, "prediction": "o aluno \u00e9 respons\u00e1vel pelo conhecimento que ele adquire atrav\u00e9s do estudo do material disponibilizado"}, {"question": "Qual a ideia da metodologia de auto-aprendizado?", "answer": {"text": "o aluno \u00e9 respons\u00e1vel pelo conhecimento que ele adquire atrav\u00e9s do estudo do material disponibilizado", "answer_start": 908}, "prediction": "Procurar por novas experi\u00eancias vai al\u00e9m do formato em si"}, {"question": "Qual uma semelhan\u00e7a entre o ensino m\u00e9dio e faculdade?", "answer": {"text": "a rotina e metodologia", "answer_start": 420}, "prediction": "autonomia e liberdade"}]}, {"context": "At\u00e9 a d\u00e9cada de 1930, engenheiros eletricistas podiam construir circuitos eletr\u00f4nicos para resolver problemas l\u00f3gicos e matem\u00e1ticos, mas a maioria o fazia sem qualquer processo, de forma particular, sem rigor te\u00f3rico para tal. Isso mudou com a tese de mestrado de Claude Shannon de 1937, A Symbolic Analysis of Relay and Switching Circuits. Enquanto tomava aulas de Filosofia, Shannon foi exposto ao trabalho de George Boole, e percebeu que poderia aplicar esse aprendizado em conjuntos eletro-mec\u00e2nicos para resolver problemas. Shannon desenvolveu a teoria da informa\u00e7\u00e3o no artigo de 1948: A Mathematical Theory of Communication, cujo conte\u00fado serve como fundamento para \u00e1reas como compress\u00e3o de dados e criptografia.", "qas": [{"question": "O que Claude Shannon desenvolveu no artigo A Mathematical Theory of Communication?", "answer": {"text": "teoria da informa\u00e7\u00e3o", "answer_start": 551}, "prediction": "teoria da informa\u00e7\u00e3o no artigo de 1948: A Mathematical Theory of Communication"}, {"question": "O que Claude Shannon percebeu ao ser exposto ao trabalho de George Boole?", "answer": {"text": "que poderia aplicar esse aprendizado em conjuntos eletro-mec\u00e2nicos para resolver problemas", "answer_start": 437}, "prediction": "foi exposto ao trabalho de George Boole, e percebeu que poderia aplicar esse aprendizado em conjuntos eletro-mec\u00e2nicos para resolver problemas"}, {"question": "Para que engenheiros eletricistas contruiam circuitos eletr\u00f4nicos?", "answer": {"text": "para resolver problemas l\u00f3gicos e matem\u00e1ticos", "answer_start": 86}, "prediction": "para resolver problemas l\u00f3gicos e matem\u00e1ticos"}, {"question": "Quais \u00e1reas s\u00e3o fundamentadas no conte\u00fado da teoria da informa\u00e7\u00e3o?", "answer": {"text": "compress\u00e3o de dados e criptografia", "answer_start": 683}, "prediction": "compress\u00e3o de dados e criptografia"}]}, {"context": "John Napier (1550-1617), escoc\u00eas inventor dos logaritmos, tamb\u00e9m inventou os ossos de Napier, que eram tabelas de multiplica\u00e7\u00e3o gravadas em bast\u00e3o, o que evitava a memoriza\u00e7\u00e3o da tabuada. A primeira m\u00e1quina de verdade foi constru\u00edda por Wilhelm Schickard sendo capaz de somar, subtrair, multiplicar e dividir. Essa m\u00e1quina foi perdida durante a guerra dos trinta anos, sendo que recentemente foi encontrada alguma documenta\u00e7\u00e3o sobre ela. Durante muitos anos nada se soube sobre essa m\u00e1quina, por isso, atribu\u00eda-se a Blaise Pascal (1623-1662) a constru\u00e7\u00e3o da primeira m\u00e1quina calculadora, que fazia apenas somas e subtra\u00e7\u00f5es. A m\u00e1quina Pascal foi criada com objetivo de ajudar seu pai a computar os impostos em Rouen, Fran\u00e7a. O projeto de Pascal foi bastante aprimorado pelo matem\u00e1tico alem\u00e3o Gottfried Wilhelm Leibniz (1646-1726), que tamb\u00e9m inventou o c\u00e1lculo, o qual sonhou que, um dia no futuro, todo o racioc\u00ednio pudesse ser substitu\u00eddo pelo girar de uma simples alavanca. Todas essas m\u00e1quinas, por\u00e9m, estavam longe de ser um computador de uso geral, pois n\u00e3o eram program\u00e1veis. Isto quer dizer que a entrada era feita apenas de n\u00fameros, mas n\u00e3o de instru\u00e7\u00f5es a respeito do que fazer com os n\u00fameros.", "qas": [{"question": "Como eram gravadas as tabelas de multiplica\u00e7\u00e3o de John Napier?", "answer": {"text": "bast\u00e3o", "answer_start": 140}, "prediction": "em bast\u00e3o, o que evitava a memoriza\u00e7\u00e3o da tabuada"}, {"question": "Quais eram as opera\u00e7\u00f5es que a m\u00e1quina constru\u00edda por Wilhelm Schickard era capaz de fazer?", "answer": {"text": "somar, subtrair, multiplicar e dividir", "answer_start": 270}, "prediction": "apenas somas e subtra\u00e7\u00f5es"}, {"question": "Qual era o objetivo da m\u00e1quina de pascal?", "answer": {"text": "A m\u00e1quina Pascal foi criada com objetivo de ajudar seu pai a computar os impostos em Rouen, Fran\u00e7a", "answer_start": 625}, "prediction": "computar os impostos em Rouen, Fran\u00e7a"}, {"question": "Qual era o sonho de Gottfried?", "answer": {"text": "todo o racioc\u00ednio pudesse ser substitu\u00eddo pelo girar de uma simples alavanca", "answer_start": 899}, "prediction": "ajudar seu pai a computar os impostos em Rouen, Fran\u00e7a"}, {"question": "Quando a m\u00e1quina de Schickard foi perdida?", "answer": {"text": "durante a guerra dos trinta anos", "answer_start": 335}, "prediction": "Essa m\u00e1quina foi perdida durante a guerra dos trinta anos"}, {"question": "Quem construiu a primeira m\u00e1quina de verdade?", "answer": {"text": "A primeira m\u00e1quina de verdade foi constru\u00edda por Wilhelm Schickard", "answer_start": 188}, "prediction": "tamb\u00e9m inventou os ossos de Napier"}, {"question": "Quem inventou o c\u00e1lculo?", "answer": {"text": "Gottfried Wilhelm Leibniz", "answer_start": 792}, "prediction": "tamb\u00e9m inventou os ossos de Napier"}, {"question": "Quem inventou os logar\u00edtmos?", "answer": {"text": "John Napier", "answer_start": 0}, "prediction": "tamb\u00e9m inventou os ossos de Napier"}]}, {"context": "Atualmente, uma nova metodologia de ensino vem sido aplicada a cursos de Engenharia de Computa\u00e7\u00e3o no Brasil: a Aprendizagem baseada em problemas ou Problem Based Learning (PBL). Essa metodologia, que tem como principal objetivo explorar o autodidatismo do aluno, bem como sua capacidade de trabalho em grupo, j\u00e1 vem sendo aplicada em cursos novos de EC no Brasil, como na Universidade Estadual de Feira de Santana (UEFS), que foi a pioneira no Brasil, e na Universidade Federal da Bahia (UFBA).", "qas": [{"question": "O que \u00e9 PBL?", "answer": {"text": "Problem Based Learning", "answer_start": 148}, "prediction": "Problem Based Learning"}, {"question": "O que \u00e9 UEFS?", "answer": {"text": "Universidade Estadual de Feira de Santana", "answer_start": 372}, "prediction": "Universidade Estadual de Feira de Santana"}, {"question": "Qual metodologia vem sendo aplicada a cursos de engenharia de computa\u00e7\u00e3o no Brasil?", "answer": {"text": "Aprendizagem baseada em problemas", "answer_start": 111}, "prediction": "Engenharia de Computa\u00e7\u00e3o"}, {"question": "Qual o principal objetivo da PBL?", "answer": {"text": "explorar o autodidatismo do aluno", "answer_start": 228}, "prediction": "explorar o autodidatismo do aluno"}, {"question": "Quem foi a pioneira em PBL no Brasil?", "answer": {"text": "UEFS", "answer_start": 415}, "prediction": "Essa metodologia, que tem como principal objetivo explorar o autodidatismo do aluno, bem como sua capacidade de trabalho em grupo, j\u00e1 vem sendo aplicada em cursos novos de EC no Brasil, como na Universidade Estadual de Feira de Santana (UEFS), que foi a pioneira no Brasil, e na Universidade Federal da Bahia (UFBA)"}]}, {"context": "No caso do Brasil, a maioria dos cursos de Engenharia de Computa\u00e7\u00e3o surgiu como uma especializa\u00e7\u00e3o do curso de Engenharia El\u00e9trica, unindo com disciplinas provenientes do curso de Ci\u00eancia da Computa\u00e7\u00e3o. A Engenharia de Computa\u00e7\u00e3o cresceu t\u00e3o vastamente que acabou se separando da Engenharia El\u00e9trica, embora em algumas escolas de Engenharia, ela ainda a integre.", "qas": [{"question": "Como surgiu a maioria dos cursos de Engenharia de Computa\u00e7\u00e3o?", "answer": {"text": "como uma especializa\u00e7\u00e3o do curso de Engenharia El\u00e9trica", "answer_start": 75}, "prediction": "surgiu como uma especializa\u00e7\u00e3o do curso de Engenharia El\u00e9trica, unindo com disciplinas provenientes do curso de Ci\u00eancia da Computa\u00e7\u00e3o"}, {"question": "De qual curso s\u00e3o provenientes as disciplinas de engenharia da computa\u00e7\u00e3o?", "answer": {"text": "Ci\u00eancia da Computa\u00e7\u00e3o", "answer_start": 180}, "prediction": "Engenharia El\u00e9trica, unindo com disciplinas provenientes do curso de Ci\u00eancia da Computa\u00e7\u00e3o"}, {"question": "Onde a engenharia el\u00e9trica ainda integra a engenharia da computa\u00e7\u00e3o?", "answer": {"text": "em algumas escolas", "answer_start": 308}, "prediction": "Engenharia de Computa\u00e7\u00e3o"}]}, {"context": "Outros exemplos recentes que seguiram o modelo do MIT \u00e9 o da Universidade Federal de Pernambuco (UFPE) - que criou a gradua\u00e7\u00e3o em Engenharia de Computa\u00e7\u00e3o numa parceria entre o Centro de Inform\u00e1tica e o Departamento de Eletr\u00f4nica e Sistemas - mantendo tamb\u00e9m o curso original de Bacharelado em Ci\u00eancia da Computa\u00e7\u00e3o, a Universidade Federal de Ouro Preto (UFOP), que sedia o curso em um campus em Jo\u00e3o Monlevade,com turmas n\u00e3o formadas ainda e a Universidade Federal de Itajub\u00e1 (UNIFEI) - que seguindo a mesma tend\u00eancia do MIT, uniu os institutos de el\u00e9trica e ci\u00eancias da computa\u00e7\u00e3o para dar origem ao bacharelado em Engenharia de Computa\u00e7\u00e3o. Um caso diferente foi o da Universidade Federal de S\u00e3o Carlos (UFSC), que possu\u00eda duas modalidades do curso de Ci\u00eancia da Computa\u00e7\u00e3o: um com \u00eanfase em software e outro com \u00eanfase em hardware. Neste caso, foi mantido o curso original de Bacharelado com \u00eanfase em software, e o curso com \u00eanfase em hardware foi transformado no curso de Engenharia de Computa\u00e7\u00e3o. Atualmente (2006), uma nova grade curricular foi proposta e hoje o curso consta como uma Engenharia de Computa\u00e7\u00e3o com \u00eanfase em Controle e Automa\u00e7\u00e3o.", "qas": [{"question": "Como consta o curso de Engenharia de Computa\u00e7\u00e3o da UFSC atualmente?", "answer": {"text": "Engenharia de Computa\u00e7\u00e3o com \u00eanfase em Controle e Automa\u00e7\u00e3o", "answer_start": 1092}, "prediction": "Universidade Federal de Pernambuco"}, {"question": "Em que foi transformado a modalidade do curso de Ci\u00eancia da Computa\u00e7ao com \u00eanfase em hardware?", "answer": {"text": "no curso de Engenharia de Computa\u00e7\u00e3o", "answer_start": 965}, "prediction": "foi mantido o curso original de Bacharelado com \u00eanfase em software"}, {"question": "O que a UFPE criou numa parceria com o Centro de Inform\u00e1tica e o Departamento de Eletr\u00f4nica e Sistemas?", "answer": {"text": "gradua\u00e7\u00e3o em Engenharia de Computa\u00e7\u00e3o", "answer_start": 117}, "prediction": "a gradua\u00e7\u00e3o em Engenharia de Computa\u00e7\u00e3o"}, {"question": "O que \u00e9 UFSC?", "answer": {"text": "Universidade Federal de S\u00e3o Carlos", "answer_start": 670}, "prediction": "Universidade Federal de Pernambuco"}, {"question": "Qual um exemplo recente de universidade que seguiu o modelo do MIT?", "answer": {"text": "UFPE", "answer_start": 97}, "prediction": "Universidade Federal de Pernambuco"}, {"question": "Quantas modalidades do curso de Ci\u00eancia da Computa\u00e7\u00e3o a UFSC possuia?", "answer": {"text": "duas", "answer_start": 725}, "prediction": "um com \u00eanfase em software e outro com \u00eanfase em hardware"}]}, {"context": "O termo metodologia \u00e9 bastante controverso nas ci\u00eancias em geral e na Engenharia de Software em particular. Muitos autores parecem tratar metodologia e m\u00e9todo como sin\u00f4nimos, por\u00e9m seria mais adequado dizer que uma metodologia envolve princ\u00edpios filos\u00f3ficos que guiam uma gama de m\u00e9todos que utilizam ferramentas e pr\u00e1ticas diferenciadas para realizar algo. Assim ter\u00edamos, por exemplo, a Metodologia Estruturada, na qual existem v\u00e1rios m\u00e9todos, como An\u00e1lise Estruturada e Projeto Estruturado (muitas vezes denominados SA/SD, e An\u00e1lise Essencial). Dessa forma, tanto a An\u00e1lise Estruturada quanto a An\u00e1lise Essencial utilizam a ferramenta Diagrama de Fluxos de Dados para modelar o funcionamento do sistema.", "qas": [{"question": "Como \u00e9 a forma mais adequada de dizer o que \u00e9 uma metodologia?", "answer": {"text": "envolve princ\u00edpios filos\u00f3ficos que guiam uma gama de m\u00e9todos que utilizam ferramentas e pr\u00e1ticas diferenciadas para realizar algo", "answer_start": 227}, "prediction": "seria mais adequado dizer que uma metodologia envolve princ\u00edpios filos\u00f3ficos que guiam uma gama de m\u00e9todos que utilizam ferramentas e pr\u00e1ticas diferenciadas para realizar algo"}, {"question": "Quais palavras s\u00e3o tratadas como sin\u00f4nimas pelos autores?", "answer": {"text": "metodologia e m\u00e9todo", "answer_start": 138}, "prediction": "An\u00e1lise Estruturada e Projeto Estruturado"}, {"question": "Qual ferramenta \u00e9 utilizada pela an\u00e1lise estruturada e an\u00e1lise essencial para modelar o funcionamento do sistema?", "answer": {"text": "Diagrama de Fluxos de Dados", "answer_start": 638}, "prediction": "ferramenta Diagrama de Fluxos de Dados"}, {"question": "Qual termo \u00e9 controverso nas ci\u00eancias em geral?", "answer": {"text": "metodologia", "answer_start": 8}, "prediction": "nas ci\u00eancias em geral e na Engenharia de Software em particular"}]}, {"context": "Conforme determina a Lei 11.788/2008, tamb\u00e9m chamada de Lei do Est\u00e1gio, s\u00e3o garantidos os seguintes direitos: jornada de trabalho de 4 (quatro) horas di\u00e1rias e 20 (vinte) horas semanais, no caso de estudantes de educa\u00e7\u00e3o especial e dos anos finais do ensino fundamental, na modalidade profissional de educa\u00e7\u00e3o de jovens e adultos, 6 (seis) horas di\u00e1rias e 30 (trinta) horas semanais, no caso de estudantes do ensino superior, do ensino t\u00e9cnico e do ensino m\u00e9dio regular, \u00e9 assegurado ao estagi\u00e1rio, sempre que o est\u00e1gio tenha dura\u00e7\u00e3o igual ou superior a 1 (um) ano, per\u00edodo de recesso de 30 (trinta) dias, a ser gozado preferencialmente durante suas f\u00e9rias escolares e a bolsa ou outra forma de contrapresta\u00e7\u00e3o pelo trabalho, assim como o aux\u00edlio \u2013 transporte, s\u00f3 s\u00e3o devidos quando o est\u00e1gio n\u00e3o \u00e9 obrigat\u00f3rio", "qas": [{"question": "Como \u00e9 chamada a lei 11.788/2008?", "answer": {"text": "Lei do Est\u00e1gio", "answer_start": 56}, "prediction": "Lei do Est\u00e1gio"}, {"question": "Quantas horas di\u00e1rias de est\u00e1gio s\u00e3o garantidas para estudantes de educa\u00e7\u00e3o especial?", "answer": {"text": "4", "answer_start": 133}, "prediction": "4 (quatro"}, {"question": "Quantas horas semanais s\u00e3o garantidas para estudantes do ensino superior?", "answer": {"text": "30", "answer_start": 356}, "prediction": "30 (trinta"}]}, {"context": "Na Legisla\u00e7\u00e3o Brasileira, o est\u00e1gio de estudantes \u00e9 regido pela Lei n\u00ba 11.788, de 25 de Setembro de 2008. e n\u00e3o configura rela\u00e7\u00e3o de emprego. Ainda que n\u00e3o possuam os direitos trabalhistas, os estagi\u00e1rios possuem alguns direitos, como por exemplo o recebimento de uma bolsa (se estipulado), o cumprimento de uma carga hor\u00e1ria prefixada, e a realiza\u00e7\u00e3o de seguro obrigat\u00f3rio contra acidentes al\u00e9m de 30 dias remunerados de recesso ap\u00f3s 1 ano de est\u00e1gio. Pela facilidade na contrata\u00e7\u00e3o de um estagi\u00e1rio, e pela completa aus\u00eancia de encargos sociais, o est\u00e1gio, por muitas vezes, \u00e9 utilizado em fraude \u00e0 regulamenta\u00e7\u00e3o institu\u00edda, servindo como meio para o trabalho informal.", "qas": [{"question": "Ap\u00f3s quantos anos de est\u00e1gio o estagi\u00e1rio tem direito a recesso remunerado?", "answer": {"text": "1", "answer_start": 435}, "prediction": "1 ano de est\u00e1gio"}, {"question": "Qual lei rege o est\u00e1gio de estudantes na lei brasileira?", "answer": {"text": "Lei n\u00ba 11.788", "answer_start": 64}, "prediction": "Lei n\u00ba 11.788, de 25 de Setembro de 2008"}, {"question": "Quantos dias remunerados o estagi\u00e1rio possui de recesso?", "answer": {"text": "30", "answer_start": 399}, "prediction": "1 ano de est\u00e1gio"}]}, {"context": "A pesquisa de campo procede \u00e0 observa\u00e7\u00e3o de fatos e fen\u00f4menos exatamente como ocorrem realmente, \u00e0 coleta de dados referentes aos mesmos e, finalmente, \u00e0 an\u00e1lise e interpreta\u00e7\u00e3o desses dados, com base numa fundamenta\u00e7\u00e3o te\u00f3rica consistente, objetivando compreender e explicar o problema pesquisado. Ci\u00eancia e \u00e1reas de estudo, como a Antropologia, Sociologia, Psicologia Social, Psicologia da Educa\u00e7\u00e3o, Pedagogia, Pol\u00edtica e Servi\u00e7o Social, usam frequentemente a pesquisa de campo para o estudo de indiv\u00edduos, grupos, comunidades e institui\u00e7\u00f5es, com o objetivo de compreender os mais diferentes aspectos de uma determinada realidade.", "qas": [{"question": "Para que a Ci\u00eancia usa a pesquisa de campo?", "answer": {"text": "para o estudo de indiv\u00edduos, grupos, comunidades e institui\u00e7\u00f5es", "answer_start": 480}, "prediction": "an\u00e1lise e interpreta\u00e7\u00e3o desses dados"}, {"question": "Quais \u00e1reas de estudo usam frequentemente a pesquisa de campo?", "answer": {"text": "Antropologia, Sociologia, Psicologia Social, Psicologia da Educa\u00e7\u00e3o, Pedagogia, Pol\u00edtica e Servi\u00e7o Social", "answer_start": 333}, "prediction": "Antropologia, Sociologia, Psicologia Social, Psicologia da Educa\u00e7\u00e3o, Pedagogia, Pol\u00edtica e Servi\u00e7o Social"}, {"question": "Qual a base da an\u00e1lise e interpreta\u00e7\u00e3o dos dados coletados a partir da observa\u00e7\u00e3o de fatos e fen\u00f4menos exatamente como ocorem realmente?", "answer": {"text": "fundamenta\u00e7\u00e3o te\u00f3rica consistente", "answer_start": 206}, "prediction": "fundamenta\u00e7\u00e3o te\u00f3rica consistente"}, {"question": "Qual o objetivo da an\u00e1lise e interpreta\u00e7\u00e3o dos dados coletados?", "answer": {"text": "compreender e explicar o problema pesquisado", "answer_start": 253}, "prediction": "compreender os mais diferentes aspectos de uma determinada realidade"}, {"question": "Qual o objetivo da pesquisa de campo para a Ci\u00eancia?", "answer": {"text": "compreender os mais diferentes aspectos de uma determinada realidade", "answer_start": 563}, "prediction": "compreender os mais diferentes aspectos de uma determinada realidade"}]}, {"context": "O tipo de pesquisa que se classifica como \"descritiva\", tem por premissa buscar a resolu\u00e7\u00e3o de problemas melhorando as pr\u00e1ticas por meio da observa\u00e7\u00e3o, an\u00e1lise e descri\u00e7\u00f5es objetivas, atrav\u00e9s de entrevistas com peritos para a padroniza\u00e7\u00e3o de t\u00e9cnicas e valida\u00e7\u00e3o de conte\u00fado (THOMAS; NELSON; SILVERMAN, 2009). A pesquisa descritiva usa padr\u00f5es textuais como, por exemplo, question\u00e1rios para identifica\u00e7\u00e3o do conhecimento. O IBGE realiza pesquisas descritivas. A pesquisa descritiva tem por finalidade observar, registrar e analisar os fen\u00f4menos sem, entretanto, entrar no m\u00e9rito de seu conte\u00fado. Na pesquisa descritiva n\u00e3o h\u00e1 interfer\u00eancia do investigador, que apenas procura perceber, com o necess\u00e1rio cuidado, a frequ\u00eancia com que o fen\u00f4meno acontece. \u00c9 importante que se fa\u00e7a uma an\u00e1lise completa desses question\u00e1rios para que se chegue a uma conclus\u00e3o.", "qas": [{"question": "Quais os meios utilizados pela pesquisa descritiva para melhorar as pr\u00e1ticas?", "answer": {"text": "observa\u00e7\u00e3o, an\u00e1lise e descri\u00e7\u00f5es objetivas", "answer_start": 140}, "prediction": "a frequ\u00eancia com que o fen\u00f4meno acontece"}, {"question": "Qual a finalidade da pesquisa descritiva?", "answer": {"text": "observar, registrar e analisar os fen\u00f4menos sem, entretanto, entrar no m\u00e9rito de seu conte\u00fado", "answer_start": 501}, "prediction": "buscar a resolu\u00e7\u00e3o de problemas"}, {"question": "Qual o interesse do investigador nas pesquisas descritivas?", "answer": {"text": "a frequ\u00eancia com que o fen\u00f4meno acontece", "answer_start": 712}, "prediction": "buscar a resolu\u00e7\u00e3o de problemas"}, {"question": "Qual o princ\u00edpio da pesquisa descritiva?", "answer": {"text": "buscar a resolu\u00e7\u00e3o de problemas melhorando as pr\u00e1ticas por meio da observa\u00e7\u00e3o, an\u00e1lise e descri\u00e7\u00f5es objetivas, atrav\u00e9s de entrevistas com peritos para a padroniza\u00e7\u00e3o de t\u00e9cnicas e valida\u00e7\u00e3o de conte\u00fado", "answer_start": 73}, "prediction": "buscar a resolu\u00e7\u00e3o de problemas"}, {"question": "Qual um \u00f3rg\u00e3o brasileiro que realiza pesquisas descritivas?", "answer": {"text": "IBGE", "answer_start": 424}, "prediction": "IBGE"}]}, {"context": "Diversos modelos diferentes da computa\u00e7\u00e3o foram propostos pelos primeiros pesquisadores. Um modelo, conhecido como M\u00e1quina de Turing, propunha a constru\u00e7\u00e3o de uma m\u00e1quina universal, capaz de operar com uma sequ\u00eancia de instru\u00e7\u00f5es e dados entremeados em uma fita de comprimento infinito; a m\u00e1quina poderia operar em um ponto da fita de cada vez utilizando um cabe\u00e7ote de leitura e escrita, executando assim a programa\u00e7\u00e3o que lhe for passada. Outro modelo, se baseia em fun\u00e7\u00f5es recursivas compostas para operar diretamente sobre os n\u00fameros. Uma abordagem similar \u00e9 o c\u00e1lculo lambda. Outra classe de abordagens trabalha com regras gramaticais operando sobre cadeias de caracteres, como \u00e9 o caso dos cadeias de Markov e dos sistemas de Post.", "qas": [{"question": "O que a m\u00e1quina de turing utilizava para operar em um ponto da fita de cada vez?", "answer": {"text": "a m\u00e1quina poderia operar em um ponto da fita de cada vez utilizando um cabe\u00e7ote de leitura e escrita", "answer_start": 287}, "prediction": "operar com uma sequ\u00eancia de instru\u00e7\u00f5es e dados entremeados em uma fita de comprimento infinito; a m\u00e1quina poderia operar em um ponto da fita de cada vez utilizando um cabe\u00e7ote de leitura e escrita, executando assim a programa\u00e7\u00e3o que lhe for passada"}, {"question": "Qual modelo computacional prop\u00f4s a constru\u00e7\u00e3o de uma m\u00e1quina universal capaz de operar com uma sequ\u00eancia de instru\u00e7\u00f5es?", "answer": {"text": "M\u00e1quina de Turing", "answer_start": 115}, "prediction": "uma m\u00e1quina universal"}]}, {"context": "Em 2017, o n\u00famero de mestrados profissionais no Brasil chegou a 790 cursos contra 3.524 cursos de mestrados acad\u00eamicos. Os programas profissionais se aproximam do modelo de p\u00f3s-gradua\u00e7\u00e3o norte-americano, como por exemplo o MBA (MBA que, no Brasil, h\u00e1 tempos, \u00e9 tido - assim como qualquer outro Mestrado Lato Sensu - n\u00e3o como sendo um curso \"regular\"/CAPES), com aumento crescente de procura e oferta.", "qas": [{"question": "Qual era o n\u00famero de mestrados acad\u00eamicos no Brasil em 2017?", "answer": {"text": "3.524", "answer_start": 82}, "prediction": "790 cursos contra 3.524"}, {"question": "Qual um dos modelos de p\u00f3s-gradua\u00e7\u00e3o do Brasil que se aproximam com o do norte-americano?", "answer": {"text": "MBA", "answer_start": 223}, "prediction": "MBA"}]}, {"context": "No Brasil, professor \u00e9 o profissional que ministra aulas ou cursos em todos os n\u00edveis educacionais, a saber: Educa\u00e7\u00e3o infantil, Ensino fundamental, Ensino m\u00e9dio e Ensino superior, e a Educa\u00e7\u00e3o profissional. Em 15 de outubro comemora-se o Dia do Professor. Em Portugal, o estatuto de docente \u00e9 definido pelo Minist\u00e9rio da Educa\u00e7\u00e3o, respons\u00e1vel pela pol\u00edtica geral de educa\u00e7\u00e3o. Por todo o Pa\u00eds, existem v\u00e1rios sindicatos de professores, sendo que a maior federa\u00e7\u00e3o sindical docente do pa\u00eds \u00e9 a Federa\u00e7\u00e3o Nacional dos Professores (FENPROF). Na carreira acad\u00e9mica (universit\u00e1ria), a progress\u00e3o \u00e9 Professor Auxiliar, Professor Associado e Professor Catedr\u00e1tico. ", "qas": [{"question": "Pelo que \u00e9 respons\u00e1vel o minist\u00e9rio da educa\u00e7\u00e3o em Portugal?", "answer": {"text": "pol\u00edtica geral de educa\u00e7\u00e3o", "answer_start": 348}, "prediction": "Minist\u00e9rio da Educa\u00e7\u00e3o, respons\u00e1vel pela pol\u00edtica geral de educa\u00e7\u00e3o"}, {"question": "Quais s\u00e3o os n\u00edveis educacionais?", "answer": {"text": "Educa\u00e7\u00e3o infantil, Ensino fundamental, Ensino m\u00e9dio e Ensino superior, e a Educa\u00e7\u00e3o profissional", "answer_start": 109}, "prediction": "Educa\u00e7\u00e3o infantil, Ensino fundamental, Ensino m\u00e9dio e Ensino superior"}, {"question": "Qual a maior federa\u00e7\u00e3o sindical docente de Portugal?", "answer": {"text": "FENPROF", "answer_start": 528}, "prediction": "Federa\u00e7\u00e3o Nacional dos Professores (FENPROF)"}, {"question": "Quem \u00e9 profissional que ministra aulas ou cursos em todos os n\u00edveis educacionais no Brasil?", "answer": {"text": "professor", "answer_start": 11}, "prediction": "ministra aulas ou cursos em todos os n\u00edveis educacionais"}]}, {"context": "Nos Estados Unidos, o termo Professor \u00e9 reservado apenas a indiv\u00edduos que ministram aulas em institui\u00e7\u00f5es de ensino superior (college ou university). Professores do ensino fundamental ou m\u00e9dio s\u00e3o denominados Teachers. Al\u00e9m do ensino propriamente dito, Professors nas universidades estadunidenses dedicam-se principalmente a atividades de pesquisa, incluindo a orienta\u00e7\u00e3o de alunos de p\u00f3s-gradua\u00e7\u00e3o. Em geral, o grau acad\u00eamico de doutor (Ph.D. ou equivalente) \u00e9 exigido para ingresso na carreira de professor nas universidades estadunidenses no n\u00edvel inicial de Professor Assistente (Assistant Professor). Ap\u00f3s alguns anos, um Professor Assistente pode ser promovido a Professor Associado (Associate Professor) e, posteriormente, a Professor Pleno (Full Professor, ou simplesmente Professor). Um pequeno n\u00famero de professores plenos que se destacam pelas suas atividades de pesquisa s\u00e3o nomeados Distinguished Professors (ou Endowed Professors), quer isto dizer que passam a deter uma c\u00e1tedra pessoal (personal chair) designada por um nome espec\u00edfico (normalmente o nome do patrocinador, pessoa f\u00edsica ou jur\u00eddica, que financiou/financia a c\u00e1tedra).", "qas": [{"question": "A quem \u00e9 reservado o t\u00edtulo de professor no Estados Unidos?", "answer": {"text": "apenas a indiv\u00edduos que ministram aulas em institui\u00e7\u00f5es de ensino superior", "answer_start": 50}, "prediction": "indiv\u00edduos que ministram aulas"}, {"question": "Como s\u00e3o chamados os professores de ensino fundamental ou m\u00e9dio nos EUA?", "answer": {"text": "Teachers", "answer_start": 209}, "prediction": "Al\u00e9m do ensino propriamente dito, Professors nas universidades estadunidenses dedicam-se principalmente a atividades de pesquisa, incluindo a orienta\u00e7\u00e3o de alunos de p\u00f3s-gradua\u00e7\u00e3o"}, {"question": "Onde uma pessoa deve ministrar aula para ser considerada professor nos Estados Unidos?", "answer": {"text": "college ou university", "answer_start": 126}, "prediction": "indiv\u00edduos que ministram aulas em institui\u00e7\u00f5es de ensino superior (college ou university)"}, {"question": "Qual a principal atividade dos professores nos EUA?", "answer": {"text": "atividades de pesquisa", "answer_start": 325}, "prediction": "atividades de pesquisa, incluindo a orienta\u00e7\u00e3o de alunos de p\u00f3s-gradua\u00e7\u00e3o. Em geral, o grau acad\u00eamico de doutor (Ph.D. ou equivalente) \u00e9 exigido para ingresso na carreira de professor nas universidades estadunidenses no n\u00edvel inicial de Professor Assistente (Assistant Professor). Ap\u00f3s alguns anos, um Professor Assistente pode ser promovido a Professor Associado (Associate Professor) e, posteriormente, a Professor Pleno (Full Professor, ou simplesmente Professor). Um pequeno n\u00famero de professores plenos que se destacam pelas suas atividades de pesquisa"}, {"question": "Qual o grau acad\u00eamico exigido para o ingresso na carreira de professor?", "answer": {"text": "Ph.D. ou equivalente", "answer_start": 438}, "prediction": "Assistant Professor"}, {"question": "Qual professores possuem uma c\u00e1tedra pessoal?", "answer": {"text": "professores plenos que se destacam pelas suas atividades de pesquisa", "answer_start": 814}, "prediction": "Assistant Professor). Ap\u00f3s alguns anos, um Professor Assistente pode ser promovido a Professor Associado (Associate Professor) e, posteriormente, a Professor Pleno (Full Professor, ou simplesmente Professor). Um pequeno n\u00famero de professores plenos que se destacam pelas suas atividades de pesquisa s\u00e3o nomeados Distinguished Professors (ou Endowed Professors), quer isto dizer que passam a deter uma c\u00e1tedra pessoal"}]}, {"context": "As disciplinas de Est\u00e1gio Obrigat\u00f3rio, Atividades Complementares e Trabalho de Conclus\u00e3o de Curso admitir\u00e3o tratamento diferenciado quanto ao per\u00edodo de realiza\u00e7\u00e3o de suas atividades e quanto ao processo de verifica\u00e7\u00e3o de aprendizagem, de acordo com regulamenta\u00e7\u00e3o pr\u00f3pria. Os regulamentos das disciplinas de Est\u00e1gio Obrigat\u00f3rio, Atividades Complementares e Trabalho de Conclus\u00e3o de Curso dever\u00e3o ser apreciados pelo Colegiado de Curso e aprovados pelo Conselho da Unidade da Administra\u00e7\u00e3o Setorial que oferece o curso. Os respons\u00e1veis pelas disciplinas de Est\u00e1gio Obrigat\u00f3rio, Atividades Complementares e Trabalho de Conclus\u00e3o de Curso dever\u00e3o registrar, para efeito de controle acad\u00eamico, o resultado final de aprovado (AP) ou reprovado (RP). A carga hor\u00e1ria de Est\u00e1gio Obrigat\u00f3rio deve ser cumprida pelo acad\u00eamico na sua integralidade.", "qas": [{"question": "Quais disciplinas possuem tratamento diferenciado quanto ao processo de verifica\u00e7\u00e3o de aprendizagem?", "answer": {"text": "As disciplinas de Est\u00e1gio Obrigat\u00f3rio, Atividades Complementares e Trabalho de Conclus\u00e3o de Curso", "answer_start": 18}, "prediction": "Est\u00e1gio Obrigat\u00f3rio, Atividades Complementares e Trabalho de Conclus\u00e3o de Curso admitir\u00e3o tratamento diferenciado quanto ao per\u00edodo de realiza\u00e7\u00e3o de suas atividades e quanto ao processo de verifica\u00e7\u00e3o de aprendizagem"}, {"question": "Quais os resultados finais que devem ser registrados para trabalho de conclus\u00e3o de curso?", "answer": {"text": "aprovado (AP) ou reprovado (RP)", "answer_start": 712}, "prediction": "aprovado (AP) ou reprovado"}]}, {"context": "Ao ingressar na UFMS, o acad\u00eamico poder\u00e1 solicitar ao Colegiado de Curso o Aproveitamento dos Estudos realizados em cursos de gradua\u00e7\u00e3o. Somente ser\u00e3o aproveitados os estudos realizados antes do ingresso na UFMS em curso autorizado ou reconhecido pelo Minist\u00e9rio da Educa\u00e7\u00e3o. N\u00e3o ser\u00e1 permitido o Aproveitamento de Estudos de cursos frequentados concomitantemente ao cursado na UFMS. O Aproveitamento de Estudos poder\u00e1 ser solicitado uma \u00fanica vez pelo acad\u00eamico, durante o curso, dentro dos prazos estabelecidos no Calend\u00e1rio Acad\u00eamico. N\u00e3o s\u00e3o pass\u00edveis de dispensa por Aproveitamento de Estudos as disciplinas de Est\u00e1gio Obrigat\u00f3rio, de Trabalho de Conclus\u00e3o de Curso, e de Atividades Complementares.", "qas": [{"question": "Onde est\u00e3o os prazos para aproveitamento de estudos?", "answer": {"text": "Calend\u00e1rio Acad\u00eamico", "answer_start": 516}, "prediction": "Calend\u00e1rio Acad\u00eamico"}, {"question": "Onde o acad\u00eamico pode solicitar aproveitamento dos estudos?", "answer": {"text": "Colegiado de Curso", "answer_start": 54}, "prediction": "o acad\u00eamico poder\u00e1 solicitar ao Colegiado de Curso o Aproveitamento dos Estudos realizados em cursos de gradua\u00e7\u00e3o"}, {"question": "Quais disciplinas n\u00e3o s\u00e3o aproveit\u00e1veis pelo aproveitamento de estudos?", "answer": {"text": "Est\u00e1gio Obrigat\u00f3rio, de Trabalho de Conclus\u00e3o de Curso, e de Atividades Complementares", "answer_start": 616}, "prediction": "Est\u00e1gio Obrigat\u00f3rio, de Trabalho de Conclus\u00e3o de Curso, e de Atividades Complementares"}, {"question": "Quantas vezes o aproveitamento de estudos pode ser solicitado?", "answer": {"text": "uma \u00fanica vez", "answer_start": 434}, "prediction": "uma \u00fanica vez"}]}, {"context": "A era tecnol\u00f3gica implica a gest\u00e3o do conhecimento que \u00e9 uma pr\u00e1tica c\u00edclica, onde sua aplica\u00e7\u00e3o consiste na cria\u00e7\u00e3o, inova\u00e7\u00e3o e na funcionalidade de produtos e servi\u00e7os. Algumas atitudes s\u00e3o primordiais para o sucesso empresarial na era globalizada de informa\u00e7\u00e3o e conhecimento. Os gestores devem se atentar para as empresas que fornecem os recursos tecnol\u00f3gicos, se as mesmas s\u00e3o id\u00f4neas e se sustentam a capacidade de provis\u00e3o para a tomada de decis\u00e3o no mercado.", "qas": [{"question": "Do que consiste a aplica\u00e7\u00e3o da gest\u00e3o do conhecimento?", "answer": {"text": "cria\u00e7\u00e3o, inova\u00e7\u00e3o e na funcionalidade de produtos e servi\u00e7os", "answer_start": 109}, "prediction": "cria\u00e7\u00e3o, inova\u00e7\u00e3o e na funcionalidade de produtos e servi\u00e7os"}, {"question": "Em que os gestores devem se atentar para as empresas que fornecem os recursos tecnol\u00f3gicos?", "answer": {"text": "se as mesmas s\u00e3o id\u00f4neas e se sustentam a capacidade de provis\u00e3o", "answer_start": 365}, "prediction": "para as empresas que fornecem os recursos tecnol\u00f3gicos"}]}, {"context": "Universidade Federal de Mato Grosso do Sul (UFMS) \u00e9 uma institui\u00e7\u00e3o de ensino superior p\u00fablica federal brasileira, sediada em Campo Grande, no estado do Mato Grosso do Sul. Tomando-se o campus de Campo Grande como centro de um c\u00edrculo hipot\u00e9tico, a UFMS abrange uma extensa \u00e1rea geogr\u00e1fico-educacional que resulta num raio de mais de 500 km, atingindo cerca de cem munic\u00edpios e incluindo estados e pa\u00edses vizinhos, tais como Paraguai e Bol\u00edvia, de onde se origina parte de seus alunos-conv\u00eanio. Al\u00e9m da sede em Campo Grande, a UFMS mant\u00e9m campi em nove cidades (Aquidauana, Chapad\u00e3o do Sul, Corumb\u00e1, Coxim, Navira\u00ed, Nova Andradina, Parana\u00edba, Ponta Por\u00e3 e Tr\u00eas Lagoas) descentralizando o ensino para atender \u00e0 demanda de v\u00e1rias regi\u00f5es do estado.", "qas": [{"question": "A UFMS abrange uma \u00e1rea geogr\u00e1fico-educacional de quantos km?", "answer": {"text": "mais de 500", "answer_start": 326}, "prediction": "cem"}, {"question": "Aproximadamente quantos munic\u00edpios a UFMS atinge?", "answer": {"text": "cem", "answer_start": 361}, "prediction": "cem"}, {"question": "Em quais cidades a UFMS mant\u00e9m campi?", "answer": {"text": "Aquidauana, Chapad\u00e3o do Sul, Corumb\u00e1, Coxim, Navira\u00ed, Nova Andradina, Parana\u00edba, Ponta Por\u00e3 e Tr\u00eas Lagoas", "answer_start": 562}, "prediction": "Al\u00e9m da sede em Campo Grande, a UFMS mant\u00e9m campi em nove cidades (Aquidauana, Chapad\u00e3o do Sul, Corumb\u00e1, Coxim, Navira\u00ed, Nova Andradina, Parana\u00edba, Ponta Por\u00e3 e Tr\u00eas Lagoas)"}, {"question": "Em quantas cidades a UFMS mant\u00e9m campi?", "answer": {"text": "a UFMS mant\u00e9m campi em nove cidades", "answer_start": 525}, "prediction": "cem"}, {"question": "O que \u00e9 a UFMS?", "answer": {"text": "uma institui\u00e7\u00e3o de ensino superior p\u00fablica federal brasileira", "answer_start": 52}, "prediction": "uma institui\u00e7\u00e3o de ensino superior p\u00fablica federal brasileira, sediada em Campo Grande, no estado do Mato Grosso do Sul"}, {"question": "Onde \u00e9 sediada a UFMS?", "answer": {"text": "Campo Grande", "answer_start": 126}, "prediction": "uma institui\u00e7\u00e3o de ensino superior p\u00fablica federal brasileira, sediada em Campo Grande, no estado do Mato Grosso do Sul"}]}, {"context": "No Brasil, a mais antiga institui\u00e7\u00e3o com o status de universidade foi a Universidade do Paran\u00e1, criada em 1912 e hoje chamada \"Universidade Federal do Paran\u00e1\". H\u00e1 outras institui\u00e7\u00f5es de ensino superior brasileiras mais antigas, por\u00e9m, o fato da continuidade do funcionamento de todos os cursos \u00e9 o car\u00e1ter que d\u00e1 \u00e0 Universidade do Paran\u00e1 a condi\u00e7\u00e3o de mais antiga do pa\u00eds.", "qas": [{"question": "Como a Universidade do Paran\u00e1 \u00e9 chamada hoje em dia?", "answer": {"text": "Universidade Federal do Paran\u00e1", "answer_start": 127}, "prediction": "Universidade Federal do Paran\u00e1\""}, {"question": "Qual a universidade mais antiga do Brasil?", "answer": {"text": "Universidade do Paran\u00e1", "answer_start": 72}, "prediction": "Universidade Federal do Paran\u00e1\""}]}, {"context": "as unidades da administra\u00e7\u00e3o setorial envolvidas com o oferecimento de cursos de gradua\u00e7\u00e3o dever\u00e3o tomar as provid\u00eancias necess\u00e1rias para a aplica\u00e7\u00e3o das diretrizes curriculares nacionais dos cursos de gradua\u00e7\u00e3o e implanta\u00e7\u00e3o desta resolu\u00e7\u00e3o. o projeto pedag\u00f3gico de curso de gradua\u00e7\u00e3o dever\u00e1 ser elaborado unicamente por meio de sistema eletr\u00f4nico, sendo submetido \u00e0 aprecia\u00e7\u00e3o do conselho de ensino de gradua\u00e7\u00e3o. s\u00e3o partes integrantes, enquanto anexos, do projeto pedag\u00f3gico de curso as delibera\u00e7\u00f5es do colegiado de curso, quando houver, e do conselho da unidade da administra\u00e7\u00e3o setorial de lota\u00e7\u00e3o do curso. cabe \u00e0 pr\u00f3-reitoria de ensino de gradua\u00e7\u00e3o (preg) analisar o projeto pedag\u00f3gico de curso quanto aos aspectos legais e normativos. quando, ap\u00f3s a an\u00e1lise pela preg, o projeto pedag\u00f3gico de curso sofrer altera\u00e7\u00e3o, dever\u00e1 ser novamente submetido \u00e0 aprecia\u00e7\u00e3o do colegiado de curso, ouvido o n\u00facleo docente estruturante, e do conselho da unidade da administra\u00e7\u00e3o setorial de lota\u00e7\u00e3o do curso.", "qas": [{"question": "como deve ser elaborado o projeto pedag\u00f3gico?", "answer": {"text": "dever\u00e1 ser elaborado unicamente por meio de sistema eletr\u00f4nico", "answer_start": 286}, "prediction": "por meio de sistema eletr\u00f4nico"}]}, {"context": "a solicita\u00e7\u00e3o do regime de exerc\u00edcios domiciliares deve ser protocolizada imediatamente \u00e0 constata\u00e7\u00e3o do fato, ficando sem efeito a solicita\u00e7\u00e3o com valor retroativo, por descaracterizar a finalidade do regime. contar-se-\u00e1, portanto, o prazo de in\u00edcio do regime de exerc\u00edcios domiciliares pela data de protocolo do requerimento e o prazo final pela data constante no laudo m\u00e9dico. o deferimento do pedido de regime de exerc\u00edcios domiciliares caber\u00e1 ao coordenador de curso ou equivalente, tendo como fundamento o laudo m\u00e9dico apresentado. havendo d\u00favidas quanto ao enquadramento do laudo m\u00e9dico no regime de exerc\u00edcios domiciliares, o coordenador de curso ou equivalente dever\u00e1 consultar a junta m\u00e9dica oficial da ufms. enquanto a junta m\u00e9dica oficial analisa os documentos m\u00e9dicos apresentados, o acad\u00eamico dever\u00e1 ser atendido pelo regime de exerc\u00edcios domiciliares, at\u00e9 que se confirme a necessidade ou n\u00e3o do afastamento. o coordenador de curso ou equivalente dever\u00e1 informar imediatamente aos professores a rela\u00e7\u00e3o dos acad\u00eamicos que estiverem em regime de exerc\u00edcios domiciliares.", "qas": [{"question": "quem avalia a solicita\u00e7\u00e3o de regime de exerc\u00edcios domiciliares?", "answer": {"text": "coordenador de curso", "answer_start": 451}, "prediction": "coordenador de curso ou equivalente"}]}, {"context": "o acad\u00eamico ter\u00e1 direito \u00e0 revis\u00e3o de suas avalia\u00e7\u00f5es acad\u00eamicas dirigindo-se ao professor, em primeira inst\u00e2ncia, por meio de requerimento protocolizado na secretaria acad\u00eamica da unidade da administra\u00e7\u00e3o setorial em que o curso \u00e9 oferecido, no prazo de tr\u00eas dias \u00fateis ap\u00f3s a divulga\u00e7\u00e3o do resultado. o professor ter\u00e1 o prazo de dois dias \u00fateis para manifesta\u00e7\u00e3o escrita sobre o pedido. o acad\u00eamico dever\u00e1 apor seu ciente no documento de resposta, e receber uma c\u00f3pia deste. o acad\u00eamico poder\u00e1 interpor recurso quanto ao resultado da revis\u00e3o, no colegiado de curso, via secretaria acad\u00eamica, no prazo de cinco dias \u00fateis do seu ciente. o colegiado de curso dever\u00e1 constituir comiss\u00e3o, composta por tr\u00eas docentes, preferencialmente da \u00e1rea, sendo vedada a inclus\u00e3o do professor que corrigiu a avalia\u00e7\u00e3o acad\u00eamica em quest\u00e3o. a comiss\u00e3o dever\u00e1 analisar o pedido do acad\u00eamico, consultar o professor, se necess\u00e1rio, e emitir parecer sobre o resultado da revis\u00e3o, num prazo m\u00e1ximo de quinze dias a partir da publica\u00e7\u00e3o da resolu\u00e7\u00e3o de constitui\u00e7\u00e3o da comiss\u00e3o, e encaminhar para aprova\u00e7\u00e3o do colegiado de curso. o professor da disciplina ser\u00e1 respons\u00e1vel pela altera\u00e7\u00e3o no siscad, em caso de modifica\u00e7\u00e3o da nota resultante dos trabalhos da comiss\u00e3o de revis\u00e3o.", "qas": [{"question": "como o acad\u00eamico solicita revis\u00e3o de avalia\u00e7\u00e3o de disciplina?", "answer": {"text": "dirigindo- se ao professor, em primeira inst\u00e2ncia, por meio de requerimento protocolizado na secretaria acad\u00eamica da unidade da administra\u00e7\u00e3o setorial em que o curso \u00e9 oferecido, no prazo de tr\u00eas dias \u00fateis ap\u00f3s a divulga\u00e7\u00e3o do resultado", "answer_start": 65}, "prediction": "o acad\u00eamico ter\u00e1 direito \u00e0 revis\u00e3o de suas avalia\u00e7\u00f5es acad\u00eamicas dirigindo-se ao professor, em primeira inst\u00e2ncia, por meio de requerimento protocolizado na secretaria acad\u00eamica da unidade da administra\u00e7\u00e3o setorial em que o curso \u00e9 oferecido, no prazo de tr\u00eas dias \u00fateis ap\u00f3s a divulga\u00e7\u00e3o do resultado. o professor ter\u00e1 o prazo de dois dias \u00fateis para manifesta\u00e7\u00e3o escrita sobre o pedido. o acad\u00eamico dever\u00e1 apor seu ciente no documento de resposta, e receber uma c\u00f3pia deste. o acad\u00eamico poder\u00e1 interpor recurso quanto ao resultado da revis\u00e3o, no colegiado de curso, via secretaria acad\u00eamica, no prazo de cinco dias \u00fateis do seu ciente. o colegiado de curso dever\u00e1 constituir comiss\u00e3o, composta por tr\u00eas docentes, preferencialmente da \u00e1rea, sendo vedada a inclus\u00e3o do professor que corrigiu a avalia\u00e7\u00e3o acad\u00eamica em quest\u00e3o. a comiss\u00e3o dever\u00e1 analisar o pedido do acad\u00eamico, consultar o professor, se necess\u00e1rio, e emitir parecer sobre o resultado da revis\u00e3o, num prazo m\u00e1ximo de quinze dias a partir da publica\u00e7\u00e3o da resolu\u00e7\u00e3o de constitui\u00e7\u00e3o da comiss\u00e3o, e encaminhar para aprova\u00e7\u00e3o do colegiado de curso. o professor da disciplina"}]}]}