{"data": [{"context": "An\u00e1lise de sistemas \u00e9 a atividade que tem como finalidade a realiza\u00e7\u00e3o de estudos de processos a fim de encontrar o melhor caminho racional para que a informa\u00e7\u00e3o possa ser processada. Os analistas de sistemas estudam os diversos sistemas existentes entre hardwares (equipamentos), softwares (programas) e o usu\u00e1rio final. Os seus comportamentos e aplica\u00e7\u00f5es s\u00e3o desenvolvidos a partir de solu\u00e7\u00f5es que ser\u00e3o padronizadas e transcritas da forma que o computador possa executar. Os profissionais da \u00e1rea geram softwares (programas), que s\u00e3o executados em hardwares (equipamentos) operados por usu\u00e1rios (indiv\u00edduos), preparados e treinados em procedimentos operacionais padronizados, dotados de conhecimentos do software e hardware para seu trabalho. A partir de ent\u00e3o a an\u00e1lise de sistemas \u00e9 uma profiss\u00e3o cujas responsabilidades concentram-se na an\u00e1lise do sistema e na administra\u00e7\u00e3o de sistemas computacionais. Cabe a este profissional parte da organiza\u00e7\u00e3o, implanta\u00e7\u00e3o e manuten\u00e7\u00e3o de aplicativos e redes de computadores, ou seja, o analista de sistemas \u00e9 o respons\u00e1vel pelo levantamento de informa\u00e7\u00f5es sobre uma empresa a fim de utiliz\u00e1-las no desenvolvimento de um sistema para a mesma ou para o levantamento de uma necessidade espec\u00edfica do cliente para desenvolver este programa espec\u00edfico com base nas informa\u00e7\u00f5es colhidas.", "qas": [{"question": "Em que se concentram as responsabilidades do analista de sistemas?", "answer": {"text": "an\u00e1lise do sistema e na administra\u00e7\u00e3o de sistemas computacionais", "answer_start": 844}, "prediction": "a partir de solu\u00e7\u00f5es que ser\u00e3o padronizadas e transcritas da forma que o computador possa executar. Os profissionais da \u00e1rea geram softwares (programas), que s\u00e3o executados em hardwares (equipamentos) operados por usu\u00e1rios (indiv\u00edduos), preparados e treinados em procedimentos operacionais padronizados, dotados de conhecimentos do software e hardware para seu trabalho. A partir de ent\u00e3o a an\u00e1lise de sistemas \u00e9 uma profiss\u00e3o cujas responsabilidades concentram-se na an\u00e1lise do sistema e na administra\u00e7\u00e3o de sistemas computacionais"}, {"question": "O que os profissionais da \u00e1rea geram?", "answer": {"text": "programas", "answer_start": 518}, "prediction": "hardwares (equipamentos), softwares (programas) e o usu\u00e1rio final. Os seus comportamentos e aplica\u00e7\u00f5es s\u00e3o desenvolvidos a partir de solu\u00e7\u00f5es que ser\u00e3o padronizadas e transcritas da forma que o computador possa executar"}, {"question": "O que \u00e9 an\u00e1lise de sistemas?", "answer": {"text": "a atividade que tem como finalidade a realiza\u00e7\u00e3o de estudos de processos a fim de encontrar o melhor caminho racional para que a informa\u00e7\u00e3o possa ser processada", "answer_start": 22}, "prediction": "An\u00e1lise de sistemas \u00e9 a atividade"}, {"question": "Onde s\u00e3o executados os softwares gerados pelos profissionais da \u00e1rea?", "answer": {"text": "hardwares", "answer_start": 552}, "prediction": "hardwares"}, {"question": "Onde s\u00e3o utilizadas as informa\u00e7\u00f5es levantadas sobre uma empresa?", "answer": {"text": "no desenvolvimento de um sistema para a mesma", "answer_start": 1142}, "prediction": "hardwares"}, {"question": "Por quem s\u00e3o operados os softwares gerados pelos profissionais da \u00e1rea?", "answer": {"text": "indiv\u00edduos", "answer_start": 600}, "prediction": "indiv\u00edduos)"}, {"question": "Quem \u00e9 o respons\u00e1vel pelo levantamento de informa\u00e7\u00f5es sobre uma empresa?", "answer": {"text": "analista de sistemas", "answer_start": 1033}, "prediction": "indiv\u00edduos), preparados e treinados em procedimentos operacionais padronizados, dotados de conhecimentos do software e hardware para seu trabalho. A partir de ent\u00e3o a an\u00e1lise de sistemas \u00e9 uma profiss\u00e3o cujas responsabilidades concentram-se na an\u00e1lise do sistema e na administra\u00e7\u00e3o de sistemas computacionais. Cabe a este profissional parte da organiza\u00e7\u00e3o, implanta\u00e7\u00e3o e manuten\u00e7\u00e3o de aplicativos e redes de computadores, ou seja, o analista de sistemas"}]}, {"context": "Os fundamentos matem\u00e1ticos da Ci\u00eancia da Computa\u00e7\u00e3o moderna come\u00e7aram a ser definidos por Kurt G\u00f6del com seu teorema da incompletude (1931). Essa teoria mostra que existem limites no que pode ser provado ou desaprovado em um sistema formal; isso levou a trabalhos posteriores por G\u00f6del e outros te\u00f3ricos para definir e descrever tais sistemas formais, incluindo conceitos como recursividade e c\u00e1lculo lambda. Em 1936 Alan Turing e Alonzo Church independentemente, e tamb\u00e9m juntos, introduziram a formaliza\u00e7\u00e3o de um algoritmo, definindo os limites do que pode ser computador e um modelo puramente mec\u00e2nico para a computa\u00e7\u00e3o. Tais t\u00f3picos s\u00e3o abordados no que atualmente chama-se Tese de Church-Turing, uma hip\u00f3tese sobre a natureza de dispositivos mec\u00e2nicos de c\u00e1lculo. Essa tese define que qualquer c\u00e1lculo poss\u00edvel pode ser realizado por um algoritmo sendo executado em um computador, desde que haja tempo e armazenamento suficiente para tal.", "qas": [{"question": "O que deve haver para que um c\u00e1lculo possa ser realizado por um algoritmo sendo executado em um computador?", "answer": {"text": "tempo e armazenamento", "answer_start": 901}, "prediction": "por um algoritmo sendo executado em um computador"}, {"question": "O que diz a Tese de Church-Turing?", "answer": {"text": "Essa tese define que qualquer c\u00e1lculo poss\u00edvel pode ser realizado por um algoritmo sendo executado em um computador", "answer_start": 769}, "prediction": "uma hip\u00f3tese sobre a natureza de dispositivos mec\u00e2nicos de c\u00e1lculo"}, {"question": "O que foi definido com a formaliza\u00e7\u00e3o de um algoritmo por Alan Turing e Alonzo Church?", "answer": {"text": "limites do que pode ser computador e um modelo puramente mec\u00e2nico para a computa\u00e7\u00e3o", "answer_start": 539}, "prediction": "por um algoritmo sendo executado em um computador"}, {"question": "O que mostra o teorema da incompletude?", "answer": {"text": "Essa teoria mostra que existem limites no que pode ser provado ou desaprovado em um sistema formal", "answer_start": 141}, "prediction": "Essa teoria mostra que existem limites no que pode ser provado ou desaprovado em um sistema formal; isso levou a trabalhos posteriores por G\u00f6del e outros te\u00f3ricos para definir e descrever tais sistemas formais, incluindo conceitos como recursividade e c\u00e1lculo lambda. Em 1936 Alan Turing e Alonzo Church independentemente, e tamb\u00e9m juntos, introduziram a formaliza\u00e7\u00e3o de um algoritmo, definindo os limites do que pode ser computador e um modelo puramente mec\u00e2nico para a computa\u00e7\u00e3o. Tais t\u00f3picos s\u00e3o abordados no que atualmente chama-se Tese de Church-Turing, uma hip\u00f3tese sobre a natureza de dispositivos mec\u00e2nicos de c\u00e1lculo"}, {"question": "Qual teorema levou a defini\u00e7\u00e3o de conceitos como recursividade e c\u00e1lculo lambda?", "answer": {"text": "teorema da incompletude", "answer_start": 109}, "prediction": "teorema da incompletude"}]}, {"context": "Hoje em dia, muitos computadores aparentam executar v\u00e1rios programas ao mesmo tempo, o que \u00e9 normalmente conhecido como multitarefa. Na realidade, a CPU executa as instru\u00e7\u00f5es de um programa por um curto per\u00edodo de tempo e, em seguida, troca para um outro programa e executa algumas de suas instru\u00e7\u00f5es. Isto cria a ilus\u00e3o de v\u00e1rios programas sendo executados simultaneamente atrav\u00e9s do compartilhamento do tempo da CPU entre os programas. Este compartilhamento de tempo \u00e9 normalmente controlado pelo sistema operacional. Nos casos em que o computador possui dois n\u00facleos de processamento, cada n\u00facleo processa informa\u00e7\u00f5es de um programa, diminuindo assim o tempo de processamento.", "qas": [{"question": "Como a CPU executa as instru\u00e7\u00f5es de um programa?", "answer": {"text": "a CPU executa as instru\u00e7\u00f5es de um programa por um curto per\u00edodo de tempo e, em seguida, troca para um outro programa e executa algumas de suas instru\u00e7\u00f5es", "answer_start": 147}, "prediction": "cada n\u00facleo processa informa\u00e7\u00f5es de um programa"}, {"question": "O que o compartilhamento de tempo da CPU gera?", "answer": {"text": "Isto cria a ilus\u00e3o de v\u00e1rios programas sendo executados simultaneamente", "answer_start": 302}, "prediction": "compartilhamento do tempo da CPU entre os programas"}]}, {"context": "\u00c0 \u00e9poca, os projetos foram analisados por dois consultores ad hoc, residentes fora do DF, e pela C\u00e2mara de Assessoramento que se reuniu em julho de 1994. O primeiro projeto a receber apoio da institui\u00e7\u00e3o foi da \u00e1rea de psicologia, \u201cO Est\u00edmulo \u00e0 Criatividade no Sistema Universit\u00e1rio\u201d, em setembro de 94, um marco para a pesquisa do Distrito Federal.", "qas": [{"question": "Qual foi o primeiro projeto a receber apoio da institui\u00e7\u00e3o?", "answer": {"text": "\u201cO Est\u00edmulo \u00e0 Criatividade no Sistema Universit\u00e1rio\u201d", "answer_start": 231}, "prediction": "Distrito Federal"}, {"question": "Quantos consultores ad hoc consultaram os projetos?", "answer": {"text": "dois", "answer_start": 42}, "prediction": "dois consultores ad hoc, residentes fora do DF"}]}, {"context": "Em 1996 o Curso noturno de Bacharelado em An\u00e1lise de Sistemas foi implantado, com o intuito de prover mais uma possibilidade de forma\u00e7\u00e3o aos ingressantes, priorizando as atividades fins da Inform\u00e1tica, principalmente na \u00e1rea de desenvolvimentos de sistemas aplicativos. Com o crescimento ainda maior da \u00e1rea de Computa\u00e7\u00e3o na UFMS, o curso de Mestrado em Ci\u00eancia da Computa\u00e7\u00e3o foi implantado em 1999, solidificando de vez a \u00e1rea no \u00e2mbito da UFMS.", "qas": [{"question": "Com qual intuito foi criado o curso de An\u00e1lise de Sistemas?", "answer": {"text": "prover mais uma possibilidade de forma\u00e7\u00e3o aos ingressantes", "answer_start": 95}, "prediction": "prover mais uma possibilidade de forma\u00e7\u00e3o aos ingressantes, priorizando as atividades fins da Inform\u00e1tica, principalmente na \u00e1rea de desenvolvimentos de sistemas aplicativos"}, {"question": "Qual a prioridade do curso de An\u00e1lise de Sistemas?", "answer": {"text": "as atividades fins da Inform\u00e1tica", "answer_start": 167}, "prediction": "prover mais uma possibilidade de forma\u00e7\u00e3o aos ingressantes, priorizando as atividades fins da Inform\u00e1tica"}, {"question": "Quando a \u00e1rea de computa\u00e7\u00e3o foi solidificada na UFMS?", "answer": {"text": "1999", "answer_start": 394}, "prediction": "1999"}, {"question": "Quando foi criado o curso de An\u00e1lise de Sistemas?", "answer": {"text": "1996", "answer_start": 3}, "prediction": "1999"}]}, {"context": "Na etapa de ajustes de matr\u00edcula, o Coordenador de Curso \u00e9 respons\u00e1vel pela orienta\u00e7\u00e3o e acompanhamento aos discentes, para continuidade do processo de renova\u00e7\u00e3o de matr\u00edcula. O discente que tenha perdido o prazo na etapa de sele\u00e7\u00e3o de disciplinas online ou tenha interesse em alterar a sua matr\u00edcula em disciplinas, deve registrar a sua solicita\u00e7\u00e3o de altera\u00e7\u00e3o, durante a etapa de ajustes de matr\u00edcula, atrav\u00e9s do Sistema Acad\u00eamico (Siscad). Durante a etapa de ajustes de matr\u00edcula, as solicita\u00e7\u00f5es de inclus\u00e3o de disciplina ser\u00e3o atendidas somente se houver vagas dispon\u00edveis em alguma turma da respectiva disciplina, respeitando-se o disposto nos incisos II a IV do art. 2o. A solicita\u00e7\u00e3o de inclus\u00e3o de disciplinas que n\u00e3o constarem na estrutura curricular do curso poder\u00e1 ser requerida ao Coordenador de Curso at\u00e9 o prazo final desta etapa da renova\u00e7\u00e3o da matr\u00edcula.", "qas": [{"question": "A quem deve ser requisitada a inclus\u00e3o de disciplinas que n\u00e3o constam na estrutura curricular?", "answer": {"text": "Coordenador de Curso", "answer_start": 795}, "prediction": "Siscad). Durante a etapa de ajustes de matr\u00edcula, as solicita\u00e7\u00f5es de inclus\u00e3o de disciplina ser\u00e3o atendidas somente se houver vagas dispon\u00edveis em alguma turma da respectiva disciplina"}, {"question": "Como pode ser requisitada a inclus\u00e3o de disciplinas que n\u00e3o est\u00e3o na estrutura curricular?", "answer": {"text": "ao Coordenador de Curso", "answer_start": 792}, "prediction": "se houver vagas dispon\u00edveis em alguma turma da respectiva disciplina"}, {"question": "Em que o orientador de curso auxilia os alunos?", "answer": {"text": "continuidade do processo de renova\u00e7\u00e3o de matr\u00edcula", "answer_start": 124}, "prediction": "orienta\u00e7\u00e3o e acompanhamento aos discentes, para continuidade do processo de renova\u00e7\u00e3o de matr\u00edcula"}, {"question": "O que fazer caso o aluno perca o prazo de sele\u00e7\u00e3o de disciplinas online?", "answer": {"text": "deve registrar a sua solicita\u00e7\u00e3o de altera\u00e7\u00e3o, durante a etapa de ajustes de matr\u00edcula, atrav\u00e9s do Sistema Acad\u00eamico (Siscad)", "answer_start": 317}, "prediction": "O discente que tenha perdido o prazo na etapa de sele\u00e7\u00e3o de disciplinas online ou tenha interesse em alterar a sua matr\u00edcula em disciplinas, deve registrar a sua solicita\u00e7\u00e3o de altera\u00e7\u00e3o, durante a etapa de ajustes de matr\u00edcula"}, {"question": "Qual a condi\u00e7\u00e3o para incluir disciplinas durante a etapa de ajustes de matr\u00edcula?", "answer": {"text": "se houver vagas dispon\u00edveis em alguma turma da respectiva disciplina", "answer_start": 551}, "prediction": "durante a etapa de ajustes de matr\u00edcula"}, {"question": "Quem orienta e acompanha os alunos no ajuste de matr\u00edcula?", "answer": {"text": "Coordenador de Curso", "answer_start": 36}, "prediction": "Coordenador de Curso"}]}, {"context": "O Exame Nacional para Ingresso na P\u00f3s-Gradua\u00e7\u00e3o em Computa\u00e7\u00e3o (POSCOMP) \u00e9 um exame aplicado em todas as regi\u00f5es do Pa\u00eds. Em parceria com a Sociedade Peruana de Computa\u00e7\u00e3o, desde 2006 o Exame passou a ser realizado no Peru. O POSCOMP testa conhecimentos na \u00e1rea de Computa\u00e7\u00e3o e tem como objetivo espec\u00edfico avaliar os conhecimentos de candidatos a Programas de P\u00f3s-Gradua\u00e7\u00e3o em Computa\u00e7\u00e3o oferecidos no Brasil. A grande maioria dos Programas de P\u00f3s-Gradua\u00e7\u00e3o no Pa\u00eds utiliza, de alguma forma, o resultado do POSCOMP em seu processo seletivo.", "qas": [{"question": "Desde quando o POSCOMP passou a ser realizado no Peru?", "answer": {"text": "2006", "answer_start": 178}, "prediction": "desde 2006"}, {"question": "O que os Programas de P\u00f3s-Gradua\u00e7\u00e3o utilizam em seu processo seletivo?", "answer": {"text": "o resultado", "answer_start": 492}, "prediction": "A grande maioria dos Programas de P\u00f3s-Gradua\u00e7\u00e3o no Pa\u00eds utiliza, de alguma forma, o resultado do POSCOMP em seu processo seletivo"}, {"question": "Onde o POSCOMP \u00e9 aplicado?", "answer": {"text": "aplicado em todas as regi\u00f5es do Pa\u00eds", "answer_start": 83}, "prediction": "Peru"}, {"question": "Qual o objetivo do POSCOMP?", "answer": {"text": "avaliar os conhecimentos de candidatos a Programas de P\u00f3s-Gradua\u00e7\u00e3o em Computa\u00e7\u00e3o", "answer_start": 306}, "prediction": "avaliar os conhecimentos de candidatos a Programas de P\u00f3s-Gradua\u00e7\u00e3o em Computa\u00e7\u00e3o oferecidos no Brasil"}]}, {"context": "\u00c9 importante salientar que a realiza\u00e7\u00e3o do exame n\u00e3o est\u00e1 vinculada \u00e0 inscri\u00e7\u00e3o em algum Programa espec\u00edfico. O POSCOMP \u00e9 uma prova independente e constitui apenas mais um dos crit\u00e9rios para sele\u00e7\u00e3o de candidatos pelas Institui\u00e7\u00f5es de Ensino que oferecem cursos de P\u00f3s-Gradua\u00e7\u00e3o em Computa\u00e7\u00e3o. As instru\u00e7\u00f5es sobre a inscri\u00e7\u00e3o e sobre o processo seletivo em cada Programa espec\u00edfico s\u00e3o disponibilizadas nas respectivas Institui\u00e7\u00f5es de Ensino, sem qualquer interfer\u00eancia da SBC.", "qas": [{"question": "Ao que a realiza\u00e7\u00e3o do exame n\u00e3o est\u00e1 vinculada?", "answer": {"text": "inscri\u00e7\u00e3o em algum Programa espec\u00edfico", "answer_start": 70}, "prediction": "inscri\u00e7\u00e3o em algum Programa espec\u00edfico"}, {"question": "N\u00e3o h\u00e1 qualquer interfer\u00eancia de quem nas instru\u00e7\u00f5es sobre inscri\u00e7\u00e3o e sobre o processo seletivo?", "answer": {"text": "SBC", "answer_start": 473}, "prediction": "inscri\u00e7\u00e3o em algum Programa espec\u00edfico. O POSCOMP \u00e9 uma prova independente e constitui apenas mais um dos crit\u00e9rios para sele\u00e7\u00e3o de candidatos pelas Institui\u00e7\u00f5es de Ensino que oferecem cursos de P\u00f3s-Gradua\u00e7\u00e3o em Computa\u00e7\u00e3o. As instru\u00e7\u00f5es sobre a inscri\u00e7\u00e3o e sobre o processo seletivo em cada Programa espec\u00edfico s\u00e3o disponibilizadas nas respectivas Institui\u00e7\u00f5es de Ensino, sem qualquer interfer\u00eancia da SBC"}, {"question": "O que o POSCOMP constitui para a sele\u00e7\u00e3o de candidatos pelas Institui\u00e7\u00f5es de Ensino?", "answer": {"text": "apenas mais um dos crit\u00e9rios para sele\u00e7\u00e3o de candidatos", "answer_start": 157}, "prediction": "Institui\u00e7\u00f5es de Ensino que oferecem cursos de P\u00f3s-Gradua\u00e7\u00e3o em Computa\u00e7\u00e3o"}, {"question": "Onde s\u00e3o disponibilizadas as instru\u00e7\u00f5es sobre a inscri\u00e7\u00e3o e processo seletivo?", "answer": {"text": "nas respectivas Institui\u00e7\u00f5es de Ensino", "answer_start": 403}, "prediction": "Institui\u00e7\u00f5es de Ensino, sem qualquer interfer\u00eancia da SBC"}]}, {"context": "O Mestrado Profissional \u00e9 uma modalidade de p\u00f3s-gradua\u00e7\u00e3o stricto sensu, que foi reconhecida no Brasil em 1998. Em 2017, o doutorado tamb\u00e9m passou a admitir a modalidade profissional. Atualmente, o mestrado e o doutorado profissional s\u00e3o regulados pela Portaria MEC n\u00ba 389, de 23 de mar\u00e7o de 2017, e pela Portaria CAPES n\u00ba 131, de 28 de junho de 2017.", "qas": [{"question": "Em que ano foi reconhecido o mestrado profissional no Brasil?", "answer": {"text": "1998", "answer_start": 106}, "prediction": "2017"}, {"question": "Quando o doutorado passou a admitir a modalidade profissional no Brasil?", "answer": {"text": "2017", "answer_start": 115}, "prediction": "2017"}]}, {"context": "O Mestrado em Administra\u00e7\u00e3o de Neg\u00f3cios (em ingl\u00eas, Master in Business Administration) \u00e9 considerado no Brasil uma especializa\u00e7\u00e3o (p\u00f3s-gradua\u00e7\u00e3o lato sensu). As especializa\u00e7\u00f5es n\u00e3o se submetem \u00e0 avalia\u00e7\u00e3o sistem\u00e1tica da Coordena\u00e7\u00e3o de Aperfei\u00e7oamento de Pessoal de N\u00edvel Superior, mas a uma aprecia\u00e7\u00e3o menos aprofundada, por parte do Minist\u00e9rio da Educa\u00e7\u00e3o. Indicadores seguros da regularidade do curso s\u00e3o a prova do credenciamento institucional e a declara\u00e7\u00e3o de que o curso atende aos requisitos enumerados pela Resolu\u00e7\u00e3o CNE/CES n\u00ba 1/2007.", "qas": [{"question": "As especializa\u00e7\u00f5es s\u00e3o submetidas ao qu\u00ea?", "answer": {"text": "aprecia\u00e7\u00e3o menos aprofundada", "answer_start": 291}, "prediction": "As especializa\u00e7\u00f5es n\u00e3o se submetem \u00e0 avalia\u00e7\u00e3o sistem\u00e1tica da Coordena\u00e7\u00e3o de Aperfei\u00e7oamento de Pessoal de N\u00edvel Superior"}, {"question": "O mestrado em administra\u00e7\u00e3o de neg\u00f3cios \u00e9 considerado o que no Brasil?", "answer": {"text": "especializa\u00e7\u00e3o", "answer_start": 115}, "prediction": "especializa\u00e7\u00e3o (p\u00f3s-gradua\u00e7\u00e3o lato sensu)"}, {"question": "Quem faz a aprecia\u00e7\u00e3o dos cursos de especializa\u00e7\u00e3o no Brasil?", "answer": {"text": "Minist\u00e9rio da Educa\u00e7\u00e3o", "answer_start": 334}, "prediction": "Minist\u00e9rio da Educa\u00e7\u00e3o"}]}, {"context": "O doutorado obt\u00e9m-se com a defesa de uma tese, que deve ser um trabalho original. O ingresso direto no doutorado \u00e9 voltado \u00e0 pesquisa cient\u00edfica ao inv\u00e9s da doc\u00eancia como no caso do mestrado. As ag\u00eancias de fomento, que nos anos 1980 e 1990 incentivaram a ida de brasileiros ao exterior para se doutorarem, conclu\u00edram na \u00faltima d\u00e9cada que o Brasil j\u00e1 conta com cursos de doutorado de qualidade suficiente para que seja poss\u00edvel curs\u00e1-los no Pa\u00eds e n\u00e3o mais no exterior. Enquanto o Conselho Nacional de Desenvolvimento Cient\u00edfico e Tecnol\u00f3gico e a Funda\u00e7\u00e3o de Amparo \u00e0 Pesquisa do Estado de S\u00e3o Paulo concedem pouqu\u00edssimas bolsas de doutorado no exterior, a Coordena\u00e7\u00e3o de Aperfei\u00e7oamento de Pessoal de N\u00edvel Superior mant\u00e9m concess\u00f5es, mas em n\u00famero que tende a decrescer. A prioridade das ag\u00eancias, atualmente, \u00e9 a concess\u00e3o de est\u00e1gios-sandu\u00edche, isto \u00e9, de per\u00edodos de seis meses a um ano letivo para que o aluno de doutorado, matriculado no Brasil, entre em contato com centros avan\u00e7ados no exterior e entabule contatos que depois desenvolver\u00e1 [carece de fontes]. Usualmente, o est\u00e1gio sandu\u00edche se d\u00e1 durante o terceiro ano do curso.", "qas": [{"question": "Ao que o mestrado \u00e9 voltado?", "answer": {"text": "doc\u00eancia", "answer_start": 157}, "prediction": "com a defesa de uma tese, que deve ser um trabalho original. O ingresso direto no doutorado \u00e9 voltado \u00e0 pesquisa cient\u00edfica"}, {"question": "Em qual ano de curso se d\u00e1 o est\u00e1gio sandu\u00edche?", "answer": {"text": "terceiro ano", "answer_start": 1116}, "prediction": "terceiro ano do curso"}, {"question": "O que o doutorando defende?", "answer": {"text": "tese", "answer_start": 41}, "prediction": "com a defesa de uma tese"}, {"question": "Qual funda\u00e7\u00e3o do estado de S\u00e3o Paulo concedem bolsas de doutorado no exterior?", "answer": {"text": "Funda\u00e7\u00e3o de Amparo \u00e0 Pesquisa", "answer_start": 547}, "prediction": "As ag\u00eancias de fomento, que nos anos 1980 e 1990 incentivaram a ida de brasileiros ao exterior para se doutorarem, conclu\u00edram na \u00faltima d\u00e9cada que o Brasil j\u00e1 conta com cursos de doutorado de qualidade suficiente para que seja poss\u00edvel curs\u00e1-los no Pa\u00eds e n\u00e3o mais no exterior. Enquanto o Conselho Nacional de Desenvolvimento Cient\u00edfico e Tecnol\u00f3gico e a Funda\u00e7\u00e3o de Amparo \u00e0 Pesquisa do Estado de S\u00e3o Paulo concedem pouqu\u00edssimas bolsas de doutorado no exterior, a Coordena\u00e7\u00e3o de Aperfei\u00e7oamento de Pessoal de N\u00edvel Superior mant\u00e9m concess\u00f5es, mas em n\u00famero que tende a decrescer. A prioridade das ag\u00eancias, atualmente, \u00e9 a concess\u00e3o de est\u00e1gios-sandu\u00edche"}, {"question": "Quem concluiu que o Brasil j\u00e1 conta com cursos de doutorado de qualidade suficiente?", "answer": {"text": "As ag\u00eancias de fomento", "answer_start": 192}, "prediction": "As ag\u00eancias de fomento, que nos anos 1980 e 1990 incentivaram a ida de brasileiros ao exterior para se doutorarem, conclu\u00edram na \u00faltima d\u00e9cada que o Brasil j\u00e1 conta com cursos de doutorado de qualidade suficiente para que seja poss\u00edvel curs\u00e1-los no Pa\u00eds e n\u00e3o mais no exterior"}]}, {"context": "Integraliza\u00e7\u00e3o Curricular: cumprimento da carga hor\u00e1ria do curso e da estrutura curricular, previstas no Projeto Pedag\u00f3gico do Curso. Licenciatura: modalidade de Curso de Gradua\u00e7\u00e3o de forma\u00e7\u00e3o para o exerc\u00edcio do magist\u00e9rio. Matriz Curricular: conjunto de componentes curriculares distribu\u00eddos por disciplinas e atividades com suas respectivas cargas hor\u00e1rias. Regime de Exerc\u00edcios Domiciliares: substitui\u00e7\u00e3o das aulas n\u00e3o frequentadas pelo acad\u00eamico por atividades realizadas em ambiente domiciliar ou hospitalar, assegurando-se ao acad\u00eamico a possibilidade de prestar, em outra \u00e9poca, as provas que foram aplicadas durante o per\u00edodo do afastamento.", "qas": [{"question": "O regime de exerc\u00edcios domiciliares substitui o qu\u00ea?", "answer": {"text": "aulas n\u00e3o frequentadas pelo acad\u00eamico", "answer_start": 413}, "prediction": "substitui\u00e7\u00e3o das aulas n\u00e3o frequentadas pelo acad\u00eamico por atividades realizadas em ambiente domiciliar ou hospitalar"}, {"question": "Onde s\u00e3o realizadas as atividades dos acad\u00eamicos em regime de exerc\u00edcios domiciliares?", "answer": {"text": "ambiente domiciliar ou hospitalar", "answer_start": 480}, "prediction": "Licenciatura: modalidade de Curso de Gradua\u00e7\u00e3o de forma\u00e7\u00e3o para o exerc\u00edcio do magist\u00e9rio"}, {"question": "Para que serve a modalidade de gradua\u00e7\u00e3o licenciatura?", "answer": {"text": "exerc\u00edcio do magist\u00e9rio", "answer_start": 200}, "prediction": "a possibilidade de prestar, em outra \u00e9poca, as provas que foram aplicadas durante o per\u00edodo do afastamento"}, {"question": "Quando o acad\u00eamico em regime de exerc\u00edcios domiciliares poder\u00e1 prestar as provas que foram aplicadas durante o afastamento?", "answer": {"text": "em outra \u00e9poca", "answer_start": 571}, "prediction": "Integraliza\u00e7\u00e3o Curricular: cumprimento da carga hor\u00e1ria do curso e da estrutura curricular, previstas no Projeto Pedag\u00f3gico do Curso. Licenciatura: modalidade de Curso de Gradua\u00e7\u00e3o de forma\u00e7\u00e3o para o exerc\u00edcio do magist\u00e9rio. Matriz Curricular: conjunto de componentes curriculares distribu\u00eddos por disciplinas e atividades com suas respectivas cargas hor\u00e1rias. Regime de Exerc\u00edcios Domiciliares: substitui\u00e7\u00e3o das aulas n\u00e3o frequentadas pelo acad\u00eamico por atividades realizadas em ambiente domiciliar ou hospitalar, assegurando-se ao acad\u00eamico a possibilidade de prestar, em outra \u00e9poca, as provas que foram aplicadas durante o per\u00edodo do afastamento"}]}, {"context": "O Colegiado de Curso, ouvido o N\u00facleo Docente Estruturante, poder\u00e1 propor altera\u00e7\u00f5es na Matriz Curricular, desde que apresente justificativa, obedecidos aos prazos fixados no Calend\u00e1rio Acad\u00eamico. As altera\u00e7\u00f5es curriculares referidas neste artigo ser\u00e3o: inclus\u00e3o ou exclus\u00e3o de disciplinas; altera\u00e7\u00e3o de nomenclatura, de lota\u00e7\u00e3o ou de carga hor\u00e1ria de disciplinas. O Coordenador de Curso dever\u00e1 elaborar Plano de Estudos para cada acad\u00eamico quando ocorrer migra\u00e7\u00e3o do acad\u00eamico para uma nova Matriz Curricular, observada a Tabela de Equival\u00eancias, visando ao cumprimento dos componentes curriculares. O acad\u00eamico ficar\u00e1 dispensado de cumprir as disciplinas novas que estiverem posicionadas em semestre anterior \u00e0quele recomendado no Plano de Estudos. O acad\u00eamico ficar\u00e1 dispensado de cumprir as disciplinas novas que estiverem posicionadas em semestre anterior \u00e0quele recomendado no Plano de Estudos. Se no Plano de Estudos for constatada a falta de carga hor\u00e1ria para integraliza\u00e7\u00e3o curricular, a carga hor\u00e1ria faltante dever\u00e1 ser complementada com disciplinas novas ou optativas, a crit\u00e9rio do acad\u00eamico e disponibilidade de oferta da disciplina.", "qas": [{"question": "Com o que ser\u00e1 completada a carga hor\u00e1ria se for constatada a falta para integraliza\u00e7\u00e3o curricular?", "answer": {"text": "com disciplinas novas ou optativas", "answer_start": 1046}, "prediction": "com disciplinas novas ou optativas, a crit\u00e9rio do acad\u00eamico e disponibilidade de oferta da disciplina"}, {"question": "O Colegiado de Curso poder\u00e1 propor altera\u00e7\u00f5es na matriz curricular?", "answer": {"text": "desde que apresente justificativa", "answer_start": 107}, "prediction": "na Matriz Curricular"}, {"question": "Qual a finalidade da elabora\u00e7\u00e3o do plano de estudos?", "answer": {"text": "cumprimento dos componentes curriculares", "answer_start": 559}, "prediction": "cumprimento dos componentes curriculares"}, {"question": "Quem elabora o plano de estudos do acad\u00eamico quando ocorre migra\u00e7\u00e3o para uma nova matriz curricular?", "answer": {"text": "Coordenador de Curso", "answer_start": 367}, "prediction": "N\u00facleo Docente Estruturante"}]}, {"context": "Sistema de Controle Acad\u00eamico (Siscad): Sistema computacional de controle, acompanhamento e divulga\u00e7\u00e3o do desempenho acad\u00eamico, no qual s\u00e3o registradas as informa\u00e7\u00f5es relativas \u00e0 frequ\u00eancia e aos resultados das avalia\u00e7\u00f5es dos acad\u00eamicos, bem como os Planos de Ensino das disciplinas. Tecnol\u00f3gico ou Superior de Tecnologia: modalidade de Curso de Gradua\u00e7\u00e3o de forma\u00e7\u00e3o profissional especializada em \u00e1reas cient\u00edficas e tecnol\u00f3gicas, que conferem ao diplomado compet\u00eancias para atuar em \u00e1reas espec\u00edficas, organizadas por eixos tecnol\u00f3gicos, recebendo o concluinte o grau de tecn\u00f3logo.", "qas": [{"question": "Em que os profissionais formados em cursos de gradua\u00e7\u00e3o tecnol\u00f3gicos ou superiores de tecnologias s\u00e3o especializados?", "answer": {"text": "\u00e1reas cient\u00edficas e tecnol\u00f3gicas", "answer_start": 398}, "prediction": "Sistema de Controle Acad\u00eamico (Siscad): Sistema computacional de controle, acompanhamento e divulga\u00e7\u00e3o do desempenho acad\u00eamico, no qual s\u00e3o registradas as informa\u00e7\u00f5es relativas \u00e0 frequ\u00eancia e aos resultados das avalia\u00e7\u00f5es dos acad\u00eamicos, bem como os Planos de Ensino das disciplinas. Tecnol\u00f3gico ou Superior de Tecnologia: modalidade de Curso de Gradua\u00e7\u00e3o de forma\u00e7\u00e3o profissional especializada em \u00e1reas cient\u00edficas e tecnol\u00f3gicas, que conferem ao diplomado compet\u00eancias para atuar em \u00e1reas espec\u00edficas"}, {"question": "O que o Siscad controla, acompanha e divulga?", "answer": {"text": "desempenho acad\u00eamico", "answer_start": 106}, "prediction": "compet\u00eancias para atuar em \u00e1reas espec\u00edficas"}, {"question": "O que o concluinte de cursos tecnol\u00f3gicos recebem?", "answer": {"text": "grau de tecn\u00f3logo", "answer_start": 565}, "prediction": "frequ\u00eancia e aos resultados das avalia\u00e7\u00f5es dos acad\u00eamicos, bem como os Planos de Ensino das disciplinas. Tecnol\u00f3gico ou Superior de Tecnologia: modalidade de Curso de Gradua\u00e7\u00e3o de forma\u00e7\u00e3o profissional especializada em \u00e1reas cient\u00edficas e tecnol\u00f3gicas, que conferem ao diplomado compet\u00eancias para atuar em \u00e1reas espec\u00edficas"}, {"question": "O que os cursos tecnol\u00f3gicos conferem ao diplomado?", "answer": {"text": "compet\u00eancias para atuar em \u00e1reas espec\u00edficas", "answer_start": 458}, "prediction": "frequ\u00eancia e aos resultados das avalia\u00e7\u00f5es dos acad\u00eamicos, bem como os Planos de Ensino das disciplinas. Tecnol\u00f3gico ou Superior de Tecnologia: modalidade de Curso de Gradua\u00e7\u00e3o de forma\u00e7\u00e3o profissional especializada em \u00e1reas cient\u00edficas e tecnol\u00f3gicas, que conferem ao diplomado compet\u00eancias para atuar em \u00e1reas espec\u00edficas"}, {"question": "O que \u00e9 Siscad?", "answer": {"text": "Sistema de Controle Acad\u00eamico", "answer_start": 0}, "prediction": "Siscad"}]}, {"context": "Trabalho de Conclus\u00e3o de Curso: conjunto de atividades de vincula\u00e7\u00e3o entre forma\u00e7\u00e3o te\u00f3rica e in\u00edcio da viv\u00eancia profissional, em que o estudante desenvolve um trabalho final que demonstre dom\u00ednio do objeto de estudo (sob a forma de monografia, projeto, an\u00e1lise de casos, desempenho, produ\u00e7\u00e3o art\u00edstica, desenvolvimento de instrumentos, equipamentos, prot\u00f3tipos, entre outras, de acordo com a natureza da \u00e1rea e os fins do curso) e capacidade de expressar-se sobre ele, conforme regulamento espec\u00edfico anexo ao Projeto Pedag\u00f3gico do curso. Trancamento de Matr\u00edcula: procedimento que permite ao acad\u00eamico suspender temporariamente seus estudos, mantendo o v\u00ednculo acad\u00eamico com a Institui\u00e7\u00e3o.", "qas": [{"question": "O que o trabalho de conclus\u00e3o de curso vincula?", "answer": {"text": "forma\u00e7\u00e3o te\u00f3rica e in\u00edcio da viv\u00eancia profissional", "answer_start": 75}, "prediction": "sob a forma de monografia, projeto, an\u00e1lise de casos, desempenho, produ\u00e7\u00e3o art\u00edstica, desenvolvimento de instrumentos, equipamentos, prot\u00f3tipos, entre outras, de acordo com a natureza da \u00e1rea e os fins do curso) e capacidade de expressar-se sobre ele, conforme regulamento espec\u00edfico anexo ao Projeto Pedag\u00f3gico do curso. Trancamento de Matr\u00edcula: procedimento que permite ao acad\u00eamico suspender temporariamente seus estudos"}, {"question": "O que o trancamento de matr\u00edcula permite ao acad\u00eamico?", "answer": {"text": "suspender temporariamente seus estudos", "answer_start": 604}, "prediction": "sob a forma de monografia, projeto, an\u00e1lise de casos, desempenho, produ\u00e7\u00e3o art\u00edstica, desenvolvimento de instrumentos, equipamentos, prot\u00f3tipos, entre outras, de acordo com a natureza da \u00e1rea e os fins do curso) e capacidade de expressar-se sobre ele, conforme regulamento espec\u00edfico anexo ao Projeto Pedag\u00f3gico do curso. Trancamento de Matr\u00edcula: procedimento que permite ao acad\u00eamico suspender temporariamente seus estudos, mantendo o v\u00ednculo acad\u00eamico com a Institui\u00e7\u00e3o"}]}, {"context": "Ap\u00f3s a aprova\u00e7\u00e3o do Plano de Estudos, pelo Colegiado de Curso, ser\u00e1 consignada no Hist\u00f3rico Escolar do acad\u00eamico a carga hor\u00e1ria que lhe foi atribu\u00edda na institui\u00e7\u00e3o de origem convertida em hora-aula de sessenta minutos no conjunto de disciplinas dispensadas; o c\u00f3digo DS nas disciplinas dispensadas; e o tipo da disciplina dispensada, para fins de integraliza\u00e7\u00e3o curricular. Para efeito de integraliza\u00e7\u00e3o curricular, a contagem do tempo cursado ser\u00e1 feita a partir do ingresso do acad\u00eamico na UFMS. A quantidade de semestres, anteriores ao semestre de enquadramento do acad\u00eamico, ser\u00e1 subtra\u00edda do tempo m\u00e1ximo para a integraliza\u00e7\u00e3o curricular previsto no Projeto Pedag\u00f3gico do Curso, caso o acad\u00eamico ainda n\u00e3o tenha cursado semestre algum ap\u00f3s ingressar no curso.", "qas": [{"question": "A partir de qual momento o tempo cursado ser\u00e1 contabilizado?", "answer": {"text": "a partir do ingresso do acad\u00eamico na UFMS", "answer_start": 457}, "prediction": "a partir do ingresso do acad\u00eamico na UFMS"}, {"question": "Por que a contagem do tempo cursado \u00e9 feita a partir do ingresso do acad\u00eamico na UFMS?", "answer": {"text": "Para efeito de integraliza\u00e7\u00e3o curricular", "answer_start": 376}, "prediction": "a partir do ingresso do acad\u00eamico na UFMS"}, {"question": "Quem atribui o c\u00f3digo DS nas disciplinas dispensadas no hist\u00f3rico escolar do aluno?", "answer": {"text": "Colegiado de Curso", "answer_start": 43}, "prediction": "Colegiado de Curso"}]}, {"context": "A carga hor\u00e1ria obtida nas Atividades Complementares deve ser apreciada e homologada pelo Colegiado de Curso para poder ser computada. Ao acad\u00eamico concluinte das Atividades Complementares ser\u00e1 atribu\u00eddo o resultado final aprovado ou reprovado, a ser consignado em seu Hist\u00f3rico Escolar. Outras atividades n\u00e3o previstas neste Regulamento poder\u00e3o ser computadas desde que aprovadas pelo Colegiado de Curso. Os casos omissos ser\u00e3o resolvidos pelo Colegiado de Curso.", "qas": [{"question": "Atividades complementares n\u00e3o previstas no edital podem ser computadas?", "answer": {"text": "desde que aprovadas pelo Colegiado de Curso", "answer_start": 361}, "prediction": "desde que aprovadas pelo Colegiado de Curso"}, {"question": "O que deve ser feito para que a carga hor\u00e1ria das atividades complementares sejam computadas?", "answer": {"text": "deve ser apreciada e homologada pelo Colegiado de Curso", "answer_start": 53}, "prediction": "desde que aprovadas pelo Colegiado de Curso"}, {"question": "Quais os poss\u00edveis resultados finais para as atividades complementares?", "answer": {"text": "aprovado ou reprovado", "answer_start": 222}, "prediction": "Outras atividades n\u00e3o previstas neste Regulamento poder\u00e3o ser computadas desde que aprovadas pelo Colegiado de Curso"}]}, {"context": "A TI \u00e9 uma grande for\u00e7a nas \u00e1reas de finan\u00e7as, planejamento de transportes, design, produ\u00e7\u00e3o de bens, assim como na imprensa, nas atividades editoriais, na produ\u00e7\u00e3o musical e cinematogr\u00e1fica, no r\u00e1dio e na televis\u00e3o. O desenvolvimento cada vez mais r\u00e1pido de novas tecnologias de informa\u00e7\u00e3o modificou as bibliotecas e os centros de documenta\u00e7\u00e3o (principais locais de armazenamento de informa\u00e7\u00e3o), introduzindo novas formas de organiza\u00e7\u00e3o e acesso aos dados e obras armazenadas; reduziu custos e acelerou a produ\u00e7\u00e3o dos jornais e possibilitou a forma\u00e7\u00e3o instant\u00e2nea de redes televisivas de \u00e2mbito mundial. Al\u00e9m disso, tal desenvolvimento facilitou e intensificou a comunica\u00e7\u00e3o pessoal e institucional, atrav\u00e9s de programas de processamento de texto, de forma\u00e7\u00e3o de bancos de dados, de editora\u00e7\u00e3o eletr\u00f4nica, bem como de tecnologias que permitem a transmiss\u00e3o de documentos, envio de mensagens e arquivos, assim como consultas a computadores remotos (via rede mundiais de computadores, como a Internet). A difus\u00e3o das novas tecnologias de informa\u00e7\u00e3o trouxe tamb\u00e9m impasses e problemas, relativos principalmente \u00e0 privacidade dos indiv\u00edduos e ao seu direito \u00e0 informa\u00e7\u00e3o, pois os cidad\u00e3os geralmente n\u00e3o t\u00eam acesso a grande quantidade de informa\u00e7\u00e3o sobre eles, coletadas por institui\u00e7\u00f5es particulares ou p\u00fablicas.", "qas": [{"question": "Ao que os impasses e problemas trazidos pela difus\u00e3o das novas tecnologias est\u00e3o relacionados?", "answer": {"text": "privacidade dos indiv\u00edduos e ao seu direito \u00e0 informa\u00e7\u00e3o", "answer_start": 1111}, "prediction": "pois os cidad\u00e3os geralmente n\u00e3o t\u00eam acesso a grande quantidade de informa\u00e7\u00e3o sobre eles"}, {"question": "Em quais \u00e1reas a TI \u00e9 uma grande for\u00e7a?", "answer": {"text": "A TI \u00e9 uma grande for\u00e7a nas \u00e1reas de finan\u00e7as, planejamento de transportes, design, produ\u00e7\u00e3o de bens, assim como na imprensa, nas atividades editoriais, na produ\u00e7\u00e3o musical e cinematogr\u00e1fica, no r\u00e1dio e na televis\u00e3o", "answer_start": 37}, "prediction": "O desenvolvimento cada vez mais r\u00e1pido de novas tecnologias de informa\u00e7\u00e3o modificou as bibliotecas e os centros de documenta\u00e7\u00e3o (principais locais de armazenamento de informa\u00e7\u00e3o"}, {"question": "O que a difus\u00e3o das novas tecnologias de informa\u00e7\u00e3o trouxe al\u00e9m das facilidades?", "answer": {"text": "A difus\u00e3o das novas tecnologias de informa\u00e7\u00e3o trouxe tamb\u00e9m impasses e problemas", "answer_start": 1002}, "prediction": "bibliotecas e os centros de documenta\u00e7\u00e3o"}, {"question": "O que modificou as bibliotecas e os centros de documenta\u00e7\u00e3o?", "answer": {"text": "O desenvolvimento cada vez mais r\u00e1pido de novas tecnologias de informa\u00e7\u00e3o", "answer_start": 217}, "prediction": "bibliotecas e os centros de documenta\u00e7\u00e3o"}, {"question": "O que o desenvolvimento cada vez mais r\u00e1pido de novas tecnologias reduziu?", "answer": {"text": "custos", "answer_start": 486}, "prediction": "bibliotecas e os centros de documenta\u00e7\u00e3o"}, {"question": "Por que a difus\u00e3o das novas tecnologias trouxe problemas relativos ao direito de informa\u00e7\u00e3o dos indiv\u00edduos?", "answer": {"text": "pois os cidad\u00e3os geralmente n\u00e3o t\u00eam acesso a grande quantidade de informa\u00e7\u00e3o sobre eles", "answer_start": 1169}, "prediction": "comunica\u00e7\u00e3o pessoal e institucional"}, {"question": "Quem coleta informa\u00e7\u00f5es sobre os indiv\u00edduos?", "answer": {"text": "institui\u00e7\u00f5es particulares ou p\u00fablicas", "answer_start": 1272}, "prediction": "institui\u00e7\u00f5es particulares ou p\u00fablicas"}]}, {"context": "As Universidades P\u00fablicas no Brasil, em especial aquelas vinculadas ao Sistema Federal, adotam um modelo organizacional que se caracteriza por muitas similaridades em que predominam as decis\u00f5es de \u00d3rg\u00e3os Colegiados. No caso da UFMS, a administra\u00e7\u00e3o central se d\u00e1 pela Reitoria que \u00e9 o \u00f3rg\u00e3o executivo que administra, dirigindo, coordenando e superintendendo todas as atividades universit\u00e1rias. O cargo de Reitor \u00e9 exercido por um professor nomeado na forma da lei, para executar as decis\u00f5es dos \u00f3rg\u00e3os colegiados superiores da Universidade - Conselho Universit\u00e1rio (COUN); Conselho Diretor (CD), e C\u00e2maras de Ensino, de Pesquisa e P\u00f3s-gradua\u00e7\u00e3o e de Extens\u00e3o. A Reitora responde administrativamente e juridicamente por todos os atos no \u00e2mbito da Institui\u00e7\u00e3o. Isso inclui o ordenamento de despesas sendo respons\u00e1vel perante o MEC e o Tribunal de Contas da Uni\u00e3o por gerir o terceiro maior or\u00e7amento do Estado. A Reitora \u00e9 respons\u00e1vel tamb\u00e9m por aproximar a Universidade da comunidade, por meio de conv\u00eanios e parcerias com outros \u00f3rg\u00e3os e institui\u00e7\u00f5es.", "qas": [{"question": "De que forma a Reitora responde por todos os atos no \u00e2mbito da Institui\u00e7\u00e3o?", "answer": {"text": "administrativamente e juridicamente", "answer_start": 679}, "prediction": "A Reitora \u00e9 respons\u00e1vel tamb\u00e9m por aproximar a Universidade da comunidade, por meio de conv\u00eanios e parcerias com outros \u00f3rg\u00e3os e institui\u00e7\u00f5es"}, {"question": "Por quem se d\u00e1 a administra\u00e7\u00e3o central da UFMS?", "answer": {"text": "Reitoria", "answer_start": 268}, "prediction": "Reitoria"}, {"question": "Por quem \u00e9 exercido o cargo de Reitor?", "answer": {"text": "professor nomeado na forma da lei", "answer_start": 430}, "prediction": "Reitoria"}, {"question": "Quais s\u00e3o os \u00f3rg\u00e3os colegiados superiores da UFMS?", "answer": {"text": "Conselho Universit\u00e1rio (COUN); Conselho Diretor (CD), e C\u00e2maras de Ensino, de Pesquisa e P\u00f3s-gradua\u00e7\u00e3o e de Extens\u00e3o", "answer_start": 542}, "prediction": "Conselho Diretor (CD), e C\u00e2maras de Ensino, de Pesquisa e P\u00f3s-gradua\u00e7\u00e3o e de Extens\u00e3o"}, {"question": "Quem \u00e9 respons\u00e1vel por aproximar a Universidade da comunidade?", "answer": {"text": "Reitora", "answer_start": 911}, "prediction": "A Reitora"}]}, {"context": "Visando ultrapassar os objetivos essenciais de aprimoramento do ensino e est\u00edmulo \u00e0s atividades de pesquisa e de extens\u00e3o, a UFMS vem participando do ensino e da preserva\u00e7\u00e3o dos recursos naturais do meio ambiente, especialmente da fauna e flora do Pantanal, regi\u00e3o onde est\u00e1 inserida, e que motiva estudos e pesquisas ecol\u00f3gicas na institui\u00e7\u00e3o.", "qas": [{"question": "O que a UFMS visa participando do ensino e da preserva\u00e7\u00e3o dos recursos naturais do meio ambiente?", "answer": {"text": "ultrapassar os objetivos essenciais de aprimoramento do ensino e est\u00edmulo \u00e0s atividades de pesquisa e de extens\u00e3o", "answer_start": 8}, "prediction": "a UFMS vem participando do ensino e da preserva\u00e7\u00e3o dos recursos naturais do meio ambiente"}, {"question": "O que motiva estudos e pesquisas ecol\u00f3gicas na UFMS?", "answer": {"text": "Pantanal", "answer_start": 248}, "prediction": "a UFMS vem participando do ensino e da preserva\u00e7\u00e3o dos recursos naturais do meio ambiente, especialmente da fauna e flora do Pantanal, regi\u00e3o onde est\u00e1 inserida, e que motiva estudos e pesquisas ecol\u00f3gicas na institui\u00e7\u00e3o"}]}, {"context": "Apesar do modelo de organiza\u00e7\u00e3o variar de institui\u00e7\u00e3o para institui\u00e7\u00e3o, quase todas as universidades disp\u00f5em de alguns \u00f3rg\u00e3os centrais comuns, como um reitor, chanceler ou presidente, um conselho de curadores, um senado universit\u00e1rio e decanos das v\u00e1rias unidades org\u00e2nicas. O provimento destes \u00f3rg\u00e3os varia conforme o estatuto da institui\u00e7\u00e3o, indo desde a nomea\u00e7\u00e3o por uma autoridade superior \u00e0 elei\u00e7\u00e3o pelos pr\u00f3prios membros da universidade.", "qas": [{"question": "Quais \u00f3rg\u00e3os centrais s\u00e3o comuns em universidades?", "answer": {"text": "reitor, chanceler ou presidente, um conselho de curadores, um senado universit\u00e1rio e decanos das v\u00e1rias unidades org\u00e2nicas", "answer_start": 151}, "prediction": "reitor, chanceler ou presidente, um conselho de curadores, um senado universit\u00e1rio e decanos das v\u00e1rias unidades org\u00e2nicas"}]}, {"context": "somente poder\u00e1 solicitar a dispensa para fins de abrevia\u00e7\u00e3o de curso o acad\u00eamico que estiver regularmente matriculado no \u00faltimo per\u00edodo letivo do curso na ufms; n\u00e3o tiver sido reprovado nas disciplinas em que quer ser avaliado; n\u00e3o tiver registro de trancamento de curso, exceto por motivo de sa\u00fade; n\u00e3o tiver aus\u00eancia de matr\u00edcula em qualquer per\u00edodo do curso; tiver \u00edndice de rendimento acad\u00eamico (ira) igual ou superior a 9,0 (nove inteiros); e n\u00e3o tiver sofrido san\u00e7\u00e3o disciplinar. o acad\u00eamico dever\u00e1 frequentar regularmente as disciplinas, inclusive realizando as avalia\u00e7\u00f5es regulares at\u00e9 a conclus\u00e3o do processo de abrevia\u00e7\u00e3o. o pedido de avalia\u00e7\u00e3o ser\u00e1 analisado pelo coordenador de curso do acad\u00eamico.", "qas": [{"question": "at\u00e9 quando o acad\u00eamico dever\u00e1 frequentar regularmente as disciplinas ap\u00f3s solicitar dispensa por abrevia\u00e7\u00e3o de curso?", "answer": {"text": "at\u00e9 a conclus\u00e3o do processo de abrevia\u00e7\u00e3o", "answer_start": 590}, "prediction": "somente poder\u00e1 solicitar a dispensa para fins de abrevia\u00e7\u00e3o de curso o acad\u00eamico que estiver regularmente matriculado no \u00faltimo per\u00edodo letivo do curso na ufms; n\u00e3o tiver sido reprovado nas disciplinas em que quer ser avaliado"}, {"question": "por quem o pedido de avalia\u00e7\u00e3o \u00e9 analisado?", "answer": {"text": "coordenador de curso", "answer_start": 675}, "prediction": "coordenador de curso do acad\u00eamico"}, {"question": "quais as condi\u00e7\u00f5es para solicitar dispensa para fins de abrevia\u00e7\u00e3o de curso?", "answer": {"text": "estiver regularmente matriculado no \u00faltimo per\u00edodo letivo do curso na ufms; n\u00e3o tiver sido reprovado nas disciplinas em que quer ser avaliado; n\u00e3o tiver registro de trancamento de curso, exceto por motivo de sa\u00fade; n\u00e3o tiver aus\u00eancia de matr\u00edcula em qualquer per\u00edodo do curso; tiver \u00edndice de rendimento acad\u00eamico (ira) igual ou superior a 9,0 (nove inteiros); e n\u00e3o tiver sofrido san\u00e7\u00e3o disciplinar", "answer_start": 85}, "prediction": "o acad\u00eamico dever\u00e1 frequentar regularmente as disciplinas"}]}, {"context": "a matr\u00edcula em disciplinas obrigat\u00f3rias pode ser realizada no pr\u00f3prio curso ou em qualquer outro curso da ufms, desde que haja compatibilidade entre o nome da disciplina, ementa e carga hor\u00e1ria, mediante a exist\u00eancia de vagas. a matr\u00edcula em disciplinas optativas pode ser realizada no pr\u00f3prio curso ou em qualquer outro curso da ufms, condicionada \u00e0 exist\u00eancia de vagas. a matr\u00edcula em est\u00e1gio obrigat\u00f3rio poder\u00e1 ser realizada antes da data prevista para matr\u00edcula on-line, seguindo o planejamento da respectiva comiss\u00e3o de est\u00e1gio do curso e aprovado pelo colegiado de curso. quando houver oferta de mais de uma turma para uma mesma disciplina, o discente dever\u00e1 fazer a escolha da turma. se o n\u00famero de inscritos em uma turma for maior que o de vagas, o crit\u00e9rio de desempate ser\u00e1 o maior coeficiente de rendimento acad\u00eamico. os discentes que n\u00e3o conseguirem vaga na turma pretendida, de acordo com o crit\u00e9rio acima, ser\u00e3o redistribu\u00eddos nas turmas em que houver vaga, desde que haja compatibilidade de hor\u00e1rios.", "qas": [{"question": "como \u00e9 realizada a sele\u00e7\u00e3o de alunos para uma disciplina cujo n\u00famero de inscritos exceda o n\u00famero de vagas?", "answer": {"text": "o crit\u00e9rio de desempate ser\u00e1 o maior coeficiente de rendimento acad\u00eamico", "answer_start": 755}, "prediction": "a matr\u00edcula em disciplinas obrigat\u00f3rias pode ser realizada no pr\u00f3prio curso ou em qualquer outro curso da ufms, desde que haja compatibilidade entre o nome da disciplina, ementa e carga hor\u00e1ria, mediante a exist\u00eancia de vagas. a matr\u00edcula em disciplinas optativas pode ser realizada no pr\u00f3prio curso ou em qualquer outro curso da ufms, condicionada \u00e0 exist\u00eancia de vagas"}, {"question": "onde \u00e9 realizada a matr\u00edcula em disciplinas obrigat\u00f3rias?", "answer": {"text": "a matr\u00edcula em disciplinas obrigat\u00f3rias pode ser realizada no pr\u00f3prio curso ou em qualquer outro curso da ufms", "answer_start": 0}, "prediction": "no pr\u00f3prio curso ou em qualquer outro curso da ufms"}]}, {"context": "as institui\u00e7\u00f5es de educa\u00e7\u00e3o superior, por meio dos seus colegiados superiores, devem definir as atribui\u00e7\u00f5es e os crit\u00e9rios de constitui\u00e7\u00e3o do nde, atendidos, no m\u00ednimo, os seguintes: ser constitu\u00eddo por um m\u00ednimo de 5 professores pertencentes ao corpo docente do curso; ter pelo menos 60% de seus membros com titula\u00e7\u00e3o acad\u00eamica obtida em programas de p\u00f3sgradua\u00e7\u00e3o stricto sensu; ter todos os membros em regime de trabalho de tempo parcial ou integral, sendo pelo menos 20% em tempo integral; assegurar estrat\u00e9gia de renova\u00e7\u00e3o parcial dos integrantes do nde de modo a assegurar continuidade no processo de acompanhamento do curso.", "qas": [{"question": "o que os membros do nde devem assegurar?", "answer": {"text": "assegurar estrat\u00e9gia de renova\u00e7\u00e3o parcial dos integrantes do nde", "answer_start": 493}, "prediction": "constitui\u00e7\u00e3o do nde, atendidos, no m\u00ednimo, os seguintes: ser constitu\u00eddo por um m\u00ednimo de 5 professores pertencentes ao corpo docente do curso; ter pelo menos 60% de seus membros com titula\u00e7\u00e3o acad\u00eamica obtida em programas de p\u00f3sgradua\u00e7\u00e3o stricto sensu; ter todos os membros em regime de trabalho de tempo parcial ou integral, sendo pelo menos 20% em tempo integral; assegurar estrat\u00e9gia de renova\u00e7\u00e3o parcial dos integrantes do nde de modo a assegurar continuidade no processo de acompanhamento do curso"}, {"question": "por meio de quem as institui\u00e7\u00f5es de ensino superior devem definir as atribui\u00e7\u00f5es e os crit\u00e9rios de constitui\u00e7\u00e3o do nde?", "answer": {"text": "as institui\u00e7\u00f5es de educa\u00e7\u00e3o superior, por meio dos seus colegiados superiores, devem definir as atribui\u00e7\u00f5es e os crit\u00e9rios de constitui\u00e7\u00e3o do nde", "answer_start": 0}, "prediction": "as institui\u00e7\u00f5es de educa\u00e7\u00e3o superior"}, {"question": "quais os crit\u00e9rios de constitui\u00e7\u00e3o do nde?", "answer": {"text": "as institui\u00e7\u00f5es de educa\u00e7\u00e3o superior, por meio dos seus colegiados superiores, devem definir as atribui\u00e7\u00f5es e os crit\u00e9rios de constitui\u00e7\u00e3o do nde, atendidos, no m\u00ednimo, os seguintes: ser constitu\u00eddo por um m\u00ednimo de 5 professores pertencentes ao corpo docente do curso; ter pelo menos 60% de seus membros com titula\u00e7\u00e3o acad\u00eamica obtida em programas de p\u00f3sgradua\u00e7\u00e3o stricto sensu; ter todos os membros em regime de trabalho de tempo parcial ou integral, sendo pelo menos 20% em tempo integral; assegurar estrat\u00e9gia de renova\u00e7\u00e3o parcial dos integrantes do nde de modo a assegurar continuidade no processo de acompanhamento do curso.", "answer_start": 0}, "prediction": "constitui\u00e7\u00e3o do nde, atendidos, no m\u00ednimo, os seguintes: ser constitu\u00eddo por um m\u00ednimo de 5 professores pertencentes ao corpo docente do curso; ter pelo menos 60% de seus membros com titula\u00e7\u00e3o acad\u00eamica obtida em programas de p\u00f3sgradua\u00e7\u00e3o stricto sensu"}, {"question": "quantos dos membros do nde devem possuir titula\u00e7\u00e3o acad\u00eamica obtidas em programas de p\u00f3sgradua\u00e7\u00e3o?", "answer": {"text": "60%", "answer_start": 285}, "prediction": "5"}]}, {"context": "no processo de altera\u00e7\u00e3o das estruturas curriculares originado por altera\u00e7\u00f5es nas normas internas da ufms n\u00e3o poder\u00e3o ser criadas novas disciplinas obrigat\u00f3rias no curso ou alterada a semestraliza\u00e7\u00e3o das disciplinas existentes. no processo de altera\u00e7\u00e3o das estruturas curriculares originadas para o atendimento de norma para certifica\u00e7\u00e3o profissional ou por imposi\u00e7\u00e3o de norma legal a carga hor\u00e1ria global do curso deve permanecer a mesma, admitindo-se uma varia\u00e7\u00e3o de at\u00e9 cinco por cento para mais ou para menos em rela\u00e7\u00e3o \u00e0 carga hor\u00e1ria vigente por conta de acerto nas cargas hor\u00e1rias das disciplinas para adapta\u00e7\u00e3o ao m\u00f3dulo de dezessete semanas, respeitando- se o m\u00ednimo estabelecido pelo conselho nacional de educa\u00e7\u00e3o (cne). a varia\u00e7\u00e3o na carga hor\u00e1ria do curso poder\u00e1 exceder este percentual quando a modifica\u00e7\u00e3o imposta pela norma legal assim o exigir, repeitando-se o valor m\u00ednimo imposto pela norma. todos os alunos dever\u00e3o migrar para a nova estrutura curricular.", "qas": [{"question": "o que acontece com a grade curricular do curso para alunos veteranos quando a mesma \u00e9 alterada pelo org\u00e3o competente?", "answer": {"text": "no processo de altera\u00e7\u00e3o das estruturas curriculares originado por altera\u00e7\u00f5es nas normas internas da ufms n\u00e3o poder\u00e3o ser criadas novas disciplinas obrigat\u00f3rias no curso ou alterada a semestraliza\u00e7\u00e3o das disciplinas existentes", "answer_start": 0}, "prediction": "cne). a varia\u00e7\u00e3o na carga hor\u00e1ria do curso poder\u00e1 exceder este percentual quando a modifica\u00e7\u00e3o imposta pela norma legal assim o exigir, repeitando-se o valor m\u00ednimo imposto pela norma. todos os alunos dever\u00e3o migrar para a nova estrutura curricular"}]}]}