{"data": [{"context": "O tecn\u00f3logo em an\u00e1lise e desenvolvimento de sistemas \u00e9 um profissional de n\u00edvel superior formado em um Curso Superior de Tecnologia. Essa modalidade de gradua\u00e7\u00e3o visa formar profissionais para atender campos espec\u00edficos do mercado de trabalho. Seu formato, portanto, \u00e9 mais compacto, com dura\u00e7\u00e3o m\u00e9dia menor que a dos cursos de gradua\u00e7\u00e3o tradicionais. Sendo um profissional de n\u00edvel superior, os tecn\u00f3logos podem dar continuidade ao seus estudos cursando a p\u00f3s-gradua\u00e7\u00e3o Stricto sensu (Mestrado e Doutorado) e Lato sensu (Especializa\u00e7\u00e3o). A designa\u00e7\u00e3o atual da profiss\u00e3o foi estabelecida pelo Decreto 2208 de 17 de abril de 1997. An\u00e1lise de sistemas \u00e9 a atividade que tem como finalidade realizar estudos de processos a fim de encontrar o melhor e mais racional caminho para que a informa\u00e7\u00e3o possa ser processada. No Brasil, o Conselho Regional de Administra\u00e7\u00e3o (CRA), conforme regulamenta\u00e7\u00e3o do Conselho Federal de Administra\u00e7\u00e3o (CFA), emitem a carteira profissional dos Analistas de Sistemas que tenham conclu\u00eddo o curso universit\u00e1rio com \u00eanfase em An\u00e1lise de Sistemas.", "qas": [{"question": "Em que deve ser formado um profissional em an\u00e1lise e desenvolvimento de sistemas?", "answer": {"text": "Curso Superior de Tecnologia", "answer_start": 103}, "prediction": "um profissional de n\u00edvel superior formado em um Curso Superior de Tecnologia"}, {"question": "O que curso superior em an\u00e1lise e desenvolvimento de sistemas visa?", "answer": {"text": "formar profissionais para atender campos espec\u00edficos do mercado de trabalho", "answer_start": 167}, "prediction": "encontrar o melhor e mais racional caminho para que a informa\u00e7\u00e3o possa ser processada"}, {"question": "Por quem foi designada a profiss\u00e3o de tecn\u00f3logo em an\u00e1lise e desenvolvimento de sistemas?", "answer": {"text": "Decreto 2208 de 17 de abril de 1997", "answer_start": 593}, "prediction": "Conselho Regional de Administra\u00e7\u00e3o (CRA), conforme regulamenta\u00e7\u00e3o do Conselho Federal de Administra\u00e7\u00e3o (CFA), emitem a carteira profissional dos Analistas de Sistemas que tenham conclu\u00eddo o curso universit\u00e1rio com \u00eanfase em An\u00e1lise de Sistemas"}, {"question": "Qual deve ser a \u00eanfase do curso universit\u00e1rio dos analistas de sistemas?", "answer": {"text": "An\u00e1lise de Sistemas", "answer_start": 1051}, "prediction": "An\u00e1lise de Sistemas"}, {"question": "Quem emite a carteira profissional dos analistas de sistemas?", "answer": {"text": "CRA", "answer_start": 863}, "prediction": "Conselho Regional de Administra\u00e7\u00e3o"}]}, {"context": "Realizar um curso de gradua\u00e7\u00e3o \u00e9 uma experi\u00eancia bastante enriquecedora. Na verdade, tanto profissional, quanto pessoalmente, toda oportunidade de estudo proporciona conhecimento e experi\u00eancia para avan\u00e7ar na carreira, al\u00e9m de trabalhar responsabilidade, comprometimento e habilidades sociais de uma pessoa. Os cursos de gradua\u00e7\u00e3o comp\u00f5e o ensino superior, e fazem partem de uma modalidade que, segundo a lei, tem que ser fiscalizada e regulamentada pelo MEC (Minist\u00e9rio da Educa\u00e7\u00e3o e Cultura). Mas por serem fiscalizados, quer dizer que os cursos de gradua\u00e7\u00e3o s\u00e3o os melhores entre todos os diferentes tipos de cursos? Definitivamente n\u00e3o.", "qas": [{"question": "O ensino superior \u00e9 composto por quais cursos?", "answer": {"text": "cursos de gradua\u00e7\u00e3o", "answer_start": 311}, "prediction": "Minist\u00e9rio da Educa\u00e7\u00e3o e Cultura)"}, {"question": "O que a oportunidade de estudo proporciona a uma pessoa?", "answer": {"text": "conhecimento e experi\u00eancia", "answer_start": 166}, "prediction": "avan\u00e7ar na carreira, al\u00e9m de trabalhar responsabilidade, comprometimento e habilidades sociais de uma pessoa"}, {"question": "Qual um motivo para fazer um curso de gradu\u00e7\u00e3o?", "answer": {"text": "\u00e9 uma experi\u00eancia bastante enriquecedora", "answer_start": 31}, "prediction": "toda oportunidade de estudo proporciona conhecimento e experi\u00eancia para avan\u00e7ar na carreira, al\u00e9m de trabalhar responsabilidade, comprometimento e habilidades sociais de uma pessoa"}, {"question": "Quem fiscaliza o ensino superior?", "answer": {"text": "MEC", "answer_start": 455}, "prediction": "Minist\u00e9rio da Educa\u00e7\u00e3o e Cultura)"}]}, {"context": "Por volta do s\u00e9culo III a.C., o matem\u00e1tico indiano Pingala inventou o sistema de numera\u00e7\u00e3o bin\u00e1rio. Ainda usado atualmente no processamento de todos computadores modernos, o sistema estabelece que sequ\u00eancias espec\u00edficas de uns e zeros podem representar qualquer informa\u00e7\u00e3o. Em 1703 Gottfried Leibniz desenvolveu a l\u00f3gica em um sentido formal e matem\u00e1tico, utilizando o sistema bin\u00e1rio. Em seu sistema, uns e zeros tamb\u00e9m representam conceitos como verdadeiro e falso, ligado e desligado, v\u00e1lido e inv\u00e1lido. Mais de um s\u00e9culo depois, George Boole publicou a \u00e1lgebra booleana (em 1854), com um sistema completo que permitia a constru\u00e7\u00e3o de modelos matem\u00e1ticos para o processamento computacional. Em 1801, apareceu o tear controlado por cart\u00e3o perfurado, inven\u00e7\u00e3o de Joseph Marie Jacquard, no qual buracos indicavam os uns e, \u00e1reas n\u00e3o furadas, indicavam os zeros. O sistema est\u00e1 longe de ser um computador, mas ilustrou que as m\u00e1quinas poderiam ser controladas pelo sistema bin\u00e1rio.", "qas": [{"question": "Em que \u00e9 utilizado o sistema de numera\u00e7\u00e3o bin\u00e1rio?", "answer": {"text": "Ainda usado atualmente no processamento de todos computadores modernos", "answer_start": 100}, "prediction": "os zeros. O sistema est\u00e1 longe de ser um computador, mas ilustrou que as m\u00e1quinas poderiam ser controladas pelo sistema bin\u00e1rio"}, {"question": "O que foi ilustrado pelo tear controlado por cart\u00e3o perfurado?", "answer": {"text": "ilustrou que as m\u00e1quinas poderiam ser controladas pelo sistema bin\u00e1rio", "answer_start": 909}, "prediction": "Joseph Marie Jacquard"}, {"question": "O que indicavam as \u00e1reas n\u00e3o furadas no tear controlado por cart\u00e3o perfurado?", "answer": {"text": "os zeros", "answer_start": 852}, "prediction": "os zeros"}, {"question": "Quais informa\u00e7\u00f5es podem ser representadas por uns e zeros?", "answer": {"text": "qualquer informa\u00e7\u00e3o", "answer_start": 253}, "prediction": "uns e zeros tamb\u00e9m representam conceitos como verdadeiro e falso, ligado e desligado, v\u00e1lido e inv\u00e1lido"}, {"question": "Quando foi publicada a \u00e1lgebra booleana?", "answer": {"text": "1854", "answer_start": 578}, "prediction": "Por volta do s\u00e9culo III a.C."}, {"question": "Quem inventou o sistema de numera\u00e7\u00e3o bin\u00e1rio?", "answer": {"text": "Pingala", "answer_start": 51}, "prediction": "Pingala"}]}, {"context": "Turing tamb\u00e9m incluiu na tese uma descri\u00e7\u00e3o da M\u00e1quina de Turing, que possui uma fita de tamanho infinito e um cabe\u00e7ote para leitura e escrita que move-se pela fita. Devido ao seu car\u00e1ter infinito, tal m\u00e1quina n\u00e3o pode ser constru\u00edda, mas tal modelo pode simular a computa\u00e7\u00e3o de qualquer algoritmo executado em um computador moderno. Turing \u00e9 bastante importante para a Ci\u00eancia da Computa\u00e7\u00e3o, tanto que seu nome \u00e9 usado para o Pr\u00eamio Turing e o teste de Turing. Ele contribuiu para a quebra do c\u00f3digo da Alemanha pela Gr\u00e3-Bretanha na Segunda Guerra Mundial, e continuou a projetar computadores e programas de computador pela d\u00e9cada de 1940; cometeu suic\u00eddio em 1954", "qas": [{"question": "Em que \u00e9 utilizado o nome de Turing?", "answer": {"text": "Pr\u00eamio Turing e o teste de Turing", "answer_start": 427}, "prediction": "tal m\u00e1quina n\u00e3o pode ser constru\u00edda, mas tal modelo pode simular a computa\u00e7\u00e3o de qualquer algoritmo executado em um computador moderno. Turing \u00e9 bastante importante para a Ci\u00eancia da Computa\u00e7\u00e3o, tanto que seu nome \u00e9 usado para o Pr\u00eamio Turing e o teste de Turing"}, {"question": "Por que uma m\u00e1quina que possui uma fita de tamanho infinito n\u00e3o pode ser constru\u00edda?", "answer": {"text": "Devido ao seu car\u00e1ter infinito", "answer_start": 166}, "prediction": "tal modelo pode simular a computa\u00e7\u00e3o de qualquer algoritmo executado em um computador moderno"}, {"question": "Quando Turing cometeu suic\u00eddio?", "answer": {"text": "1954", "answer_start": 661}, "prediction": "1954"}, {"question": "\u00c0 que Turing contribuiu?", "answer": {"text": "Ele contribuiu para a quebra do c\u00f3digo da Alemanha pela Gr\u00e3-Bretanha na Segunda Guerra Mundial", "answer_start": 462}, "prediction": "tal modelo pode simular a computa\u00e7\u00e3o de qualquer algoritmo executado em um computador moderno. Turing \u00e9 bastante importante para a Ci\u00eancia da Computa\u00e7\u00e3o, tanto que seu nome \u00e9 usado para o Pr\u00eamio Turing e o teste de Turing"}]}, {"context": "Na Universidade Federal do Rio Grande (UFRG), situada em Rio Grande, Rio Grande do Sul, o Curso de Engenharia de Computa\u00e7\u00e3o foi criado em 1993 e teve seu primeiro ingresso em 1994, e a primeira turma formada em 1998. Em 2008 integrou-se ao ent\u00e3o rec\u00e9m fundado Centro de Ci\u00eancias Computacionais. Neste caso, o curso, apesar de embasar-se nas posturas gerais do ensino e da forma\u00e7\u00e3o em Engenharia, n\u00e3o \u00e9 uma especialidade da Engenharia El\u00e9trica, mas prima por uma abordagem da Ci\u00eancia da Computa\u00e7\u00e3o mais direcionada para a solu\u00e7\u00e3o computacional de problemas t\u00e9cnicos e tecnol\u00f3gicos, visando a atua\u00e7\u00e3o aut\u00f4noma do engenheiro de computa\u00e7\u00e3o ou em conjunto com profissionais de outras \u00e1reas da Engenharia e demais carreiras tecnol\u00f3gicas ou cient\u00edficas. Atualmente, ap\u00f3s extensa reforma estrutural, al\u00e9m de contar com toda a forma\u00e7\u00e3o b\u00e1sica tradicional dos cursos de Engenharia (C\u00e1lculo, F\u00edsica, Desenho, Administra\u00e7\u00e3o etc.), o curr\u00edculo opera sob o conceito de sistema, com eixos que v\u00e3o do embasamento matem\u00e1tico e da pr\u00f3pria Ci\u00eancia da Computa\u00e7\u00e3o (Matem\u00e1tica Discreta, Estruturas de Dados, Bancos de Dados, Linguagens de Programa\u00e7\u00e3o, An\u00e1lise de Algoritmos, Engenharia de Software, Teoria da Computa\u00e7\u00e3o etc.), \u00e0s especificidades das tecnologias em Computa\u00e7\u00e3o, como os sistemas de informa\u00e7\u00e3o e programa\u00e7\u00e3o, gr\u00e1ficos, inteligentes, de manufatura, microprocessados e distribu\u00eddos. A \"grade\" do Curso pode ser consultada na sua p\u00e1gina. Uma aproxima\u00e7\u00e3o que o Curso tinha com os aspectos de controle e automa\u00e7\u00e3o e conceitos de an\u00e1lise de sistemas foi bastante diminu\u00edda a partir da institui\u00e7\u00e3o dos Cursos de engenharia de automa\u00e7\u00e3o e sistema de informa\u00e7\u00e3o na mesma Universidade, em 2009. Atualmente a UFRG conta, inclusive, com Mestrado em Engenharia de Computa\u00e7\u00e3o, que por sua genesis n\u00e3o atrelada a Engenharia El\u00e9trica \u00e9 um dos \u00fanicos do Brasil associado ao Comit\u00ea de \u00c1rea da Computa\u00e7\u00e3o na CAPES.", "qas": [{"question": "Ao que o curso de Mestrado em Engenharia de Computa\u00e7\u00e3o est\u00e1 associado?", "answer": {"text": "ao Comit\u00ea de \u00c1rea da Computa\u00e7\u00e3o na CAPES", "answer_start": 1846}, "prediction": "Engenharia El\u00e9trica"}, {"question": "O que o curso de Engenharia da Computa\u00e7\u00e3o da UFRG visa?", "answer": {"text": "a atua\u00e7\u00e3o aut\u00f4noma do engenheiro de computa\u00e7\u00e3o ou em conjunto com profissionais de outras \u00e1reas da Engenharia e demais carreiras tecnol\u00f3gicas ou cient\u00edficas", "answer_start": 589}, "prediction": "atua\u00e7\u00e3o aut\u00f4noma do engenheiro de computa\u00e7\u00e3o"}, {"question": "O que \u00e9 UFRG?", "answer": {"text": "Universidade Federal do Rio Grande", "answer_start": 3}, "prediction": "Universidade Federal do Rio Grande (UFRG), situada em Rio Grande, Rio Grande do Sul"}, {"question": "Onde a grade do curso de Engenharia da Computa\u00e7\u00e3o da UFRG pode ser consultada?", "answer": {"text": "A \"grade\" do Curso pode ser consultada na sua p\u00e1gina", "answer_start": 1373}, "prediction": "na sua p\u00e1gina"}]}, {"context": "Friedrich Ludwig Bauer definiu-a como: \"Engenharia de Software \u00e9 a cria\u00e7\u00e3o e a utiliza\u00e7\u00e3o de s\u00f3lidos princ\u00edpios de engenharia a fim de obter software de maneira econ\u00f4mica, que seja confi\u00e1vel e que trabalhe em m\u00e1quinas reais\". Margaret Hamilton \u00e9 creditada por ter criado o termo \"engenharia de software\". O pr\u00f3prio significado de engenharia j\u00e1 traz os conceitos de cria\u00e7\u00e3o, constru\u00e7\u00e3o, an\u00e1lise, desenvolvimento e manuten\u00e7\u00e3o. A Engenharia de Software se concentra nos aspectos pr\u00e1ticos da produ\u00e7\u00e3o de um sistema de software, enquanto a ci\u00eancia da computa\u00e7\u00e3o estuda os fundamentos te\u00f3ricos dos aspectos computacionais. O termo foi criado na d\u00e9cada de 1960 e utilizado oficialmente em 1968 na NATO Science Committee. Sua cria\u00e7\u00e3o surgiu numa tentativa de contornar a crise do software e dar um tratamento de engenharia (mais sistem\u00e1tico, controlado e de qualidade mensur\u00e1vel) ao desenvolvimento de sistemas de software complexos. Um sistema de software complexo se caracteriza por um conjunto de componentes abstratos de software encapsulados na forma de algoritmos, fun\u00e7\u00f5es, m\u00f3dulos, objetos ou agentes interconectados entre si, compondo a arquitetura do software, que dever\u00e3o ser executados em sistemas computacionais.", "qas": [{"question": "Em que a engenharia de software se concentra?", "answer": {"text": "nos aspectos pr\u00e1ticos da produ\u00e7\u00e3o de um sistema de software", "answer_start": 463}, "prediction": "crise do software e dar um tratamento de engenharia (mais sistem\u00e1tico, controlado e de qualidade mensur\u00e1vel) ao desenvolvimento de sistemas de software complexos. Um sistema de software complexo se caracteriza por um conjunto de componentes abstratos de software encapsulados na forma de algoritmos, fun\u00e7\u00f5es, m\u00f3dulos, objetos ou agentes interconectados entre si, compondo a arquitetura do software, que dever\u00e3o ser executados em sistemas computacionais"}, {"question": "Em que ano foi criado o termo engenharia de software?", "answer": {"text": "1960", "answer_start": 649}, "prediction": "1960"}, {"question": "Em que o tratamento de engenharia tornaria o desenvolvimento de sistemas de software complexos?", "answer": {"text": "mais sistem\u00e1tico, controlado e de qualidade mensur\u00e1vel", "answer_start": 816}, "prediction": "algoritmos, fun\u00e7\u00f5es, m\u00f3dulos, objetos ou agentes interconectados entre si, compondo a arquitetura do software, que dever\u00e3o ser executados em sistemas computacionais"}, {"question": "O que a ci\u00eancia da computa\u00e7\u00e3o estuda?", "answer": {"text": "os fundamentos te\u00f3ricos dos aspectos computacionais", "answer_start": 564}, "prediction": "os fundamentos te\u00f3ricos dos aspectos computacionais"}, {"question": "Onde dever\u00e3o ser executados os sistemas de software complexo?", "answer": {"text": "sistemas computacionais", "answer_start": 1192}, "prediction": "sistemas computacionais"}, {"question": "Onde foi utilizado oficialmente o termo engenharia de software?", "answer": {"text": "NATO Science Committee", "answer_start": 690}, "prediction": "1968 na NATO Science Committee"}, {"question": "Quais os conceitos trazidos pelo significado de engenharia de software?", "answer": {"text": "cria\u00e7\u00e3o, constru\u00e7\u00e3o, an\u00e1lise, desenvolvimento e manuten\u00e7\u00e3o", "answer_start": 365}, "prediction": "m\u00f3dulos, objetos ou agentes interconectados entre si"}]}, {"context": "O contrato de est\u00e1gio, no direito brasileiro, tem por objetivo a regulamenta\u00e7\u00e3o de um v\u00ednculo entre contratante e contratado. O est\u00e1gio busca a complementa\u00e7\u00e3o educacional em cursos superiores e t\u00e9cnicos. N\u00e3o \u00e9 considerada pela lei uma rela\u00e7\u00e3o jur\u00eddica de emprego. Busca-se com o est\u00e1gio a forma\u00e7\u00e3o educacional do prestador de servi\u00e7os. Esta contrata\u00e7\u00e3o tem sofrido cr\u00edticas, porque permite a alguns empregadores defraudarem o esp\u00edrito da lei, utilizando o trabalhador em atividade normal em troca de uma bolsa para atender despesas de transportes e alimenta\u00e7\u00e3o e n\u00e3o tendo toda a prote\u00e7\u00e3o previdenci\u00e1ria e trabalhista devida ao empregado. Assim, quando vislumbrada a pr\u00e1tica real de simples utiliza\u00e7\u00e3o menos onerosa da for\u00e7a de trabalho, sem qualquer ganho educacional para o estudante, haver\u00e1 transmuta\u00e7\u00e3o da esp\u00e9cie para a de v\u00ednculo empregat\u00edcio.", "qas": [{"question": "Por que a contrata\u00e7\u00e3o de est\u00e1gio tem sofrido cr\u00edticas?", "answer": {"text": "porque permite a alguns empregadores defraudarem o esp\u00edrito da lei", "answer_start": 375}, "prediction": "porque permite a alguns empregadores defraudarem o esp\u00edrito da lei"}, {"question": "Qual o objetivo do contrato de est\u00e1gio?", "answer": {"text": "O contrato de est\u00e1gio, no direito brasileiro, tem por objetivo a regulamenta\u00e7\u00e3o de um v\u00ednculo entre contratante e contratado", "answer_start": 63}, "prediction": "regulamenta\u00e7\u00e3o de um v\u00ednculo entre contratante e contratado"}, {"question": "Quando haver\u00e1 transmuta\u00e7\u00e3o da esp\u00e9cie para a de v\u00ednculo empregat\u00edcio?", "answer": {"text": "quando vislumbrada a pr\u00e1tica real de simples utiliza\u00e7\u00e3o menos onerosa da for\u00e7a de trabalho", "answer_start": 646}, "prediction": "quando vislumbrada a pr\u00e1tica real de simples utiliza\u00e7\u00e3o menos onerosa da for\u00e7a de trabalho, sem qualquer ganho educacional para o estudante, haver\u00e1 transmuta\u00e7\u00e3o da esp\u00e9cie para a de v\u00ednculo empregat\u00edcio"}]}, {"context": "Ap\u00f3s a realiza\u00e7\u00e3o e corre\u00e7\u00e3o das provas, o professor dever\u00e1 devolv\u00ea-las ao acad\u00eamico, anexando c\u00f3pia no processo de regime de exerc\u00edcios domiciliares e fazer o lan\u00e7amento no sistema acad\u00eamico. Ao final do regime de exerc\u00edcios domiciliares o Coordenador de Curso ou equivalente dever\u00e1 encaminhar \u00e0 Secretaria Acad\u00eamica (Secac) o Laudo M\u00e9dico para ser arquivados na pasta do acad\u00eamico. Compete ao Coordenador de Curso, ou equivalente, acompanhar todos os procedimentos relativos ao regime de exerc\u00edcios domiciliares.", "qas": [{"question": "O que deve ser encaminhado \u00e0 Secac?", "answer": {"text": "Laudo M\u00e9dico", "answer_start": 328}, "prediction": "Laudo M\u00e9dico para ser arquivados na pasta do acad\u00eamico"}, {"question": "O que \u00e9 Secac?", "answer": {"text": "Secretaria Acad\u00eamica", "answer_start": 297}, "prediction": "Laudo M\u00e9dico"}, {"question": "Onde o professor ir\u00e1 lan\u00e7ar as provas?", "answer": {"text": "no sistema acad\u00eamico", "answer_start": 171}, "prediction": "Coordenador de Curso"}, {"question": "Onde ser\u00e1 arquivado o Laudo M\u00e9dico?", "answer": {"text": "na pasta do acad\u00eamico", "answer_start": 361}, "prediction": "Ap\u00f3s a realiza\u00e7\u00e3o e corre\u00e7\u00e3o das provas, o professor dever\u00e1 devolv\u00ea-las ao acad\u00eamico, anexando c\u00f3pia no processo de regime de exerc\u00edcios domiciliares e fazer o lan\u00e7amento no sistema acad\u00eamico. Ao final do regime de exerc\u00edcios domiciliares o Coordenador de Curso ou equivalente dever\u00e1 encaminhar \u00e0 Secretaria Acad\u00eamica (Secac) o Laudo M\u00e9dico para ser arquivados na pasta do acad\u00eamico"}, {"question": "Quando o professor deve devolver as provas aos alunos?", "answer": {"text": "Ap\u00f3s a realiza\u00e7\u00e3o e corre\u00e7\u00e3o", "answer_start": 0}, "prediction": "Ap\u00f3s a realiza\u00e7\u00e3o e corre\u00e7\u00e3o das provas, o professor dever\u00e1 devolv\u00ea-las ao acad\u00eamico, anexando c\u00f3pia no processo de regime de exerc\u00edcios domiciliares e fazer o lan\u00e7amento no sistema acad\u00eamico"}, {"question": "Quem ir\u00e1 acompanhar o regime de exerc\u00edcios domiciliares do acad\u00eamico?", "answer": {"text": "Coordenador de Curso", "answer_start": 241}, "prediction": "Coordenador de Curso"}]}, {"context": "Entende-se por regime de exerc\u00edcios domiciliares a substitui\u00e7\u00e3o das aulas n\u00e3o frequentadas pelo acad\u00eamico, por atividades realizadas em ambiente domiciliar ou hospitalar, assegurando-se ao acad\u00eamico a possibilidade de prestar em outra \u00e9poca as provas que foram aplicadas durante o per\u00edodo do afastamento.", "qas": [{"question": "O que o regime de exerc\u00edcios domiciliares garante ao acad\u00eamico?", "answer": {"text": "a possibilidade de prestar em outra \u00e9poca as provas que foram aplicadas durante o per\u00edodo do afastamento", "answer_start": 199}, "prediction": "possibilidade de prestar em outra \u00e9poca as provas que foram aplicadas durante o per\u00edodo do afastamento"}, {"question": "O que \u00e9 regime de exerc\u00edcios domiciliares?", "answer": {"text": "a substitui\u00e7\u00e3o das aulas n\u00e3o frequentadas pelo acad\u00eamico", "answer_start": 49}, "prediction": "substitui\u00e7\u00e3o das aulas n\u00e3o frequentadas pelo acad\u00eamico, por atividades realizadas em ambiente domiciliar ou hospitalar, assegurando-se ao acad\u00eamico a possibilidade de prestar em outra \u00e9poca as provas que foram aplicadas durante o per\u00edodo do afastamento"}]}, {"context": "No dia 05 de novembro de 1993, edi\u00e7\u00f5es do Jornal de Bras\u00edlia e do Correio Braziliense, noticiaram: \u201cO DF passou a ser um novo exemplo de como a sociedade deve valorizar a atividade cient\u00edfica e dimensionar os seus recursos para apoi\u00e1-la\u201d, dizia uma delas. Tal chamada referia-se \u00e0 implanta\u00e7\u00e3o no Distrito Federal da Funda\u00e7\u00e3o de Apoio \u00e0 Pesquisa do Distrito Federal (FAPDF), em cumprimento a lei n\u00famero 347, de 04 de novembro de 1992.", "qas": [{"question": "O que foi implantado no distrito federal em cumprimento a lei n\u00famero 347?", "answer": {"text": "FAPDF", "answer_start": 366}, "prediction": "Funda\u00e7\u00e3o de Apoio \u00e0 Pesquisa do Distrito Federal"}, {"question": "Quem noticiou que o DF passou a ser um novo exemplo de como a sociedade deve valorizar a atividade cient\u00edfica?", "answer": {"text": "edi\u00e7\u00f5es do Jornal de Bras\u00edlia e do Correio Braziliense", "answer_start": 31}, "prediction": "DF passou a ser um novo exemplo de como a sociedade deve valorizar a atividade cient\u00edfica e dimensionar os seus recursos para apoi\u00e1-la\u201d, dizia uma delas. Tal chamada referia-se \u00e0 implanta\u00e7\u00e3o no Distrito Federal da Funda\u00e7\u00e3o de Apoio \u00e0 Pesquisa do Distrito Federal"}]}, {"context": "A FUNDA\u00c7\u00c3O UNIVERSIDADE FEDERAL DE MATO GROSSO DO SUL por meio da Pr\u00f3-Reitoria de Gradua\u00e7\u00e3o - Prograd, no uso de suas atribui\u00e7\u00f5es legais, e de acordo com a Resolu\u00e7\u00e3o Coeg n\u00ba 342, de 22 de junho de 2015, torna p\u00fablico o Processo Seletivo do Programa de Monitoria de Ensino de Gradua\u00e7\u00e3o, para sele\u00e7\u00e3o de disciplinas que obter\u00e3o monitores para o segundo semestre letivo de 2018. O Programa de Monitoria de Ensino de Gradua\u00e7\u00e3o \u00e9 um instrumento para a melhoria do ensino nos cursos de gradua\u00e7\u00e3o, pautado na inser\u00e7\u00e3o dos acad\u00eamicos em atividades did\u00e1tico-pedag\u00f3gicas oferecidas em uma disciplina e/ou em bloco de disciplinas dos cursos de Gradua\u00e7\u00e3o", "qas": [{"question": "A resolu\u00e7\u00e3o n\u00ba 342 torna recorre o qu\u00ea?", "answer": {"text": "Processo Seletivo do Programa de Monitoria de Ensino de Gradua\u00e7\u00e3o", "answer_start": 219}, "prediction": "a Resolu\u00e7\u00e3o Coeg n\u00ba 342, de 22 de junho de 2015, torna p\u00fablico o Processo Seletivo do Programa de Monitoria de Ensino de Gradua\u00e7\u00e3o"}, {"question": "De quando \u00e9 a resolu\u00e7\u00e3o n\u00ba 342?", "answer": {"text": "22 de junho de 2015", "answer_start": 182}, "prediction": "22 de junho de 2015"}, {"question": "O processo seletivo do programa de monitoria da resolu\u00e7\u00e3o n\u00ba 342 tem qual finalidade?", "answer": {"text": "sele\u00e7\u00e3o de disciplinas que obter\u00e3o monitores para o segundo semestre letivo de 2018", "answer_start": 291}, "prediction": "um instrumento para a melhoria do ensino nos cursos de gradua\u00e7\u00e3o"}, {"question": "O programa de monitoria \u00e9 recurso para qual finalidade?", "answer": {"text": "melhoria do ensino nos cursos de gradua\u00e7\u00e3o", "answer_start": 447}, "prediction": "um instrumento para a melhoria do ensino nos cursos de gradua\u00e7\u00e3o"}]}, {"context": "O edital UFMS/PROGRAD n\u00ba 163, de 19 de junho de 2018, visa o processo seletivo de disciplinas que obter\u00e3o monitores nas categorias bolsista e volunt\u00e1rio para o segundo semestre letivo de 2018 em cada Unidade da Administra\u00e7\u00e3o Setorial da UFMS. A UFMS disponibilizar\u00e1 por meio deste Edital o montante de R$ 220.800,00 (duzentos e vinte mil e oitocentos reais) destinado \u00e0 concess\u00e3o de 138 bolsas. A bolsa institucional \u00e9 subs\u00eddio mensal custeado e concedido pela UFMS apenas ao estudante participante do Programa. A bolsa possui o valor de R$ 400,00 (quatrocentos reais) mensais, sendo estabelecido o regime de 12 horas semanais. O n\u00famero de vagas total de bolsistas, para cada Unidade de Administra\u00e7\u00e3o Setorial, foi distribu\u00eddo, proporcionalmente, com base no Total de Alunos Equivalentes da Gradua\u00e7\u00e3o (TAEG), ou seja, o total de alunos matriculados na Unidade de Administra\u00e7\u00e3o Setorial.", "qas": [{"question": "A bolsa ser\u00e1 concedida para quem?", "answer": {"text": "ao estudante participante do Programa", "answer_start": 473}, "prediction": "apenas ao estudante participante do Programa"}, {"question": "Como foi distribu\u00edda as bolsas para cada unidade de administra\u00e7\u00e3o setorial?", "answer": {"text": "com base no Total de Alunos Equivalentes da Gradua\u00e7\u00e3o", "answer_start": 747}, "prediction": "apenas ao estudante participante do Programa"}, {"question": "O que quer dizer Total de Alunos Equivalentes da Gradua\u00e7\u00e3o?", "answer": {"text": "o total de alunos matriculados na Unidade de Administra\u00e7\u00e3o Setorial", "answer_start": 818}, "prediction": "Total de Alunos Equivalentes da Gradua\u00e7\u00e3o (TAEG), ou seja, o total de alunos matriculados na Unidade de Administra\u00e7\u00e3o Setorial"}, {"question": "Qual \u00e9 o valor da bolsa de monitoria?", "answer": {"text": "A bolsa possui o valor de R$ 400,00 (quatrocentos reais)", "answer_start": 512}, "prediction": "R$ 400,00"}, {"question": "Quantas bolsas ser\u00e3o concedidas para o edital n\u00ba 163?", "answer": {"text": "138", "answer_start": 383}, "prediction": "138 bolsas"}, {"question": "Quanto \u00e9 o montante do edital n\u00ba 163 para sele\u00e7\u00e3o de disciplinas que obter\u00e3o monitores?", "answer": {"text": "R$ 220.800,00", "answer_start": 302}, "prediction": "com base no Total de Alunos Equivalentes da Gradua\u00e7\u00e3o (TAEG), ou seja, o total de alunos matriculados na Unidade de Administra\u00e7\u00e3o Setorial"}]}, {"context": "A renova\u00e7\u00e3o de matr\u00edcula em curso da UFMS ocorre, semestralmente, para discentes regulares da UFMS, conforme prazos estabelecidos no Calend\u00e1rio Acad\u00eamico e depende do atendimento das seguintes condi\u00e7\u00f5es: participa\u00e7\u00e3o nas etapas de renova\u00e7\u00e3o de matr\u00edcula, dentro dos prazos fixados; exist\u00eancia de vagas nas disciplinas selecionadas; cumprimento dos pr\u00e9-requisitos exigidos para as disciplinas selecionadas; e inexist\u00eancia de conflito de hor\u00e1rios entre as disciplinas selecionadas. A participa\u00e7\u00e3o do Coordenador de Curso, durante a renova\u00e7\u00e3o de matr\u00edcula, \u00e9 indispens\u00e1vel.", "qas": [{"question": "Para quem ocorre a renova\u00e7\u00e3o de matr\u00edcula?", "answer": {"text": "A renova\u00e7\u00e3o de matr\u00edcula em curso da UFMS ocorre, semestralmente, para discentes regulares da UFMS", "answer_start": 66}, "prediction": "Coordenador de Curso"}, {"question": "Quando a participa\u00e7\u00e3o do coordenador de curso \u00e9 indispens\u00e1vel?", "answer": {"text": "A participa\u00e7\u00e3o do Coordenador de Curso, durante a renova\u00e7\u00e3o de matr\u00edcula, \u00e9 indispens\u00e1vel", "answer_start": 480}, "prediction": "para discentes regulares da UFMS"}, {"question": "Quando ocorre a renova\u00e7\u00e3o de matr\u00edcula?", "answer": {"text": "semestralmente", "answer_start": 50}, "prediction": "para discentes regulares da UFMS"}]}, {"context": "O coeficiente de rendimento acad\u00eamico \u00e9 definido como a m\u00e9dia aritm\u00e9tica simples das m\u00e9dias de aproveitamento de disciplinas cursadas, com ou sem aprova\u00e7\u00e3o, cujas notas tenham sido registradas e liberadas, pelos docentes, no Sistema Acad\u00eamico (Siscad). O percentual de carga hor\u00e1ria total cursada com aproveitamento \u00e9 definido a partir da raz\u00e3o entre a carga hor\u00e1ria de componentes curriculares cursadas com aprova\u00e7\u00e3o e a carga hor\u00e1ria total do curso. N\u00e3o ser\u00e3o consideradas, no c\u00e1lculo, as componentes curriculares dispensadas de cursar resultantes de altera\u00e7\u00f5es curriculares e as disciplinas de enriquecimento curricular. Independente do valor de percentual de carga hor\u00e1ria total cursada com aproveitamento, a integraliza\u00e7\u00e3o curricular ocorrer\u00e1 apenas se todas as exig\u00eancias curriculares da legisla\u00e7\u00e3o vigente tiverem sido cumpridas.", "qas": [{"question": "Como \u00e9 calculada a carga hor\u00e1ria total cursada?", "answer": {"text": "a partir da raz\u00e3o entre a carga hor\u00e1ria de componentes curriculares cursadas com aprova\u00e7\u00e3o e a carga hor\u00e1ria total do curso", "answer_start": 327}, "prediction": "a partir da raz\u00e3o entre a carga hor\u00e1ria de componentes curriculares cursadas com aprova\u00e7\u00e3o e a carga hor\u00e1ria total do curso"}, {"question": "Como \u00e9 calculado o rendimento acad\u00eamico?", "answer": {"text": "O coeficiente de rendimento acad\u00eamico \u00e9 definido como a m\u00e9dia aritm\u00e9tica simples das m\u00e9dias de aproveitamento de disciplinas cursadas", "answer_start": 54}, "prediction": "a m\u00e9dia aritm\u00e9tica simples das m\u00e9dias de aproveitamento de disciplinas cursadas"}, {"question": "Onde se encontram as m\u00e9dias de aproveitamento das disciplinas cursadas?", "answer": {"text": "Siscad", "answer_start": 244}, "prediction": "Sistema Acad\u00eamico (Siscad). O percentual de carga hor\u00e1ria total cursada com aproveitamento \u00e9 definido a partir da raz\u00e3o entre a carga hor\u00e1ria de componentes curriculares cursadas com aprova\u00e7\u00e3o e a carga hor\u00e1ria total do curso. N\u00e3o ser\u00e3o consideradas, no c\u00e1lculo, as componentes curriculares dispensadas de cursar resultantes de altera\u00e7\u00f5es curriculares e as disciplinas de enriquecimento curricular"}, {"question": "Qual a condi\u00e7\u00e3o para ocorrer a integraliza\u00e7\u00e3o curricular?", "answer": {"text": "a integraliza\u00e7\u00e3o curricular ocorrer\u00e1 apenas se todas as exig\u00eancias curriculares da legisla\u00e7\u00e3o vigente tiverem sido cumpridas", "answer_start": 711}, "prediction": "a integraliza\u00e7\u00e3o curricular ocorrer\u00e1 apenas se todas as exig\u00eancias curriculares da legisla\u00e7\u00e3o vigente tiverem sido cumpridas"}]}, {"context": "A justificativa para a cria\u00e7\u00e3o dos mestrados e doutorados profissionais foi a necessidade de estreitamento das rela\u00e7\u00f5es entre as universidades e o setor produtivo para a forma\u00e7\u00e3o profissional avan\u00e7ada. Para isso, os objetivos desses programas s\u00e3o: capacitar profissionais para o exerc\u00edcio de pr\u00e1tica profissional avan\u00e7ada; transferir conhecimento para a sociedade; articular a forma\u00e7\u00e3o profissional com a necessidade de organiza\u00e7\u00f5es p\u00fablicas ou privadas, aumentando a sua produtividade e competitividade.", "qas": [{"question": "Por que foram criados os cursos de p\u00f3s-gradua\u00e7\u00e3o profissionais?", "answer": {"text": "necessidade de estreitamento das rela\u00e7\u00f5es entre as universidades e o setor produtivo para a forma\u00e7\u00e3o profissional avan\u00e7ada", "answer_start": 78}, "prediction": "a necessidade de estreitamento das rela\u00e7\u00f5es entre as universidades e o setor produtivo para a forma\u00e7\u00e3o profissional avan\u00e7ada"}, {"question": "Qual \u00e9 a utilidade dos cursos de p\u00f3s-gradua\u00e7\u00e3o profissionais para a sociedade?", "answer": {"text": "transferir conhecimento", "answer_start": 323}, "prediction": "a necessidade de estreitamento das rela\u00e7\u00f5es entre as universidades e o setor produtivo para a forma\u00e7\u00e3o profissional avan\u00e7ada"}]}, {"context": "A aprova\u00e7\u00e3o nas disciplinas depender\u00e1 da frequ\u00eancia e da m\u00e9dia de aproveitamento expressa em nota. O aproveitamento da aprendizagem ser\u00e1 verificado, em cada disciplina, contemplando o rendimento do acad\u00eamico durante o per\u00edodo letivo, face aos objetivos constantes no Plano de Ensino. A verifica\u00e7\u00e3o do rendimento acad\u00eamico ser\u00e1 realizada por meio de instrumentos de avalia\u00e7\u00e3o. O n\u00famero e a natureza dos instrumentos e das avalia\u00e7\u00f5es acad\u00eamicas dever\u00e3o ser os mesmos para todos os acad\u00eamicos matriculados na turma. Em cada disciplina a programa\u00e7\u00e3o do Plano de Ensino dever\u00e1 prever, no m\u00ednimo, duas avalia\u00e7\u00f5es acad\u00eamicas obrigat\u00f3rias e uma avalia\u00e7\u00e3o optativa. As notas das avalia\u00e7\u00f5es acad\u00eamicas que puderem ser substitu\u00eddas por nota de avalia\u00e7\u00e3o optativa devem ser especificadas no Plano de Ensino. A carga hor\u00e1ria destinada \u00e0 realiza\u00e7\u00e3o das avalia\u00e7\u00f5es optativas n\u00e3o dever\u00e1 ser computada na carga hor\u00e1ria da disciplina. As notas de todas as avalia\u00e7\u00f5es acad\u00eamicas que compor\u00e3o a m\u00e9dia de aproveitamento dever\u00e3o ser divulgadas, no m\u00ednimo, tr\u00eas dias antes da avalia\u00e7\u00e3o optativa.", "qas": [{"question": "Como ser\u00e1 verificado o rendimento do acad\u00eamico?", "answer": {"text": "por meio de instrumentos de avalia\u00e7\u00e3o", "answer_start": 337}, "prediction": "Plano de Ensino"}, {"question": "Do que a aprova\u00e7\u00e3o nas disciplinas depende?", "answer": {"text": "frequ\u00eancia e da m\u00e9dia de aproveitamento", "answer_start": 41}, "prediction": "frequ\u00eancia e da m\u00e9dia de aproveitamento expressa em nota"}, {"question": "Qual o prazo m\u00ednimo para a divulga\u00e7\u00e3o das notas de todas as avalia\u00e7\u00f5es que compor\u00e3o a m\u00e9dia de aproveitamento?", "answer": {"text": "tr\u00eas dias antes da avalia\u00e7\u00e3o optativa", "answer_start": 1034}, "prediction": "tr\u00eas dias antes da avalia\u00e7\u00e3o optativa"}, {"question": "Quantas avalia\u00e7\u00f5es obrigat\u00f3rias devem haver em cada disciplina?", "answer": {"text": "duas", "answer_start": 591}, "prediction": "duas avalia\u00e7\u00f5es acad\u00eamicas obrigat\u00f3rias e uma avalia\u00e7\u00e3o optativa"}, {"question": "Quantas avalia\u00e7\u00f5es optativas devem haver em cada disciplina?", "answer": {"text": "uma", "answer_start": 633}, "prediction": "duas avalia\u00e7\u00f5es acad\u00eamicas obrigat\u00f3rias e uma avalia\u00e7\u00e3o optativa"}]}, {"context": "Coordenador de Curso poder\u00e1 realizar, se considerar necess\u00e1rio, consulta aos professores que ministrem ou tenham ministrado as respectivas disciplinas. Ap\u00f3s a An\u00e1lise de Curr\u00edculo, o Coordenador de Curso proceder\u00e1 da seguinte forma para elaborar o Plano de Estudos: listar as disciplinas a serem cursadas pelo acad\u00eamico, localizadas em cada um dos semestres do curso; identificar, em cada semestre, quais disciplinas foram dispensadas por an\u00e1lise de curr\u00edculo; verificar a exist\u00eancia de pr\u00e9-requisitos entre as disciplinas do semestre mais avan\u00e7ado e dos semestres anteriores; enquadrar o acad\u00eamico, preferencialmente, no semestre mais pr\u00f3ximo ao inicial em que apresentar maior carga hor\u00e1ria de disciplinas a serem cursadas, desde que as disciplinas a serem cursadas n\u00e3o necessitem, como pr\u00e9-requisitos, disciplinas alocadas em semestres anteriores na matriz curricular do curso; e, no caso de exist\u00eancia de pr\u00e9-requisitos que impe\u00e7am o enquadramento do acad\u00eamico conforme disposto no inciso IV deste artigo, o acad\u00eamico dever\u00e1 ser enquadrado em semestre anterior para o qual a condi\u00e7\u00e3o expressa no inciso IV seja satisfeita.", "qas": [{"question": "A quem o coordenador de curso deve consultar se necess\u00e1rio?", "answer": {"text": "professores", "answer_start": 77}, "prediction": "Coordenador de Curso"}, {"question": "Em qual semestre o acad\u00eamico deve ser enquadrado de prefer\u00eancia?", "answer": {"text": "no semestre mais pr\u00f3ximo ao inicial em que apresentar maior carga hor\u00e1ria de disciplinas a serem cursadas", "answer_start": 619}, "prediction": "Coordenador de Curso"}, {"question": "Em qual semestre o acad\u00eamico deve ser enquadrado no caso de existir pr\u00e9-requisitos que o impe\u00e7am de se matricular no semestre mais pr\u00f3ximo ao inicial em que apresentar maior carga hor\u00e1ria de disciplinas a serem cursadas?", "answer": {"text": "semestre anterior para o qual a condi\u00e7\u00e3o expressa no inciso IV seja satisfeita", "answer_start": 1047}, "prediction": "desde que as disciplinas a serem cursadas n\u00e3o necessitem, como pr\u00e9-requisitos, disciplinas alocadas em semestres anteriores na matriz curricular do curso"}, {"question": "O coordenador de curso deve elaborar o plano de estudos ap\u00f3s a an\u00e1lise de qu\u00ea?", "answer": {"text": "Curr\u00edculo", "answer_start": 170}, "prediction": "Coordenador de Curso"}]}, {"context": "A carga hor\u00e1ria de cada uma das atividades \u00e9 aquela constante no documento que comprova a realiza\u00e7\u00e3o da atividade ou em qualquer outro documento onde essa carga hor\u00e1ria esteja definida. Para os casos espec\u00edficos de publica\u00e7\u00e3o de trabalhos, participa\u00e7\u00e3o em \u00f3rg\u00e3os colegiados, participa\u00e7\u00e3o em treinamentos e/ou membros de mesa receptora de votos nas elei\u00e7\u00f5es e resposta ao question\u00e1rio do estudante da Comiss\u00e3o Pr\u00f3pria de Avalia\u00e7\u00e3o da UFMS, tem\u00ad-se: A carga hor\u00e1ria de cada trabalho publicado \u00e9 de 68 horas. A carga hor\u00e1ria de participa\u00e7\u00e3o em \u00f3rg\u00e3os colegiados \u00e9 computada atrav\u00e9s de c\u00f3pia das listas de presen\u00e7a ou das ata da reuni\u00e3o, com cada reuni\u00e3o contando duas horas. A carga hor\u00e1ria de participa\u00e7\u00e3o em treinamentos e atividades espec\u00edficas como membro de mesa receptora de votos nas elei\u00e7\u00f5es ser\u00e1 contabilizada em dobro. A carga hor\u00e1ria de resposta ao question\u00e1rio do estudante da Comiss\u00e3o Pr\u00f3pria de Avalia\u00e7\u00e3o da UFMS \u00e9 de 2 horas por question\u00e1rio, desde que seja respondido pelo menos 75% do question\u00e1rio.", "qas": [{"question": "Como \u00e9 computada a carga hor\u00e1ria de participa\u00e7\u00e3o em \u00f3rg\u00e3os colegiados?", "answer": {"text": "atrav\u00e9s de c\u00f3pia das listas de presen\u00e7a ou das ata da reuni\u00e3o", "answer_start": 571}, "prediction": "atrav\u00e9s de c\u00f3pia das listas de presen\u00e7a ou das ata da reuni\u00e3o"}, {"question": "Onde deve constar a carga hor\u00e1ria para comprova\u00e7\u00e3o da realiza\u00e7\u00e3o da atividade?", "answer": {"text": "documento que comprova a realiza\u00e7\u00e3o da atividade ou em qualquer outro documento onde essa carga hor\u00e1ria esteja definida", "answer_start": 65}, "prediction": "c\u00f3pia das listas de presen\u00e7a ou das ata da reuni\u00e3o"}, {"question": "Qual a carga hor\u00e1ria para publica\u00e7\u00e3o de trabalhos?", "answer": {"text": "68", "answer_start": 496}, "prediction": "68 horas"}, {"question": "Quantas horas conta cada reuni\u00e3o de participa\u00e7\u00e3o em \u00f3rg\u00e3os colegiados?", "answer": {"text": "duas", "answer_start": 660}, "prediction": "duas horas"}, {"question": "Quanto do question\u00e1rio deve ser respondido para que a carga hor\u00e1ria de resposta ao question\u00e1rio do estudante da Comiss\u00e3o Pr\u00f3pria de Avalia\u00e7\u00e3o da UFMS seja v\u00e1lida?", "answer": {"text": "75%", "answer_start": 992}, "prediction": "desde que seja respondido pelo menos 75% do question\u00e1rio"}]}, {"context": "As universidades p\u00fablicas s\u00e3o tuteladas pelos governos nacionais ou locais, cuja interfer\u00eancia na administra\u00e7\u00e3o interna de cada universidade pode ser maior ou menor, conforme o pa\u00eds, a regi\u00e3o ou o pr\u00f3prio estatuto da institui\u00e7\u00e3o. Em alguns casos, as universidades s\u00e3o tuteladas diretamente pelo departamento governamental de educa\u00e7\u00e3o ou ensino superior, mas noutros estados essa tutela pode ser delegada numa entidade independente, normalmente de natureza colegial. Os \u00f3rg\u00e3os de tutela governamental s\u00e3o normalmente sempre respons\u00e1veis pela aloca\u00e7\u00e3o de fundos p\u00fablicos \u00e0s universidades, pela acredita\u00e7\u00e3o das institui\u00e7\u00f5es e dos seus cursos superiores e pelo regime de graus conferidos. Para al\u00e9m da componente financeira, dependendo do grau de autonomia atribu\u00eddo \u00e0s universidades, os \u00f3rg\u00e3os de tutela poder\u00e3o ter interfer\u00eancia no sistema de acesso, na cria\u00e7\u00e3o, altera\u00e7\u00e3o ou extin\u00e7\u00e3o de cursos superiores, na organiza\u00e7\u00e3o interna das institui\u00e7\u00f5es, nos seus planos estrat\u00e9gicos universit\u00e1rios e no regime do pessoal docente. Contudo, uma grande parte das universidades p\u00fablicas disp\u00f5e de uma alargada autonomia financeira, pedag\u00f3gica e cient\u00edfica.", "qas": [{"question": "Em quais \u00e1reas as universidades p\u00fablicas possuem autonomia?", "answer": {"text": "financeira, pedag\u00f3gica e cient\u00edfica", "answer_start": 1108}, "prediction": "autonomia financeira, pedag\u00f3gica e cient\u00edfica"}, {"question": "Quem tutela as universidades p\u00fablicas?", "answer": {"text": "governos nacionais ou locais", "answer_start": 46}, "prediction": "governos nacionais ou locais"}, {"question": "Quem \u00e9 respons\u00e1vel pela aloca\u00e7\u00e3o de fundos p\u00fablicos \u00e0s universidades?", "answer": {"text": "Os \u00f3rg\u00e3os de tutela governamental", "answer_start": 466}, "prediction": "sempre respons\u00e1veis pela aloca\u00e7\u00e3o de fundos p\u00fablicos \u00e0s universidades"}]}, {"context": "Em 970 d.C. foi fundada no Cairo, no Egito, a universidade de Al-Azhar que \u00e9 ent\u00e3o oficialmente considerada a segunda universidade mais antiga do mundo na defini\u00e7\u00e3o moderna. O curr\u00edculo de Al-Azhar envolvia mat\u00e9rias como teologia, hist\u00f3ria isl\u00e2mica, jurisprud\u00eancia maliquita, gram\u00e1tica \u00e1rabe, matem\u00e1tica, l\u00f3gica, ret\u00f3rica e astronomia. Apenas em 1961 foram inclu\u00eddos cursos envolvendo administra\u00e7\u00e3o, economia, farm\u00e1cia, medicina, engenharia e agricultura. Em 1065 em Bagd\u00e1, capital do Iraque, \u00e9 a universidade Al-Nizamiyya que possu\u00eda em seu curr\u00edculo mat\u00e9rias como teologia, jurisprud\u00eancia maliquita, gram\u00e1tica e literatura \u00e1rabe e aritm\u00e9tica.", "qas": [{"question": "Quais mat\u00e9rias Al-Azhar envolvia?", "answer": {"text": "teologia, hist\u00f3ria isl\u00e2mica, jurisprud\u00eancia maliquita, gram\u00e1tica \u00e1rabe, matem\u00e1tica, l\u00f3gica, ret\u00f3rica e astronomia", "answer_start": 221}, "prediction": "teologia, hist\u00f3ria isl\u00e2mica, jurisprud\u00eancia maliquita, gram\u00e1tica \u00e1rabe, matem\u00e1tica, l\u00f3gica, ret\u00f3rica e astronomia"}, {"question": "Qual \u00e9 a segunda universidade mais antiga do mundo?", "answer": {"text": "Al-Azhar", "answer_start": 62}, "prediction": "universidade de Al-Azhar"}, {"question": "Quando o curso de medicina foi inclu\u00eddo em Al-Azhar", "answer": {"text": "1961", "answer_start": 346}, "prediction": "1961"}]}, {"context": "Uma Universidade \u00e9 uma institui\u00e7\u00e3o de ensino superior pluridisciplinar e de forma\u00e7\u00e3o de quadros profissionais de n\u00edvel superior, de investiga\u00e7\u00e3o, de extens\u00e3o e de dom\u00ednio e cultivo do saber humano. Uma universidade fornece educa\u00e7\u00e3o tanto terci\u00e1ria quanto quatern\u00e1ria. Segundo Mazzari J\u00fanior \"as universidades gozam de autonomia para executar suas finalidades, em estrita observ\u00e2ncia ao texto constitucional, por\u00e9m este direito n\u00e3o pro\u00edbe o Estado de verificar o uso desta prerrogativa nas atividades que lhes s\u00e3o pr\u00f3prias.\u201d", "qas": [{"question": "O que \u00e9 universidade?", "answer": {"text": "Uma Universidade \u00e9 uma institui\u00e7\u00e3o de ensino superior", "answer_start": 19}, "prediction": "uma institui\u00e7\u00e3o de ensino superior pluridisciplinar e de forma\u00e7\u00e3o de quadros profissionais de n\u00edvel superior, de investiga\u00e7\u00e3o, de extens\u00e3o e de dom\u00ednio e cultivo do saber humano"}, {"question": "Quais n\u00edveis de educa\u00e7\u00e3o uma universidade fornece?", "answer": {"text": "tanto terci\u00e1ria quanto quatern\u00e1ria", "answer_start": 232}, "prediction": "investiga\u00e7\u00e3o, de extens\u00e3o e de dom\u00ednio e cultivo do saber humano"}]}, {"context": "o semestre de posicionamento do acad\u00eamico \u00e9 contado a partir do seu ingresso na ufms, subtraindo-se a quantidade de semestres em que a matr\u00edcula esteve trancada. o semestre de posicionamento deve ser definido pelo coordenador do curso, nas situa\u00e7\u00f5es que exigirem a elabora\u00e7\u00e3o de plano de estudo. a distribui\u00e7\u00e3o das vagas dispon\u00edveis nas disciplinas obedecer\u00e1 \u00e0 seguinte ordem: disciplinas do semestre de posicionamento do acad\u00eamico; disciplinas de semestres anteriores ao de posicionamento do acad\u00eamico; disciplinas de semestres posteriores ao semestre de posicionamento do acad\u00eamico; e disciplinas optativas. ficam garantidas aos acad\u00eamicos vagas nas disciplinas alocadas no seu semestre de posicionamento, exceto as que tiverem pr\u00e9-requisitos.", "qas": [{"question": "a partir de quando o semestre de posicionamento \u00e9 contado?", "answer": {"text": "do seu ingresso na ufms", "answer_start": 61}, "prediction": "subtraindo-se a quantidade de semestres em que a matr\u00edcula esteve trancada"}, {"question": "qual ordem a distribui\u00e7\u00e3o das vagas dispon\u00edveis deve seguir?", "answer": {"text": "disciplinas do semestre de posicionamento do acad\u00eamico; disciplinas de semestres anteriores ao de posicionamento do acad\u00eamico; disciplinas de semestres posteriores ao semestre de posicionamento do acad\u00eamico; e disciplinas optativas", "answer_start": 377}, "prediction": "obedecer\u00e1 \u00e0 seguinte ordem"}, {"question": "quem define o semestre de posicionamento?", "answer": {"text": "coordenador do curso", "answer_start": 214}, "prediction": "o semestre de posicionamento do acad\u00eamico \u00e9 contado a partir do seu ingresso na ufms, subtraindo-se a quantidade de semestres em que a matr\u00edcula esteve trancada. o semestre de posicionamento deve ser definido pelo coordenador do curso"}]}, {"context": "s\u00e3o atribui\u00e7\u00f5es do n\u00facleo docente estruturante, entre outras: contribuir para a consolida\u00e7\u00e3o do perfil profissional do egresso do curso; zelar pela integra\u00e7\u00e3o curricular interdisciplinar entre as diferentes atividades de ensino constantes no curr\u00edculo; indicar formas de incentivo ao desenvolvimento de linhas de pesquisa e extens\u00e3o, oriundas de necessidades da gradua\u00e7\u00e3o, de exig\u00eancias do mercado de trabalho e afinadas com as pol\u00edticas p\u00fablicas relativas \u00e0 \u00e1rea de conhecimento do curso; zelar pelo cumprimento das diretrizes curriculares nacionais para os cursos de gradua\u00e7\u00e3o.", "qas": [{"question": "o que deve o n\u00facleo docente estruturante zelar?", "answer": {"text": "pela integra\u00e7\u00e3o curricular interdisciplinar entre as diferentes atividades de ensino constantes no curr\u00edculo", "answer_start": 143}, "prediction": "contribuir para a consolida\u00e7\u00e3o do perfil profissional do egresso do curso"}]}, {"context": "o controle e o registro de frequ\u00eancia \u00e0s atividades acad\u00eamicas ser\u00e3o da compet\u00eancia do professor respons\u00e1vel pela disciplina, e dever\u00e3o ser realizados em cada aula. o abono de faltas obedecer\u00e1 \u00e0 legisla\u00e7\u00e3o federal vigente. ao final de cada m\u00eas o professor respons\u00e1vel pela disciplina dever\u00e1 divulgar para os acad\u00eamicos o n\u00famero de presen\u00e7as \u00e0s aulas efetivamente ministradas no per\u00edodo. quando houver aus\u00eancia coletiva de acad\u00eamicos matriculados na disciplina, no local e hor\u00e1rio destinados \u00e0 aula, as horas-aula ser\u00e3o registradas no sistema acad\u00eamico com atribui\u00e7\u00e3o de falta aos acad\u00eamicos. o acad\u00eamico tem direito a recontagem da frequ\u00eancia, mediante requerimento dirigido ao professor da disciplina e protocolizado na secretaria acad\u00eamica, no prazo m\u00e1ximo de cinco dias \u00fateis ap\u00f3s a divulga\u00e7\u00e3o. o resultado do pedido de recontagem de frequ\u00eancia deve ser arquivado na pasta do acad\u00eamico, com o seu ciente. do resultado do pedido de recontagem de frequ\u00eancia n\u00e3o caber\u00e1 recurso.", "qas": [{"question": "como o aluno deve solicitar a revis\u00e3o de sua frequ\u00eancia em uma disciplina?", "answer": {"text": "mediante requerimento dirigido ao professor da disciplina", "answer_start": 644}, "prediction": "o controle e o registro de frequ\u00eancia \u00e0s atividades acad\u00eamicas ser\u00e3o da compet\u00eancia do professor respons\u00e1vel pela disciplina, e dever\u00e3o ser realizados em cada aula. o abono de faltas obedecer\u00e1 \u00e0 legisla\u00e7\u00e3o federal vigente"}]}, {"context": "o trancamento ser\u00e1 concedido por at\u00e9 quatro semestres, consecutivos ou alternados, n\u00e3o sendo permitido o trancamento no primeiro per\u00edodo letivo de ingresso do acad\u00eamico na ufms, exceto nos seguintes casos: impossibilidade de o acad\u00eamico ser contemplado com regime de exerc\u00edcios domiciliares; ou convoca\u00e7\u00e3o para o servi\u00e7o militar obrigat\u00f3rio. o regime de exerc\u00edcios domiciliares obedecer\u00e1 ao disposto em regulamenta\u00e7\u00e3o espec\u00edfica. o acad\u00eamico ser\u00e1 exclu\u00eddo do curso, com perda de v\u00ednculo acad\u00eamico com a ufms: em decorr\u00eancia de cola\u00e7\u00e3o de grau; ou em decorr\u00eancia da impossibilidade de integralizar seu curr\u00edculo dentro do prazo m\u00e1ximo estabelecido no projeto pedag\u00f3gico do curso; ou em decorr\u00eancia de san\u00e7\u00e3o disciplinar; ou por solicita\u00e7\u00e3o de desligamento por parte do acad\u00eamico; ou deixar de realizar a renova\u00e7\u00e3o de matr\u00edcula nos prazos fixados pelo calend\u00e1rio acad\u00eamico, quando n\u00e3o for permitido o trancamento autom\u00e1tico.", "qas": [{"question": "qual o per\u00edodo maximo de dura\u00e7\u00e3o do trancamento?", "answer": {"text": "at\u00e9 quatro semestres,", "answer_start": 33}, "prediction": "no primeiro per\u00edodo letivo de ingresso do acad\u00eamico na ufms"}]}]}