{"data": [{"context": "As atividades complementares de extens\u00e3o buscam trabalhar mais com a rela\u00e7\u00e3o social do aluno e a experi\u00eancia pr\u00e1tica. Uma oficina, trabalho volunt\u00e1rio ou at\u00e9 mesmo um semin\u00e1rio s\u00e3o exemplos de atividades de extens\u00e3o. A mais famosa e procurada dentre as op\u00e7\u00f5es \u00e9 o est\u00e1gio. Isso porque \u00e9 uma forma de unir o \u00fatil ao agrad\u00e1vel. Afinal, a maioria das empresas n\u00e3o solicitam experi\u00eancia profissional na hora da contrata\u00e7\u00e3o e nada melhor do que conseguir cr\u00e9ditos para a faculdade e aprender um pouco na pr\u00e1tica ao mesmo tempo. Entretanto, em muitos cursos, o est\u00e1gio n\u00e3o \u00e9 uma atividade complementar livre, ou seja, ele \u00e9 uma exig\u00eancia do curso. Por lei, estudantes de licenciatura, por exemplo, precisam de realizar 400 horas de est\u00e1gio supervisionado a partir da metade do curso. Sendo assim, o aluno acaba tendo que optar por outras op\u00e7\u00f5es de atividades complementares para completar a carga hor\u00e1ria exigida.", "qas": [{"question": "Por que o est\u00e1gio \u00e9 a mais procurada forma dentre as op\u00e7\u00f5es de atividade complementar de extens\u00e3o?", "answer": {"text": "porque \u00e9 uma forma de unir o \u00fatil ao agrad\u00e1vel", "answer_start": 278}, "prediction": "porque \u00e9 uma forma de unir o \u00fatil ao agrad\u00e1vel"}, {"question": "Quais alguns exemplos de atividades de extens\u00e3o?", "answer": {"text": "Uma oficina, trabalho volunt\u00e1rio ou at\u00e9 mesmo um semin\u00e1rio", "answer_start": 118}, "prediction": "atividades de extens\u00e3o"}, {"question": "Qual a mais famosa op\u00e7\u00e3o de atividade complementar de extens\u00e3o?", "answer": {"text": "est\u00e1gio", "answer_start": 264}, "prediction": "Uma oficina, trabalho volunt\u00e1rio ou at\u00e9 mesmo um semin\u00e1rio s\u00e3o exemplos de atividades de extens\u00e3o. A mais famosa e procurada dentre as op\u00e7\u00f5es \u00e9 o est\u00e1gio. Isso porque \u00e9 uma forma de unir o \u00fatil ao agrad\u00e1vel. Afinal, a maioria das empresas n\u00e3o solicitam experi\u00eancia profissional na hora da contrata\u00e7\u00e3o e nada melhor do que conseguir cr\u00e9ditos para a faculdade e aprender um pouco na pr\u00e1tica ao mesmo tempo"}, {"question": "Qual o objetivo das atividades complementares de extens\u00e3o?", "answer": {"text": "As atividades complementares de extens\u00e3o buscam trabalhar mais com a rela\u00e7\u00e3o social do aluno e a experi\u00eancia pr\u00e1tica", "answer_start": 48}, "prediction": "a rela\u00e7\u00e3o social do aluno e a experi\u00eancia pr\u00e1tica"}, {"question": "Quantas horas de atividade complementar os estudantes de licenciatura precisam realizar?", "answer": {"text": "400", "answer_start": 713}, "prediction": "400"}]}, {"context": "Do ponto de vista educacional, todas as etapas que montam um curso possuem um objetivo did\u00e1tico por tr\u00e1s daquela escolha. Quando um professor opta por avaliar a sua mat\u00e9ria atrav\u00e9s de semin\u00e1rios e n\u00e3o provas, isso quer dizer que ele acredita que um semin\u00e1rio \u00e9 a melhor forma de incentivar o aluno a absorver aquele conte\u00fado espec\u00edfico, e que a prova n\u00e3o seria um m\u00e9todo eficaz. No caso das atividades complementares, n\u00e3o \u00e9 diferente. Como o nome mesmo diz, trata-se atividades que n\u00e3o constam no percurso curricular, com o objetivo de acrescentar experi\u00eancias a forma\u00e7\u00e3o do aluno que n\u00e3o s\u00e3o fornecidas pelo curso em si. Levando em conta a flexibilidade que o aluno possui durante a semana fora do hor\u00e1rio de aula, o intuito de uma atividade complementar \u00e9 contribuir para o crescimento social e profissional do estudante.", "qas": [{"question": "Com o que as atividades complementares contribuem?", "answer": {"text": "para o crescimento social e profissional do estudante", "answer_start": 769}, "prediction": "acrescentar experi\u00eancias a forma\u00e7\u00e3o do aluno que n\u00e3o s\u00e3o fornecidas pelo curso em si. Levando em conta a flexibilidade que o aluno possui durante a semana fora do hor\u00e1rio de aula, o intuito de uma atividade complementar \u00e9 contribuir para o crescimento social e profissional do estudante"}, {"question": "Do que se tratam as atividades complementares?", "answer": {"text": "atividades que n\u00e3o constam no percurso curricular", "answer_start": 467}, "prediction": "atividades que n\u00e3o constam no percurso curricular"}, {"question": "O que as etapas que montam um curso possuem?", "answer": {"text": "objetivo did\u00e1tico", "answer_start": 78}, "prediction": "acrescentar experi\u00eancias a forma\u00e7\u00e3o do aluno que n\u00e3o s\u00e3o fornecidas pelo curso em si"}, {"question": "O que quer dizer quando um professor opta por avaliar a sua mat\u00e9ria atrav\u00e9s de semin\u00e1rios ao inv\u00e9s de provas?", "answer": {"text": "que ele acredita que um semin\u00e1rio \u00e9 a melhor forma de incentivar o aluno a absorver aquele conte\u00fado espec\u00edfico", "answer_start": 225}, "prediction": "o intuito de uma atividade complementar \u00e9 contribuir para o crescimento social e profissional do estudante"}, {"question": "Qual o objetivo das ativdades complementares?", "answer": {"text": "acrescentar experi\u00eancias a forma\u00e7\u00e3o do aluno", "answer_start": 536}, "prediction": "acrescentar experi\u00eancias a forma\u00e7\u00e3o do aluno"}]}, {"context": "Apesar do nome, muito da Ci\u00eancia da Computa\u00e7\u00e3o n\u00e3o envolve o estudo dos computadores por si pr\u00f3prios. De fato, o conhecido cientista da computa\u00e7\u00e3o Edsger Dijkstra \u00e9 considerado autor da frase \"Ci\u00eancia da Computa\u00e7\u00e3o tem tanto a ver com o computador como a astronomia com o telesc\u00f3pio [\u2026]\". O projeto e desenvolvimento de computadores e sistemas computacionais s\u00e3o geralmente considerados disciplinas fora do contexto da Ci\u00eancia da Computa\u00e7\u00e3o. Por exemplo, o estudo do hardware \u00e9 geralmente considerado parte da engenharia da computa\u00e7\u00e3o, enquanto o estudo de sistemas computacionais comerciais s\u00e3o geralmente parte da tecnologia da informa\u00e7\u00e3o ou sistemas de informa\u00e7\u00e3o.", "qas": [{"question": "De qual \u00e1rea o estudo de sistemas computacionais comerciais faz parte?", "answer": {"text": "da tecnologia da informa\u00e7\u00e3o ou sistemas de informa\u00e7\u00e3o", "answer_start": 613}, "prediction": "por si pr\u00f3prios"}, {"question": "Quais disciplinas est\u00e3o fora do contexto da ci\u00eancia da computa\u00e7\u00e3o?", "answer": {"text": "O projeto e desenvolvimento de computadores e sistemas computacionais", "answer_start": 289}, "prediction": "Ci\u00eancia da Computa\u00e7\u00e3o"}, {"question": "Qual a engenharia no qual o estudo do hardware faz parte?", "answer": {"text": "engenharia da computa\u00e7\u00e3o", "answer_start": 510}, "prediction": "por si pr\u00f3prios"}, {"question": "Quem \u00e9 considerado o autor da frase \u201dCi\u00eancia da Computa\u00e7\u00e3o tem tanto a ver com o computador como a astronomia com o telesc\u00f3pio [\u2026]\"?", "answer": {"text": "Edsger Dijkstra", "answer_start": 147}, "prediction": "Por exemplo, o estudo do hardware \u00e9 geralmente considerado parte da engenharia da computa\u00e7\u00e3o"}]}, {"context": "Enquanto ci\u00eancia, classifica-se como ci\u00eancia exata, apesar de herdar elementos da l\u00f3gica filos\u00f3fica aristot\u00e9lica, tendo por isto um papel importante na formaliza\u00e7\u00e3o matem\u00e1tica de algoritmos, como forma de representar problemas decid\u00edveis, i.e., os que s\u00e3o suscept\u00edveis de redu\u00e7\u00e3o a opera\u00e7\u00f5es elementares b\u00e1sicas, capazes de serem reproduzidas atrav\u00e9s de um qualquer dispositivo mec\u00e2nico/eletr\u00f4nico capaz de armazenar e manipular dados. Um destes dispositivos \u00e9 o computador digital, de uso generalizado, nos dias de hoje. Tamb\u00e9m de fundamental import\u00e2ncia para a \u00e1rea de Ci\u00eancia da Computa\u00e7\u00e3o s\u00e3o as metodologias e t\u00e9cnicas ligadas \u00e0 implementa\u00e7\u00e3o de software que abordam a especifica\u00e7\u00e3o, modelagem, codifica\u00e7\u00e3o, teste e avalia\u00e7\u00e3o de sistemas de software.", "qas": [{"question": "Como a ci\u00eancia da computa\u00e7\u00e3o se classifica enquanto ci\u00eancia?", "answer": {"text": "ci\u00eancia exata", "answer_start": 37}, "prediction": "herdar elementos da l\u00f3gica filos\u00f3fica aristot\u00e9lica"}, {"question": "O que abordam as metodologias e t\u00e9cnicas ligadas \u00e0 implementa\u00e7\u00e3o de software? ", "answer": {"text": "especifica\u00e7\u00e3o, modelagem, codifica\u00e7\u00e3o, teste e avalia\u00e7\u00e3o de sistemas de software", "answer_start": 674}, "prediction": "especifica\u00e7\u00e3o, modelagem, codifica\u00e7\u00e3o, teste e avalia\u00e7\u00e3o de sistemas de software"}]}, {"context": "Por vezes a Ci\u00eancia da Computa\u00e7\u00e3o tamb\u00e9m \u00e9 criticada por n\u00e3o ser suficientemente cient\u00edfica, como exposto na frase \"Ci\u00eancia \u00e9 para a Ci\u00eancia da Computa\u00e7\u00e3o assim como a hidrodin\u00e2mica \u00e9 para a constru\u00e7\u00e3o de encanamentos\", credita a Stan Kelly-Bootle. Apesar disso, seu estudo frequentemente cruza outros campos de pesquisa, tais como a intelig\u00eancia artifical, f\u00edsica e lingu\u00edstica. Ela \u00e9 considerada por alguns por ter um grande relacionamento com a matem\u00e1tica, maior que em outras disciplinas. Isso \u00e9 evidenciado pelo fato que os primeiros trabalhos na \u00e1rea eram fortemente influenciados por matem\u00e1ticos como Kurt G\u00f6del e Alan Turing; o campo continua sendo \u00fatil para o interc\u00e2mbio de informa\u00e7\u00e3o com \u00e1reas como l\u00f3gica matem\u00e1tica, teoria das categorias e \u00e1lgebra. Apesar disso, diferente da matem\u00e1tica, a Ci\u00eancia da Computa\u00e7\u00e3o \u00e9 considerada uma disciplina mais experimental que te\u00f3rica.", "qas": [{"question": "A quem \u00e9 credita a frase \"Ci\u00eancia \u00e9 para a Ci\u00eancia da Computa\u00e7\u00e3o assim como a hidrodin\u00e2mica \u00e9 para a constru\u00e7\u00e3o de encanamentos\"?", "answer": {"text": "Stan Kelly-Bootle", "answer_start": 230}, "prediction": "\"Ci\u00eancia \u00e9 para a Ci\u00eancia da Computa\u00e7\u00e3o assim como a hidrodin\u00e2mica \u00e9 para a constru\u00e7\u00e3o de encanamentos\", credita a Stan Kelly-Bootle"}, {"question": "O que a ci\u00eancia da computa\u00e7\u00e3o \u00e9 considerada a mais do que te\u00f3rica?", "answer": {"text": "experimental", "answer_start": 859}, "prediction": "a Ci\u00eancia da Computa\u00e7\u00e3o \u00e9 considerada uma disciplina mais experimental que te\u00f3rica"}, {"question": "Por que a ci\u00eancia da computa\u00e7\u00e3o \u00e9 criticada?", "answer": {"text": "por n\u00e3o ser suficientemente cient\u00edfica", "answer_start": 53}, "prediction": "por n\u00e3o ser suficientemente cient\u00edfica"}]}, {"context": "A unidade de controle \u00e9 a unidade do processador que armazena a posi\u00e7\u00e3o de mem\u00f3ria que cont\u00e9m a instru\u00e7\u00e3o corrente que o computador est\u00e1 executando, informando \u00e0 ULA qual opera\u00e7\u00e3o a executar, buscando a informa\u00e7\u00e3o (da mem\u00f3ria) que a ULA precisa para execut\u00e1-la e transferindo o resultado de volta para o local apropriado da mem\u00f3ria. Feito isto, a unidade de controle vai para a pr\u00f3xima instru\u00e7\u00e3o (tipicamente localizada na pr\u00f3xima posi\u00e7\u00e3o da mem\u00f3ria, a menos que a instru\u00e7\u00e3o seja uma instru\u00e7\u00e3o de desvio informando que a pr\u00f3xima instru\u00e7\u00e3o est\u00e1 em outra posi\u00e7\u00e3o). A CPU tamb\u00e9m cont\u00e9m um conjunto restrito de c\u00e9lulas de mem\u00f3ria chamadas registradores, que podem ser lidas e escritas muito mais rapidamente que em outros dispositivos de mem\u00f3ria. S\u00e3o usadas frequentemente para evitar o acesso cont\u00ednuo \u00e0 mem\u00f3ria principal cada vez que um dado \u00e9 requisitado.", "qas": [{"question": "Como \u00e9 chamada a mem\u00f3ria da CPU?", "answer": {"text": "chamadas registradores", "answer_start": 626}, "prediction": "unidade do processador que armazena a posi\u00e7\u00e3o de mem\u00f3ria que cont\u00e9m a instru\u00e7\u00e3o corrente que o computador est\u00e1 executando"}, {"question": "O que a unidade de controle informa \u00e0 ULA?", "answer": {"text": "qual opera\u00e7\u00e3o a executar", "answer_start": 166}, "prediction": "informando \u00e0 ULA qual opera\u00e7\u00e3o a executar"}, {"question": "O que \u00e9 armazenado na unidade de controle?", "answer": {"text": "a posi\u00e7\u00e3o de mem\u00f3ria que cont\u00e9m a instru\u00e7\u00e3o corrente que o computador est\u00e1 executando", "answer_start": 62}, "prediction": "unidade do processador que armazena a posi\u00e7\u00e3o de mem\u00f3ria que cont\u00e9m a instru\u00e7\u00e3o corrente que o computador est\u00e1 executando, informando \u00e0 ULA qual opera\u00e7\u00e3o a executar, buscando a informa\u00e7\u00e3o (da mem\u00f3ria) que a ULA precisa para execut\u00e1-la e transferindo o resultado de volta para o local apropriado da mem\u00f3ria. Feito isto, a unidade de controle vai para a pr\u00f3xima instru\u00e7\u00e3o (tipicamente localizada na pr\u00f3xima posi\u00e7\u00e3o da mem\u00f3ria, a menos que a instru\u00e7\u00e3o seja uma instru\u00e7\u00e3o de desvio informando que a pr\u00f3xima instru\u00e7\u00e3o est\u00e1 em outra posi\u00e7\u00e3o). A CPU tamb\u00e9m cont\u00e9m um conjunto restrito de c\u00e9lulas de mem\u00f3ria chamadas registradores, que podem ser lidas e escritas muito mais rapidamente que em outros dispositivos de mem\u00f3ria. S\u00e3o usadas frequentemente para evitar o acesso cont\u00ednuo \u00e0 mem\u00f3ria principal cada vez que um dado \u00e9 requisitado"}, {"question": "Onde a unidade de controle busca a informa\u00e7\u00e3o que a ULA precisa?", "answer": {"text": "da mem\u00f3ria", "answer_start": 215}, "prediction": "unidade do processador que armazena a posi\u00e7\u00e3o de mem\u00f3ria que cont\u00e9m a instru\u00e7\u00e3o corrente que o computador est\u00e1 executando"}, {"question": "Onde geralmente fica a pr\u00f3xima instru\u00e7\u00e3o?", "answer": {"text": "na pr\u00f3xima posi\u00e7\u00e3o da mem\u00f3ria", "answer_start": 420}, "prediction": "unidade do processador que armazena a posi\u00e7\u00e3o de mem\u00f3ria que cont\u00e9m a instru\u00e7\u00e3o corrente que o computador est\u00e1 executando, informando \u00e0 ULA qual opera\u00e7\u00e3o a executar, buscando a informa\u00e7\u00e3o (da mem\u00f3ria) que a ULA precisa para execut\u00e1-la e transferindo o resultado de volta para o local apropriado da mem\u00f3ria. Feito isto, a unidade de controle vai para a pr\u00f3xima instru\u00e7\u00e3o"}, {"question": "Para que servem os registradores?", "answer": {"text": "evitar o acesso cont\u00ednuo \u00e0 mem\u00f3ria principal", "answer_start": 774}, "prediction": "para evitar o acesso cont\u00ednuo \u00e0 mem\u00f3ria principal cada vez que um dado \u00e9 requisitado"}]}, {"context": "Os dispositivos de entrada e sa\u00edda (E/S) s\u00e3o perif\u00e9ricos usados para a intera\u00e7\u00e3o homem-computador. Nos computadores pessoais modernos, dispositivos comuns de entrada incluem o mouse, o teclado, o digitalizador e a webcam. Dispositivos comuns de sa\u00edda incluem a caixa de som, o monitor e a impressora. O que todos os dispositivos de entrada t\u00eam em comum \u00e9 que eles precisam codificar (converter) a informa\u00e7\u00e3o de algum tipo em dados que podem ser processados pelo sistema digital do computador. Dispositivos de sa\u00edda por outro lado, descodificam os dados em informa\u00e7\u00e3o que \u00e9 entendida pelo usu\u00e1rio do computador. Neste sentido, um sistema de computadores digital \u00e9 um exemplo de um sistema de processamento de dados. Processo este, que consiste basicamente em tr\u00eas fases: Entrada, Processamento e Sa\u00edda. Entendemos por entrada todo o procedimento de alimenta\u00e7\u00e3o de informa\u00e7\u00f5es, que por sua vez ser\u00e3o processadas (fase de processamento) e ap\u00f3s isso, s\u00e3o repassadas as respostas ao usu\u00e1rio (sa\u00edda).", "qas": [{"question": "O que s\u00e3o dispositivos de entrada e sa\u00edda?", "answer": {"text": "perif\u00e9ricos usados para a intera\u00e7\u00e3o homem-computador", "answer_start": 45}, "prediction": "Entrada, Processamento e Sa\u00edda"}, {"question": "Quais s\u00e3o os dispositivos de entrada mais comuns em computadores pessoais modernos?", "answer": {"text": "mouse, o teclado, o digitalizador e a webcam", "answer_start": 176}, "prediction": "Entrada, Processamento e Sa\u00edda"}, {"question": "Quantas fases o processamento de dados de um sistema de computadores digital possui?", "answer": {"text": "tr\u00eas", "answer_start": 758}, "prediction": "tr\u00eas fases: Entrada, Processamento e Sa\u00edda. Entendemos por entrada todo o procedimento de alimenta\u00e7\u00e3o de informa\u00e7\u00f5es, que por sua vez ser\u00e3o processadas (fase de processamento) e ap\u00f3s isso, s\u00e3o repassadas as respostas ao usu\u00e1rio (sa\u00edda)"}]}, {"context": "Para interligar todos esses dispositivos existe uma placa de suporte especial, a placa-m\u00e3e, que atrav\u00e9s de barramentos, fios e soquetes conecta todos os dispositivos. Sua fun\u00e7\u00e3o inclui tamb\u00e9m a conex\u00e3o de placas auxiliares que subcontrolam os perif\u00e9ricos de entrada e sa\u00edda, como a placa de som (conecta-se com a caixa de som), a placa de v\u00eddeo (conecta-se com o monitor), placa de rede (conecta-se com a LAN) e o fax-modem (conecta-se com a linha telef\u00f4nica). Nota-se que o barramento entre os componentes n\u00e3o constitui uma conex\u00e3o ponto a ponto; ele pode conectar logicamente diversos componentes utilizando o mesmo conjunto de fios. O barramento pode utilizar uma interface serial ou uma interface paralela. Outros equipamentos adicionais usados em conjunto com a placa-m\u00e3e s\u00e3o o dissipador, um pequeno ventilador para resfriar o processador, e a fonte de energia, respons\u00e1vel pela alimenta\u00e7\u00e3o de energia de todos os componentes do computador.", "qas": [{"question": "Como os dispositivos da placa-m\u00e3e s\u00e3o conectados?", "answer": {"text": "atrav\u00e9s de barramentos, fios e soquetes", "answer_start": 96}, "prediction": "utilizando o mesmo conjunto de fios"}, {"question": "Para que serve a fonte de energia?", "answer": {"text": "alimenta\u00e7\u00e3o de energia de todos os componentes do computador", "answer_start": 885}, "prediction": "resfriar o processador"}, {"question": "Quais tipos de interface o barramento pode utilizar?", "answer": {"text": "interface serial ou uma interface paralela", "answer_start": 667}, "prediction": "utilizando o mesmo conjunto de fios"}]}, {"context": "O curso de Engenharia de Computa\u00e7\u00e3o da Universidade Federal do Vale do S\u00e3o Francisco (UNIVASF) foi autorizado pela decis\u00e3o de 2005 do Conselho Universit\u00e1rio da UNIVASF. Em 2005 foi realizado o primeiro concurso para a contrata\u00e7\u00e3o dos primeiros dois docentes do curso, que iniciaram as suas atividades em 2006. Em 2006 ocorreu tamb\u00e9m o primeiro vestibular para a \u00e1rea de Engenharia de Computa\u00e7\u00e3o. Em 2008 o corpo docente foi ampliado para 9 membros, e depois para 14 em 2009. Em 2010 o corpo ficou completo, com a contrata\u00e7\u00e3o do d\u00e9cimo quinto membro. O curso de Engenharia de Computa\u00e7\u00e3o tem um papel importante na regi\u00e3o do Vale do S\u00e3o Francisco. Apesar dos desenvolvimentos e investimentos recentes, a regi\u00e3o ainda est\u00e1 longe de atingir o limite de seu potencial econ\u00f4mico. Existe clara possibilidade de aumento de produ\u00e7\u00e3o, redu\u00e7\u00e3o de custos, diversifica\u00e7\u00e3o de produ\u00e7\u00e3o/servi\u00e7os e inser\u00e7\u00e3o em novos mercados. Na Universidade Federal do Rio de Janeiro (UFRJ), o curso de Engenharia de Computa\u00e7\u00e3o e Informa\u00e7\u00e3o foi criado na Escola Polit\u00e9cnica em 2003, que j\u00e1 contava com o curso de Engenharia Eletr\u00f4nica e de Computa\u00e7\u00e3o (Engenharia Eletr\u00f4nica com \u00eanfase em computa\u00e7\u00e3o), mantendo a base de eletr\u00f4nica e enfatizando as partes de software e sistemas de informa\u00e7\u00e3o.", "qas": [{"question": "O que \u00e9 UNIVASF?", "answer": {"text": "Universidade Federal do Vale do S\u00e3o Francisco", "answer_start": 39}, "prediction": "Universidade Federal do Rio de Janeiro"}, {"question": "Quando os primeiros docentes do curso de Engenharia de Computa\u00e7\u00e3o da UNIVASF iniciaram suas atividades?", "answer": {"text": "2006", "answer_start": 304}, "prediction": "Em 2008"}, {"question": "Quantos membros haviam no corpo docente do curso de Engenharia de Computa\u00e7\u00e3o da UNIVASF em 2008?", "answer": {"text": "9", "answer_start": 438}, "prediction": "dois docentes do curso, que iniciaram as suas atividades em 2006. Em 2006 ocorreu tamb\u00e9m o primeiro vestibular para a \u00e1rea de Engenharia de Computa\u00e7\u00e3o. Em 2008"}, {"question": "Quem autorizou o curso de Engenharia de Computa\u00e7\u00e3o da UNIVASF?", "answer": {"text": "Conselho Universit\u00e1rio", "answer_start": 134}, "prediction": "Conselho Universit\u00e1rio da UNIVASF"}]}, {"context": "O primeiro curso no Brasil a oferecer gradua\u00e7\u00e3o na \u00e1rea foi o de Engenharia de Sistemas e Computa\u00e7\u00e3o da Faculdade de Engenharia da Universidade Estadual do Rio de Janeiro (UERJ). Criado pela portaria 466, de dezembro de 1976, do Conselho Superior de Ensino e Pesquisa da UERJ, o curso come\u00e7a a funcionar efetivamente em 1977, como uma \u00eanfase do curso de Engenharia El\u00e9trica. Criado em uma \u00e9poca onde o ambiente da \u00e1rea de ensino de Computa\u00e7\u00e3o era inteiramente dominado por entidades particulares, este curso foi um dos pioneiros, visto que praticamente inexistiam cursos de gradua\u00e7\u00e3o voltados para Sistemas e Computa\u00e7\u00e3o e as oportunidades existentes eram poucas e dispendiosas. O Curso de Engenharia de Sistemas e Computa\u00e7\u00e3o surgiu ent\u00e3o com o objetivo de suprir as necessidades de um mercado de trabalho carente de profissionais com forma\u00e7\u00e3o superior na \u00e1rea espec\u00edfica de computa\u00e7\u00e3o. O curr\u00edculo do curso foi revisado em 1986, em 1994 e atualmente passa por uma revis\u00e3o com o objetivo de torn\u00e1-lo um curso independente da engenharia el\u00e9trica, passando a se chamar simplesmente gradua\u00e7\u00e3o em Engenharia de Computa\u00e7\u00e3o.", "qas": [{"question": "Como o curso de engenharia de sistemas e computa\u00e7\u00e3o passar\u00e1 a se chamar?", "answer": {"text": "Engenharia de Computa\u00e7\u00e3o", "answer_start": 1092}, "prediction": "gradua\u00e7\u00e3o em Engenharia de Computa\u00e7\u00e3o"}, {"question": "O que \u00e9 UERJ?", "answer": {"text": "Universidade Estadual do Rio de Janeiro", "answer_start": 131}, "prediction": "Universidade Estadual do Rio de Janeiro"}, {"question": "Qual era o objetivo do curso de engenharia de sistemas e computa\u00e7\u00e3o?", "answer": {"text": "suprir as necessidades de um mercado de trabalho carente de profissionais com forma\u00e7\u00e3o superior na \u00e1rea espec\u00edfica de computa\u00e7\u00e3o", "answer_start": 756}, "prediction": "suprir as necessidades de um mercado de trabalho carente de profissionais com forma\u00e7\u00e3o superior na \u00e1rea espec\u00edfica de computa\u00e7\u00e3o"}, {"question": "Qual foi o primeiro curso no Brasil a oferecer gradua\u00e7\u00e3o em engenharia de computa\u00e7\u00e3o?", "answer": {"text": "Engenharia de Sistemas e Computa\u00e7\u00e3o da Faculdade de Engenharia da Universidade Estadual do Rio de Janeiro", "answer_start": 65}, "prediction": "Engenharia de Sistemas e Computa\u00e7\u00e3o"}, {"question": "Qual o objetivo da revis\u00e3o do curso de engenharia de sistemas e computa\u00e7\u00e3o?", "answer": {"text": "torn\u00e1-lo um curso independente da engenharia el\u00e9trica", "answer_start": 990}, "prediction": "suprir as necessidades de um mercado de trabalho carente de profissionais com forma\u00e7\u00e3o superior na \u00e1rea espec\u00edfica de computa\u00e7\u00e3o"}, {"question": "Quando o curso de Engenharia de Sistemas e Computa\u00e7\u00e3o da UERJ come\u00e7ou a funcionar?", "answer": {"text": "1977", "answer_start": 320}, "prediction": "1977"}, {"question": "Quem dominava a \u00e1rea de ensino de computa\u00e7\u00e3o na \u00e9poca?", "answer": {"text": "entidades particulares", "answer_start": 473}, "prediction": "entidades particulares"}]}, {"context": "Os anos se passaram, a institui\u00e7\u00e3o ganhou corpo, outros editais foram criados, programas foram implantados e a FAPDF se consolidou no DF. Ainda nas palavras de Laraia, em artigo publicado em 1994, \u201cH\u00e1 pouco tempo n\u00e3o passava de um sonho de idealistas, hoje \u00e9 uma realidade irrevers\u00edvel. Mais do que isto \u00e9 uma garantia de um futuro mais promissor, quando os resultados das pesquisas financiadas se constitu\u00edrem-se em fatos que beneficiar\u00e3o os moradores de Bras\u00edlia\u201d.", "qas": [{"question": "De quem foram as palavras \u201cH\u00e1 pouco tempo n\u00e3o passava de um sonho de idealistas, hoje \u00e9 uma realidade irrevers\u00edvel. Mais do que isto \u00e9 uma garantia de um futuro mais promissor, quando os resultados das pesquisas financiadas se constitu\u00edrem-se em fatos que beneficiar\u00e3o os moradores de Bras\u00edlia\u201d?", "answer": {"text": "Laraia", "answer_start": 160}, "prediction": "quando os resultados das pesquisas financiadas se constitu\u00edrem-se em fatos que beneficiar\u00e3o os moradores de Bras\u00edlia"}, {"question": "Onde a FAPDF se consolidou?", "answer": {"text": "DF", "answer_start": 134}, "prediction": "a institui\u00e7\u00e3o ganhou corpo"}]}, {"context": "Uma pesquisa e/ou investiga\u00e7\u00e3o, \u00e9 um processo sistem\u00e1tico para a constru\u00e7\u00e3o do conhecimento humano, gerando novos conhecimentos, podendo tamb\u00e9m desenvolver, colaborar, reproduzir, refutar, ampliar, detalhar, atualizar, algum conhecimento pr\u00e9-existente, servindo basicamente tanto para o indiv\u00edduo ou grupo de indiv\u00edduos que a realiza quanto para a sociedade na qual esta se desenvolve. A pesquisa como atividade regular tamb\u00e9m pode ser definida como o conjunto de atividades orientadas e planejadas pela busca de um conhecimento. Ao profissional da pesquisa (especialmente no campo acad\u00eamico), d\u00e1-se o nome de pesquisador.", "qas": [{"question": "O que a pesquisa constr\u00f3i?", "answer": {"text": "conhecimento humano", "answer_start": 79}, "prediction": "conhecimentos"}, {"question": "O que a pesquisa pode realizar para conhecimentos pr\u00e9-existentes?", "answer": {"text": "desenvolver, colaborar, reproduzir, refutar, ampliar, detalhar, atualizar", "answer_start": 144}, "prediction": "desenvolver, colaborar, reproduzir, refutar, ampliar, detalhar, atualizar, algum conhecimento pr\u00e9-existente"}, {"question": "O que \u00e9 um pesquisador?", "answer": {"text": "profissional da pesquisa", "answer_start": 533}, "prediction": "um processo sistem\u00e1tico para a constru\u00e7\u00e3o do conhecimento humano"}, {"question": "Qual a defini\u00e7\u00e3o de pesquisa como atividade regular?", "answer": {"text": "o conjunto de atividades orientadas e planejadas pela busca de um conhecimento", "answer_start": 450}, "prediction": "um processo sistem\u00e1tico para a constru\u00e7\u00e3o do conhecimento humano"}]}, {"context": "A teoria da computa\u00e7\u00e3o teve in\u00edcio nos primeiros anos do s\u00e9culo XX, antes da inven\u00e7\u00e3o dos modernos computadores eletr\u00f4nicos. Naquela per\u00edodo, ap\u00f3s a famosa palestra do matem\u00e1tico alem\u00e3o David Hilbert em que ele listou os maiores desafios no campo da matem\u00e1tica para o s\u00e9culo vindouro, os matem\u00e1ticos se debru\u00e7avam sobre o d\u00e9cimo problema de Hilbert tentando descobrir quais problemas matem\u00e1ticos poderiam ser resolvidos por um m\u00e9todo efetivo, e quais n\u00e3o poderiam. O primeiro passo estava em definir o significado de um \"m\u00e9todo efetivo\" para resolver o problema. Em outras palavras, eles precisavam de um modelo formal da computa\u00e7\u00e3o.", "qas": [{"question": "Do que os matem\u00e1ticos precisavam para descobrir quais problemas matem\u00e1ticos poderiam ser resolvidos por um m\u00e9todo efetivo?", "answer": {"text": "modelo formal da computa\u00e7\u00e3o", "answer_start": 605}, "prediction": "descobrir quais problemas matem\u00e1ticos poderiam"}, {"question": "Qual o problema de Hilbert que fez os matem\u00e1ticos se debru\u00e7arem tentanto descobrir quais problemas matem\u00e1ticos poderiam ser resolvidos por um m\u00e9todo efetivo?", "answer": {"text": "d\u00e9cimo problema", "answer_start": 322}, "prediction": "descobrir quais problemas matem\u00e1ticos poderiam"}, {"question": "Quem listou os maiores desafios no campo da matem\u00e1tica no s\u00e9culo XX?", "answer": {"text": "David Hilbert", "answer_start": 186}, "prediction": "os maiores desafios no campo da matem\u00e1tica para o s\u00e9culo vindouro"}]}, {"context": "O ensino de p\u00f3s-gradua\u00e7\u00e3o \u00e9 aquele destinado aos indiv\u00edduos que j\u00e1 possuem diploma de gradua\u00e7\u00e3o. No Brasil, desde o parecer Newton Sucupira, aprovado pelo ent\u00e3o Conselho Federal de Educa\u00e7\u00e3o em 1965, os cursos de p\u00f3s-gradua\u00e7\u00e3o dividem-se em duas vertentes: o lato sensu e o stricto sensu.", "qas": [{"question": "A quem \u00e9 destinado a p\u00f3s-gradua\u00e7\u00e3o?", "answer": {"text": "indiv\u00edduos que j\u00e1 possuem diploma de gradua\u00e7\u00e3o", "answer_start": 49}, "prediction": "indiv\u00edduos que j\u00e1 possuem diploma de gradua\u00e7\u00e3o"}, {"question": "Quais os tipos de cursos de p\u00f3s-gradua\u00e7\u00e3o?", "answer": {"text": "lato sensu e o stricto sensu", "answer_start": 258}, "prediction": "o lato sensu e o stricto sensu"}]}, {"context": "Ap\u00f3s o per\u00edodo de valida\u00e7\u00e3o de matr\u00edcula e dependendo da exist\u00eancia de vagas, poder\u00e1 haver a matr\u00edcula em disciplinas isoladas para alunos especiais. O requerimento dever\u00e1 ser protocolizado na Secretaria Acad\u00eamica da Unidade da Administra\u00e7\u00e3o Setorial de lota\u00e7\u00e3o da disciplina, em prazo fixado no Calend\u00e1rio Acad\u00eamico. O aluno especial n\u00e3o poder\u00e1 se matricular em Est\u00e1gio Obrigat\u00f3rio, Atividades Complementares e/ou Trabalho de Conclus\u00e3o de Curso. O acad\u00eamico que tiver estudos realizados como aluno especial na UFMS ou em outro Curso de Gradua\u00e7\u00e3o anterior ao ingresso na UFMS poder\u00e1 solicitar, ao Colegiado de Curso, o aproveitamento das disciplinas cursadas com aprova\u00e7\u00e3o, nos prazos previstos no Calend\u00e1rio Acad\u00eamico. Somente ser\u00e3o aproveitados os estudos realizados em Curso de Gradua\u00e7\u00e3o autorizado ou reconhecido pelo \u00f3rg\u00e3o competente. Os estudos realizados no exterior poder\u00e3o ser aproveitados desde que seja comprovada a legalidade do curso e da institui\u00e7\u00e3o de origem, e que os documentos originais possuam autentica\u00e7\u00e3o consular e tradu\u00e7\u00e3o, realizada por tradutor p\u00fablico ou juramentado. O Aproveitamento de Estudos ser\u00e1 feito de acordo com regulamenta\u00e7\u00e3o espec\u00edfica. O acad\u00eamico que estiver participando de Programa de Mobilidade Estudantil ter\u00e1 o aproveitamento de estudos realizado conforme regulamenta\u00e7\u00e3o espec\u00edfica. O Plano de Estudos dever\u00e1, ap\u00f3s ci\u00eancia do acad\u00eamico, ser aprovado pelo Colegiado de Curso e arquivado na pasta do acad\u00eamico.", "qas": [{"question": "A matr\u00edcula em disciplinas isoladas depende de qu\u00ea?", "answer": {"text": "da exist\u00eancia de vagas", "answer_start": 54}, "prediction": "Colegiado de Curso"}, {"question": "A quem deve ser solicitado o aproveitamento das disciplinas cursadas em outro curso de gradua\u00e7\u00e3o?", "answer": {"text": "Colegiado de Curso", "answer_start": 597}, "prediction": "Colegiado de Curso"}, {"question": "Em quais mat\u00e9rias o aluno especial n\u00e3o pode se matricular?", "answer": {"text": "Est\u00e1gio Obrigat\u00f3rio, Atividades Complementares e/ou Trabalho de Conclus\u00e3o de Curso", "answer_start": 363}, "prediction": "Est\u00e1gio Obrigat\u00f3rio, Atividades Complementares e/ou Trabalho de Conclus\u00e3o de Curso"}, {"question": "Estudos realizados no exterior podem ser aproveitados?", "answer": {"text": "Os estudos realizados no exterior poder\u00e3o ser aproveitados desde que seja comprovada a legalidade do curso e da institui\u00e7\u00e3o de origem", "answer_start": 840}, "prediction": "Somente ser\u00e3o aproveitados os estudos realizados em Curso de Gradua\u00e7\u00e3o"}, {"question": "O aproveitamento de estudos \u00e9 feito de acordo com o qu\u00ea?", "answer": {"text": "O Aproveitamento de Estudos ser\u00e1 feito de acordo com regulamenta\u00e7\u00e3o espec\u00edfica", "answer_start": 1094}, "prediction": "regulamenta\u00e7\u00e3o espec\u00edfica"}, {"question": "Quando os alunos especiais podem fazer matr\u00edcula em disciplinas isoladas?", "answer": {"text": "Ap\u00f3s o per\u00edodo de valida\u00e7\u00e3o de matr\u00edcula", "answer_start": 0}, "prediction": "Somente ser\u00e3o aproveitados os estudos realizados em Curso de Gradua\u00e7\u00e3o autorizado ou reconhecido pelo \u00f3rg\u00e3o competente"}]}, {"context": "O Processo de Aproveitamento de Estudos consiste das seguintes etapas: an\u00e1lise de curr\u00edculo, realizada pelo Coordenador de Curso, acerca da equival\u00eancia entre as disciplinas cursadas e as disciplinas da matriz curricular do curso na UFMS; elabora\u00e7\u00e3o, pelo Coordenador do Curso, do Plano de Estudos; e resolu\u00e7\u00e3o do Colegiado de Curso aprovando o Plano de Estudos e indicando o nome, carga hor\u00e1ria e tipo das disciplinas dispensadas, e o semestre de enquadramento do acad\u00eamico. Os tipos poss\u00edveis de disciplinas dispensadas s\u00e3o: obrigat\u00f3ria e optativa.", "qas": [{"question": "O que determina o semestre de enquadramento do aluno?", "answer": {"text": "resolu\u00e7\u00e3o do Colegiado de Curso", "answer_start": 301}, "prediction": "an\u00e1lise de curr\u00edculo"}, {"question": "O que o coordenador de curso verifica na an\u00e1lise do curr\u00edculo?", "answer": {"text": "equival\u00eancia entre as disciplinas cursadas e as disciplinas da matriz curricular do curso na UFMS", "answer_start": 140}, "prediction": "Coordenador do Curso, do Plano de Estudos; e resolu\u00e7\u00e3o do Colegiado de Curso"}, {"question": "Quais os poss\u00edveis tipos de disciplinas dispensadas?", "answer": {"text": "obrigat\u00f3ria e optativa", "answer_start": 527}, "prediction": "Os tipos poss\u00edveis de disciplinas dispensadas s\u00e3o: obrigat\u00f3ria e optativa"}, {"question": "Quem elabora o plano de estudos do aluno que est\u00e1 aproveitando os estudos?", "answer": {"text": "Coordenador do Curso", "answer_start": 256}, "prediction": "Coordenador de Curso"}]}, {"context": "Se no Plano de Estudos for constatada a falta de carga hor\u00e1ria para integraliza\u00e7\u00e3o curricular, a carga hor\u00e1ria faltante dever\u00e1 ser complementada com disciplinas optativas. O Plano de Estudos dever\u00e1 conter, referente ao curso na UFMS: o nome do curso; o nome do acad\u00eamico; e todas as disciplinas necess\u00e1rias para a integraliza\u00e7\u00e3o da Matriz Curricular. Para cada disciplina dispensada (DS) dever\u00e1 ser indicada a carga hor\u00e1ria em hora-aula de sessenta minutos. Para cada disciplina a cursar, obrigat\u00f3ria ou optativa, dever\u00e1 ser indicada a carga hor\u00e1ria em hora-aula de sessenta de minutos e o semestre previsto para a disciplina a ser cursada.", "qas": [{"question": "Como deve ser complementada a carga hor\u00e1ria faltante em caso de falta de cargha hor\u00e1ria para integraliza\u00e7\u00e3o curricular?", "answer": {"text": "com disciplinas optativas", "answer_start": 145}, "prediction": "com disciplinas optativas"}, {"question": "O que deve ser inclu\u00eddo no plano de estudos referente ao curso na UFMS?", "answer": {"text": "o nome do curso; o nome do acad\u00eamico; e todas as disciplinas necess\u00e1rias para a integraliza\u00e7\u00e3o da Matriz Curricular", "answer_start": 234}, "prediction": "o nome do curso; o nome do acad\u00eamico; e todas as disciplinas necess\u00e1rias para a integraliza\u00e7\u00e3o da Matriz Curricular"}, {"question": "Qual a carga hor\u00e1ria em hora-aula para disciplinas dispensadas?", "answer": {"text": "sessenta minutos", "answer_start": 440}, "prediction": "sessenta"}]}, {"context": "Os pedidos de aproveitamento das atividades devem ser feitos mediante requerimento dirigido ao Colegiado de Curso, a ser entregue na Secretaria Acad\u00eamica da FACOM. Al\u00e9m de uma descri\u00e7\u00e3o sucinta do pedido, o requerente deve anexar ao requerimento c\u00f3pias autenticadas dos documentos que comprovem a realiza\u00e7\u00e3o das atividades e a carga hor\u00e1ria associada. Os pedidos de aproveitamento devem ser encaminhados com trinta dias de anteced\u00eancia do t\u00e9rmino do semestre letivo. As c\u00f3pias dos documentos comprobat\u00f3rios podem ser autenticadas na secretaria acad\u00eamica da Faculdade de Computa\u00e7\u00e3o, desde que o acad\u00eamico traga o documento original e uma c\u00f3pia simples do mesmo, no momento do pedido de aproveitamento. Todos os comprovantes das atividades realizadas dever\u00e3o ficar arquivados junto \u00e0 pasta do acad\u00eamico na Secretaria Acad\u00eamica,devendo o acad\u00eamico guardar consigo os documentos originais e o comprovante de entrega.", "qas": [{"question": "Como deve ser feito o pedido de aproveitamento das atividades complementares?", "answer": {"text": "mediante requerimento dirigido ao Colegiado de Curso", "answer_start": 61}, "prediction": "mediante requerimento dirigido ao Colegiado de Curso"}, {"question": "O que deve ser anexado ao pedido de aproveitamento das atividades complementares?", "answer": {"text": "c\u00f3pias autenticadas dos documentos que comprovem a realiza\u00e7\u00e3o das atividades e a carga hor\u00e1ria associada", "answer_start": 246}, "prediction": "mediante requerimento dirigido ao Colegiado de Curso, a ser entregue na Secretaria Acad\u00eamica da FACOM. Al\u00e9m de uma descri\u00e7\u00e3o sucinta do pedido, o requerente deve anexar ao requerimento c\u00f3pias autenticadas dos documentos que comprovem a realiza\u00e7\u00e3o das atividades e a carga hor\u00e1ria associada"}, {"question": "Onde deve ser entregue o pedido de aproveitamento das atividades complementares?", "answer": {"text": "Secretaria Acad\u00eamica", "answer_start": 133}, "prediction": "mediante requerimento dirigido ao Colegiado de Curso, a ser entregue na Secretaria Acad\u00eamica da FACOM"}, {"question": "Quando devem ser encaminhados os pedidos de aproveitamento de atividades complementares?", "answer": {"text": "com trinta dias de anteced\u00eancia do t\u00e9rmino do semestre letivo", "answer_start": 404}, "prediction": "mediante requerimento dirigido ao Colegiado de Curso"}, {"question": "\u00c9 necess\u00e1rio que a c\u00f3pia dos documentos comprobat\u00f3rios seja autenticada? ", "answer": {"text": "desde que o acad\u00eamico traga o documento original e uma c\u00f3pia simples do mesmo", "answer_start": 582}, "prediction": "o documento original e uma c\u00f3pia simples do mesmo"}]}, {"context": "Em muitas institui\u00e7\u00f5es, o TCC \u00e9 encarado como crit\u00e9rio final de avalia\u00e7\u00e3o do aluno: em caso de reprova\u00e7\u00e3o, o aluno estar\u00e1 impedido de obter o diploma e consequentemente exercer a respectiva profiss\u00e3o at\u00e9 que seja aprovado. O escopo e o formato do TCC (assim como sua pr\u00f3pria nomenclatura) variam entre os diversos cursos e entre diferentes institui\u00e7\u00f5es, mas na estrutura curricular brasileira ela possui papel de destaque: em cursos ligados \u00e0s ci\u00eancias, normalmente \u00e9 um trabalho que envolve pesquisa experimental, em cursos de car\u00e1ter profissional, normalmente envolve: pesquisa bibliogr\u00e1fica e/ou emp\u00edrica, a execu\u00e7\u00e3o em si e uma apresenta\u00e7\u00e3o de um projeto perante uma banca examinadora entre 3 e 5 professores (n\u00e3o necessariamente com Mestre ou Doutor). A banca examinadora formada para tal prop\u00f3sito n\u00e3o cria nenhuma expectativa de originalidade. Portanto, pode ser uma compila\u00e7\u00e3o (e n\u00e3o c\u00f3pia) de outros ensaios com uma finalidade, um fio condutor, ou algo que forne\u00e7a um roteiro, uma continuidade.", "qas": [{"question": "Como o TCC \u00e9 compreendida em institui\u00e7\u00f5es?", "answer": {"text": "como crit\u00e9rio final de avalia\u00e7\u00e3o do aluno", "answer_start": 41}, "prediction": "o TCC \u00e9 encarado como crit\u00e9rio final de avalia\u00e7\u00e3o do aluno"}, {"question": "O que acontece se o aluno reprovar no TCC?", "answer": {"text": " estar\u00e1 impedido de obter o diploma", "answer_start": 114}, "prediction": "o aluno estar\u00e1 impedido de obter o diploma"}, {"question": "O que envolve o TCC em cursos ligados \u00e0 ci\u00eancias?", "answer": {"text": "normalmente \u00e9 um trabalho que envolve pesquisa experimental", "answer_start": 454}, "prediction": "o TCC \u00e9 encarado como crit\u00e9rio final de avalia\u00e7\u00e3o do aluno"}, {"question": "Quantos professores comp\u00f5em a banca examinadora?", "answer": {"text": "entre 3 e 5", "answer_start": 689}, "prediction": "3 e 5"}]}, {"context": "Professores orientadores recomendam aos alunos de TCC que o tema escolhido seja um assunto com o qual o aluno possua afinidade. Ele vai passar talvez um ano ou mais escrevendo sobre um determinado assunto. Se n\u00e3o for um assunto cativante, ser\u00e1 muito mais dif\u00edcil para o aluno conviver com ele todo esse tempo. O tema deve ser procurado atrav\u00e9s de perguntas. Uma grande d\u00favida deve ser o in\u00edcio de um trabalho acad\u00eamico. Algo que n\u00e3o foi respondido ainda. Alguma \u00e1rea do curso escolhido que ainda tenha algo escondido dos cientistas. Ou seja, que tenha identidade tem\u00e1tica, que seja de seu agrado. Tamb\u00e9m deve atender as seguintes premissas: - que atenda a seus prop\u00f3sitos acad\u00eamicos e profissionais; - que tenha possibilidade de elabora\u00e7\u00e3o quanto \u00e0 exist\u00eancia de Bibliografia.", "qas": [{"question": "Como o tema deve ser procurado?", "answer": {"text": "atrav\u00e9s de perguntas", "answer_start": 336}, "prediction": "atrav\u00e9s de perguntas"}, {"question": "O que o tema do TCC deve atender?", "answer": {"text": "deve atender as seguintes premissas: - que atenda a seus prop\u00f3sitos acad\u00eamicos e profissionais; - que tenha possibilidade de elabora\u00e7\u00e3o quanto \u00e0 exist\u00eancia de Bibliografia", "answer_start": 604}, "prediction": "as seguintes premissas: - que atenda a seus prop\u00f3sitos acad\u00eamicos e profissionais"}, {"question": "Qual tema de TCC \u00e9 recomendado?", "answer": {"text": "um assunto com o qual o aluno possua afinidade", "answer_start": 80}, "prediction": "O tema deve ser procurado atrav\u00e9s de perguntas. Uma grande d\u00favida deve ser o in\u00edcio de um trabalho acad\u00eamico. Algo que n\u00e3o foi respondido ainda. Alguma \u00e1rea do curso escolhido que ainda tenha algo escondido dos cientistas. Ou seja, que tenha identidade tem\u00e1tica, que seja de seu agrado"}, {"question": "Quanto tempo o aluno passar\u00e1 escrevendo o TCC?", "answer": {"text": "talvez um ano ou mais", "answer_start": 143}, "prediction": "um ano"}]}, {"context": "Pode-se definir Tecnologia da Informa\u00e7\u00e3o (TI) como o conjunto de todas as atividades e solu\u00e7\u00f5es providas por recursos de computa\u00e7\u00e3o que visam a produ\u00e7\u00e3o, o armazenamento, a transmiss\u00e3o, o acesso, a seguran\u00e7a e o uso das informa\u00e7\u00f5es. Na verdade, as aplica\u00e7\u00f5es para TI s\u00e3o tantas \u2014 e est\u00e3o ligadas a tantas \u00e1reas \u2014 que h\u00e1 diversas defini\u00e7\u00f5es para a express\u00e3o e nenhuma delas consegue determin\u00e1-la por completo. \u00c9 a \u00e1rea da inform\u00e1tica que trata a informa\u00e7\u00e3o, a organiza\u00e7\u00e3o e a classifica\u00e7\u00e3o de forma a permitir a tomada de decis\u00e3o em prol de algum objetivo. A tecnologia da informa\u00e7\u00e3o pode contribuir para alargar ou reduzir as liberdades privadas e p\u00fablicas ou tornar-se um instrumento de domina\u00e7\u00e3o.", "qas": [{"question": "A tecnologia da informa\u00e7\u00e3o pode se tornar um instrumento de qu\u00ea?", "answer": {"text": "domina\u00e7\u00e3o", "answer_start": 688}, "prediction": "tantas \u00e1reas \u2014 que h\u00e1 diversas defini\u00e7\u00f5es para a express\u00e3o e nenhuma delas consegue determin\u00e1-la por completo. \u00c9 a \u00e1rea da inform\u00e1tica que trata a informa\u00e7\u00e3o, a organiza\u00e7\u00e3o e a classifica\u00e7\u00e3o de forma a permitir a tomada de decis\u00e3o em prol de algum objetivo. A tecnologia da informa\u00e7\u00e3o pode contribuir para alargar ou reduzir as liberdades privadas e p\u00fablicas ou tornar-se um instrumento de domina\u00e7\u00e3o"}, {"question": "Em que a tecnologia da informa\u00e7\u00e3o pode contribuir?", "answer": {"text": "A tecnologia da informa\u00e7\u00e3o pode contribuir para alargar ou reduzir as liberdades privadas e p\u00fablicas", "answer_start": 556}, "prediction": "A tecnologia da informa\u00e7\u00e3o pode contribuir para alargar ou reduzir as liberdades privadas e p\u00fablicas ou tornar-se um instrumento de domina\u00e7\u00e3o"}, {"question": "O que trata a TI na \u00e1rea de inform\u00e1tica?", "answer": {"text": "a informa\u00e7\u00e3o, a organiza\u00e7\u00e3o e a classifica\u00e7\u00e3o de forma a permitir a tomada de decis\u00e3o em prol de algum objetivo", "answer_start": 443}, "prediction": "\u00c9 a \u00e1rea da inform\u00e1tica"}, {"question": "O que \u00e9 TI?", "answer": {"text": "Tecnologia da Informa\u00e7\u00e3o", "answer_start": 16}, "prediction": "\u00c9 a \u00e1rea da inform\u00e1tica"}, {"question": "O que \u00e9 Tecnologia da Informa\u00e7\u00e3o?", "answer": {"text": "o conjunto de todas as atividades e solu\u00e7\u00f5es providas por recursos de computa\u00e7\u00e3o que visam a produ\u00e7\u00e3o, o armazenamento, a transmiss\u00e3o, o acesso, a seguran\u00e7a e o uso das informa\u00e7\u00f5es", "answer_start": 51}, "prediction": "Tecnologia da Informa\u00e7\u00e3o"}, {"question": "Quais defini\u00e7\u00f5es conseguem determinar a express\u00e3o TI?", "answer": {"text": "conjunto de todas as atividades e solu\u00e7\u00f5es providas por recursos de computa\u00e7\u00e3o que visam a produ\u00e7\u00e3o, o armazenamento, a transmiss\u00e3o, o acesso, a seguran\u00e7a e o uso das informa\u00e7\u00f5es", "answer_start": 53}, "prediction": "a produ\u00e7\u00e3o, o armazenamento, a transmiss\u00e3o, o acesso, a seguran\u00e7a e o uso das informa\u00e7\u00f5es"}]}, {"context": "o projeto pedag\u00f3gico do curso dever\u00e1 explicitar o quantitativo de carga hor\u00e1ria das componentes curriculares disciplinares desenvolvidas nas seguintes atividades: atividades te\u00f3rico-pr\u00e1ticas (atp-d); atividades experimentais (aes-d); atividades de pr\u00e1tica como componente curricular (apc-d); atividades de campo (aco-d); e outras atividades de ensino (oae-d). as atividades de pr\u00e1tica como componente curricular s\u00e3o obrigat\u00f3rias nos cursos de licenciatura. para fins desta resolu\u00e7\u00e3o as componentes curriculares n\u00e3o disciplinares s\u00e3o: atividades complementares (acs-nd); atividades orientadas de ensino (aoe-nd); atividades de extens\u00e3o (aex-nd); trabalho de conclus\u00e3o de curso (tcc-nd); e exame nacional de desempenho (enade). outras componentes curriculares n\u00e3o disciplinares podem ser definidas no projeto pedag\u00f3gico do curso. para fins de registro no sistema de controle acad\u00eamico (siscad) as componentes curriculares n\u00e3o disciplinares referidas nos incisos i a iii, quando constarem do ppc do curso, ser\u00e3o lan\u00e7adas apenas como cumprida ou n\u00e3o cumprida. para fins de registro no siscad, a componente curricular n\u00e3o disciplinar contida no inciso v ser\u00e1 lan\u00e7ada conforme legisla\u00e7\u00e3o vigente relativa ao enade. para fins de registro no siscad, a componente curricular n\u00e3o disciplinar contida no inciso iv ser\u00e1 lan\u00e7ada como aprovado ou reprovado. a situa\u00e7\u00e3o n\u00e3o cumprida \u00e9 a situa\u00e7\u00e3o inicial no siscad das ccnds, referidas nos incisos i a iii; enquanto para a ccnd referida no inciso iv, ser\u00e1 lan\u00e7ada a condi\u00e7\u00e3o inicial de \"n\u00e3o apresentado\".", "qas": [{"question": "como fica a componente curricular n\u00e3o disciplinar no siscad?", "answer": {"text": "a componente curricular n\u00e3o disciplinar contida no inciso iv ser\u00e1 lan\u00e7ada como aprovado ou reprovado. a situa\u00e7\u00e3o n\u00e3o cumprida \u00e9 a situa\u00e7\u00e3o inicial no siscad das ccnds", "answer_start": 1242}, "prediction": "o projeto pedag\u00f3gico do curso dever\u00e1 explicitar o quantitativo de carga hor\u00e1ria das componentes curriculares disciplinares"}, {"question": "quais s\u00e3o as componentes curriculares n\u00e3o disciplinares no projeto pedag\u00f3gico de um curso de gradu\u00e7\u00e3o?", "answer": {"text": "atividades complementares (acs-nd); atividades orientadas de ensino (aoe-nd); atividades de extens\u00e3o (aex-nd); trabalho de conclus\u00e3o de curso (tcc-nd); e exame nacional de desempenho (enade). ", "answer_start": 534}, "prediction": "atp-d); atividades experimentais (aes-d); atividades de pr\u00e1tica como componente curricular (apc-d); atividades de campo (aco-d); e outras atividades de ensino (oae-d). as atividades de pr\u00e1tica como componente curricular s\u00e3o obrigat\u00f3rias nos cursos de licenciatura"}]}, {"context": "o coordenador de curso ou equivalente dever\u00e1 anexar ao processo de cada acad\u00eamico que estiver em regime de exerc\u00edcios domiciliares, todos os documentos referentes ao per\u00edodo coberto pelo regime, inclusive c\u00f3pias das atividades domiciliares e provas. cada professor definir\u00e1 as atividades que dever\u00e3o ser cumpridas durante o regime de exerc\u00edcios domiciliares, bem como, os prazos de entrega, cabendo ao acad\u00eamico, ou ao seu procurador, a responsabilidade de retirar e devolver as atividades na coordena\u00e7\u00e3o de curso. se o acad\u00eamico n\u00e3o entregar as atividades programadas na data estipulada pelo professor, a frequ\u00eancia n\u00e3o ser\u00e1 computada. caber\u00e1 ao professor entregar ao coordenador de curso ou equivalente \u00e0s atividades devolvidas pelo acad\u00eamico em regime de exerc\u00edcios domiciliares, bem como o lan\u00e7amento da frequ\u00eancia no sistema acad\u00eamico. a avalia\u00e7\u00e3o do conte\u00fado ser\u00e1 de acordo com o previsto no plano de ensino da disciplina, aplicando-se o mesmo sistema de avalia\u00e7\u00e3o exigido para os demais acad\u00eamicos. as datas das provas dever\u00e3o ser fixadas em comum acordo entre o acad\u00eamico, o professor e o coordenador de curso, ou equivalente. ser\u00e1 atribu\u00edda nota zero ao acad\u00eamico que n\u00e3o comparecer para realiza\u00e7\u00e3o da prova. ap\u00f3s a realiza\u00e7\u00e3o e corre\u00e7\u00e3o das provas, o professor dever\u00e1 devolv\u00ea-las ao acad\u00eamico, anexando c\u00f3pia no processo de regime de exerc\u00edcios domiciliares e fazer o lan\u00e7amento no sistema acad\u00eamico. ao final do regime de exerc\u00edcios domiciliares o coordenador de curso ou equivalente dever\u00e1 encaminhar \u00e0 secretaria acad\u00eamica (secac) o laudo m\u00e9dico para ser arquivados na pasta do acad\u00eamico. compete ao coordenador de curso, ou equivalente, acompanhar todos os procedimentos relativos ao regime de exerc\u00edcios domiciliares.", "qas": [{"question": "quais s\u00e3o as atividades para o regime de exerc\u00edcios domiciliares?", "answer": {"text": "cada professor definir\u00e1 as atividades que dever\u00e3o ser cumpridas", "answer_start": 250}, "prediction": "o coordenador de curso ou equivalente dever\u00e1 anexar ao processo de cada acad\u00eamico que estiver em regime de exerc\u00edcios domiciliares, todos os documentos referentes ao per\u00edodo coberto pelo regime, inclusive c\u00f3pias das atividades domiciliares e provas"}]}, {"context": "a aprova\u00e7\u00e3o nas disciplinas depender\u00e1 da frequ\u00eancia e da m\u00e9dia de aproveitamento expressa em nota. o aproveitamento da aprendizagem ser\u00e1 verificado, em cada disciplina, contemplando o rendimento do acad\u00eamico durante o per\u00edodo letivo, face aos objetivos constantes no plano de ensino. a verifica\u00e7\u00e3o do rendimento acad\u00eamico ser\u00e1 realizada por meio de instrumentos de avalia\u00e7\u00e3o. o n\u00famero e a natureza dos instrumentos e das avalia\u00e7\u00f5es acad\u00eamicas dever\u00e3o ser os mesmos para todos os acad\u00eamicos matriculados na turma. em cada disciplina a programa\u00e7\u00e3o do plano de ensino dever\u00e1 prever, no m\u00ednimo, duas avalia\u00e7\u00f5es acad\u00eamicas obrigat\u00f3rias e uma avalia\u00e7\u00e3o optativa. as notas das avalia\u00e7\u00f5es acad\u00eamicas que puderem ser substitu\u00eddas por nota de avalia\u00e7\u00e3o optativa devem ser especificadas no plano de ensino. a carga hor\u00e1ria destinada \u00e0 realiza\u00e7\u00e3o das avalia\u00e7\u00f5es optativas n\u00e3o dever\u00e1 ser computada na carga hor\u00e1ria da disciplina. as notas de todas as avalia\u00e7\u00f5es acad\u00eamicas que compor\u00e3o a m\u00e9dia de aproveitamento dever\u00e3o ser divulgadas, no m\u00ednimo, tr\u00eas dias antes da avalia\u00e7\u00e3o optativa.", "qas": [{"question": "a aprova\u00e7\u00e3o nas disciplinas depende do que?", "answer": {"text": "a aprova\u00e7\u00e3o nas disciplinas depender\u00e1 da frequ\u00eancia e da m\u00e9dia de aproveitamento expressa em nota", "answer_start": 0}, "prediction": "a aprova\u00e7\u00e3o nas disciplinas depender\u00e1 da frequ\u00eancia e da m\u00e9dia de aproveitamento"}]}, {"context": "o v\u00ednculo acad\u00eamico com a ufms dar-se-\u00e1 mediante a realiza\u00e7\u00e3o de matr\u00edcula no curso. o v\u00ednculo do acad\u00eamico ser\u00e1 mantido mediante renova\u00e7\u00e3o de matr\u00edcula ou trancamento de matr\u00edcula. as formas de ingresso nos cursos de gradua\u00e7\u00e3o da ufms s\u00e3o: portadores de certificado de conclus\u00e3o do ensino m\u00e9dio ou equivalente que tenham sido classificados em processo seletivo espec\u00edfico; acad\u00eamicos regulares, por transfer\u00eancia para cursos afins, mediante exist\u00eancia de vagas e por meio de processo seletivo; acad\u00eamicos regulares, por transfer\u00eancia compuls\u00f3ria para cursos afins, mediante comprova\u00e7\u00e3o de atendimento \u00e0 legisla\u00e7\u00e3o espec\u00edfica; portadores de diploma de curso de gradua\u00e7\u00e3o, mediante exist\u00eancia de vagas e por meio de processo seletivo; acad\u00eamicos regulares de outras institui\u00e7\u00f5es, mediante conv\u00eanios ou outros instrumentos jur\u00eddicos de mesma natureza, com institui\u00e7\u00f5es nacionais ou internacionais; portadores de certificado de conclus\u00e3o do ensino m\u00e9dio ou equivalente, mediante conv\u00eanios ou outros instrumentos jur\u00eddicos de mesma natureza firmados com outros pa\u00edses; acad\u00eamicos da universidade, por movimenta\u00e7\u00e3o interna entre cursos, mediante exist\u00eancia de vagas e por meio de processo seletivo; acad\u00eamicos da universidade, por permuta interna entre cursos afins, desde que satisfa\u00e7am os requisitos definidos em norma espec\u00edfica; e portadores de diploma de curso de gradua\u00e7\u00e3o, para complementa\u00e7\u00e3o de estudos para fins de revalida\u00e7\u00e3o de diploma, desde que satisfa\u00e7am os requisitos definidos em norma espec\u00edfica. os editais para o preenchimento de vagas ser\u00e3o expedidos pela pr\u00f3-reitoria de ensino de gradua\u00e7\u00e3o.", "qas": [{"question": "como fa\u00e7o para n\u00e3o perder o v\u00ednculo acad\u00eamico?", "answer": {"text": "mediante renova\u00e7\u00e3o de matr\u00edcula ou trancamento de matr\u00edcula", "answer_start": 121}, "prediction": "o v\u00ednculo acad\u00eamico com a ufms dar-se-\u00e1 mediante a realiza\u00e7\u00e3o de matr\u00edcula no curso. o v\u00ednculo do acad\u00eamico ser\u00e1 mantido mediante renova\u00e7\u00e3o de matr\u00edcula ou trancamento de matr\u00edcula"}]}]}