{"data": [{"context": "Os sistemas de informa\u00e7\u00e3o est\u00e3o difundidos por todas as estruturas organizacionais, tornando-se ferramenta essencial de qualquer atividade empresarial. Tal abrang\u00eancia aumenta a procura por profissionais com conhecimento para desenvolver, implantar e gerenciar sistemas que atuem no suporte \u00e0s atividades operacionais e forne\u00e7am informa\u00e7\u00f5es para auxiliar decis\u00f5es gerenciais e estrat\u00e9gicas para a organiza\u00e7\u00e3o. Vislumbrando esse cen\u00e1rio, o Curso Superior de Tecnologia em An\u00e1lise e Desenvolvimento de Sistemas apresenta-se como excelente alternativa de forma\u00e7\u00e3o profissional, indo ao encontro de um mercado de trabalho em franca expans\u00e3o e carente de profissionais com s\u00f3lida forma\u00e7\u00e3o t\u00e9cnica e acad\u00eamica, tanto na iniciativa privada \u2013 nos setores industriais, comerciais e de presta\u00e7\u00e3o de servi\u00e7os \u2013 quanto nos \u00f3rg\u00e3os p\u00fablicos. O Tecn\u00f3logo em An\u00e1lise e Desenvolvimento de Sistemas deve ser capaz de analisar, projetar, implementar, testar, implantar, avaliar, manter e gerenciar sistemas de informa\u00e7\u00f5es para as organiza\u00e7\u00f5es, com qualidade e em conformidade com as recomenda\u00e7\u00f5es de usabilidade e seguran\u00e7a. O profissional estar\u00e1 apto, tamb\u00e9m, a iniciar seu pr\u00f3prio neg\u00f3cio de desenvolvimento e consultoria em sistema de informa\u00e7\u00e3o, bem como continuar os estudos em cursos de p\u00f3s-gradua\u00e7\u00e3o (mestrado ou doutorado).", "qas": [{"question": "O que aumenta a procura por profissionais com conhecimento para desenvolver sistemas?", "answer": {"text": "Tal abrang\u00eancia", "answer_start": 152}, "prediction": "procura por profissionais com conhecimento"}, {"question": "Onde os profissionais em sistemas de informa\u00e7\u00e3o devem atuar?", "answer": {"text": "suporte \u00e0s atividades operacionais", "answer_start": 283}, "prediction": "por todas as estruturas organizacionais"}, {"question": "Por onde est\u00e3o difundidos os sistemas de informa\u00e7\u00e3o?", "answer": {"text": "Os sistemas de informa\u00e7\u00e3o est\u00e3o difundidos por todas as estruturas organizacionais", "answer_start": 56}, "prediction": "por todas as estruturas organizacionais"}, {"question": "Qual ferramenta \u00e9 fundamental em qualquer atividade empresarial?", "answer": {"text": "Os sistemas de informa\u00e7\u00e3o", "answer_start": 3}, "prediction": "ferramenta essencial de qualquer atividade empresarial"}]}, {"context": "De forma geral, cientistas da computa\u00e7\u00e3o estudam os fundamentos te\u00f3ricos da computa\u00e7\u00e3o, de onde outros campos derivam, como as \u00e1reas de pesquisa supracitadas. Como o nome implica, a Ci\u00eancia da Computa\u00e7\u00e3o \u00e9 uma ci\u00eancia pura, n\u00e3o aplicada. Entretanto, o profissional dessa \u00e1rea pode seguir aplica\u00e7\u00f5es mais pr\u00e1ticas de seu conhecimento, atuando em \u00e1reas como desenvolvimento de software, telecomunica\u00e7\u00e3o, consultoria, an\u00e1lise de sistemas, seguran\u00e7a em TI, governan\u00e7a em TI, an\u00e1lise de neg\u00f3cios e tecnologia da informa\u00e7\u00e3o. O profissional de computa\u00e7\u00e3o precisa ter muita determina\u00e7\u00e3o na apreens\u00e3o tecnol\u00f3gica, uma vez que esta \u00e1rea sofre cont\u00ednuas transforma\u00e7\u00f5es, modificando rapidamente paradigmas.", "qas": [{"question": "O que a \u00e1rea de ci\u00eancia da computa\u00e7\u00e3o sofre?", "answer": {"text": "cont\u00ednuas transforma\u00e7\u00f5es", "answer_start": 633}, "prediction": "ci\u00eancia pura, n\u00e3o aplicada"}, {"question": "O que o profissional de computa\u00e7\u00e3o precisa ter?", "answer": {"text": "muita determina\u00e7\u00e3o na apreens\u00e3o tecnol\u00f3gica", "answer_start": 560}, "prediction": "precisa ter muita determina\u00e7\u00e3o na apreens\u00e3o tecnol\u00f3gica"}, {"question": "O que os cientistas da computa\u00e7\u00e3o estudam?", "answer": {"text": "De forma geral, cientistas da computa\u00e7\u00e3o estudam os fundamentos te\u00f3ricos da computa\u00e7\u00e3o", "answer_start": 49}, "prediction": "os fundamentos te\u00f3ricos da computa\u00e7\u00e3o"}, {"question": "O que \u00e9 rapidamente modificado com as transforma\u00e7\u00f5es cont\u00ednuas sofridas pela \u00e1rea da computa\u00e7\u00e3o?", "answer": {"text": "paradigmas", "answer_start": 683}, "prediction": "esta \u00e1rea sofre cont\u00ednuas transforma\u00e7\u00f5es, modificando rapidamente paradigmas"}]}, {"context": "O processador (ou CPU) \u00e9 uma das partes principais do hardware do computador e \u00e9 respons\u00e1vel pelos c\u00e1lculos, execu\u00e7\u00e3o de tarefas e processamento de dados. A velocidade com que o computador executa as tarefas ou processa dados est\u00e1 diretamente ligada \u00e0 velocidade do processador. As primeiras CPUs eram constitu\u00eddas de v\u00e1rios componentes separados, mas desde meados da d\u00e9cada de 1970 as CPUs v\u00eam sendo manufaturadas em um \u00fanico circuito integrado, sendo ent\u00e3o chamadas microprocessadores. A unidade l\u00f3gica e aritm\u00e9tica (ULA) \u00e9 a unidade central do processador, que realmente executa as opera\u00e7\u00f5es aritm\u00e9ticas e l\u00f3gicas entre dois n\u00fameros. Seus par\u00e2metros incluem, al\u00e9m dos n\u00fameros operandos, um resultado, um comando da unidade de controle, e o estado do comando ap\u00f3s a opera\u00e7\u00e3o. O conjunto de opera\u00e7\u00f5es aritm\u00e9ticas de uma ULA pode ser limitado a adi\u00e7\u00e3o e subtra\u00e7\u00e3o, mas tamb\u00e9m pode incluir multiplica\u00e7\u00e3o, divis\u00e3o, fun\u00e7\u00f5es trigonom\u00e9tricas e ra\u00edzes quadradas. Algumas podem operar somente com n\u00fameros inteiros, enquanto outras suportam o uso de ponto flutuante para representar n\u00fameros reais (apesar de possu\u00edrem precis\u00e3o limitada).", "qas": [{"question": "Como os primeiros processadores eram constru\u00eddos?", "answer": {"text": "As primeiras CPUs eram constitu\u00eddas de v\u00e1rios componentes separados", "answer_start": 279}, "prediction": "as CPUs v\u00eam sendo manufaturadas em um \u00fanico circuito integrado, sendo ent\u00e3o chamadas microprocessadores"}, {"question": "Desde quando os processadores v\u00eam sendo constru\u00eddos em um \u00fanico circuito integrado?", "answer": {"text": "1970", "answer_start": 378}, "prediction": "1970 as CPUs v\u00eam sendo manufaturadas em um \u00fanico circuito integrado"}, {"question": "O que a unidade l\u00f3gica e aritm\u00e9tica faz?", "answer": {"text": "executa as opera\u00e7\u00f5es aritm\u00e9ticas e l\u00f3gicas entre dois n\u00fameros", "answer_start": 574}, "prediction": "entre dois n\u00fameros. Seus par\u00e2metros incluem, al\u00e9m dos n\u00fameros operandos, um resultado, um comando da unidade de controle, e o estado do comando ap\u00f3s a opera\u00e7\u00e3o"}, {"question": "O que \u00e9 a unidade l\u00f3gica e aritm\u00e9tica?", "answer": {"text": "unidade central do processador", "answer_start": 528}, "prediction": "A unidade l\u00f3gica e aritm\u00e9tica (ULA) \u00e9 a unidade central do processador"}, {"question": "Para que servem os pontos flutuantes?", "answer": {"text": "representar n\u00fameros reais", "answer_start": 1063}, "prediction": "c\u00e1lculos, execu\u00e7\u00e3o de tarefas e processamento de dados"}, {"question": "Quais s\u00e3o os par\u00e2metros da ULA?", "answer": {"text": "um resultado, um comando da unidade de controle, e o estado do comando ap\u00f3s a opera\u00e7\u00e3o", "answer_start": 690}, "prediction": "multiplica\u00e7\u00e3o, divis\u00e3o, fun\u00e7\u00f5es trigonom\u00e9tricas e ra\u00edzes quadradas"}, {"question": "Qual as tarefas do processador?", "answer": {"text": "c\u00e1lculos, execu\u00e7\u00e3o de tarefas e processamento de dados", "answer_start": 99}, "prediction": "um resultado, um comando da unidade de controle, e o estado do comando ap\u00f3s a opera\u00e7\u00e3o"}]}, {"context": "As atividades acad\u00eamicas pr\u00e1ticas, de campo ou de est\u00e1gio, pela sua natureza, n\u00e3o s\u00e3o compat\u00edveis com o tratamento especial em regime de exerc\u00edcios domiciliares. Para os casos listados neste artigo, o acad\u00eamico dever\u00e1 requerer o trancamento de matr\u00edcula, sob pena de reprova\u00e7\u00e3o por falta de frequ\u00eancia e aproveitamento. Nos casos em que o prazo previsto para o regime de exerc\u00edcios domiciliares for superior a um semestre letivo, o afastamento dever\u00e1 ser convertido em trancamento de matr\u00edcula.", "qas": [{"question": "O que o acad\u00eamico deve fazer em casos de atividades pr\u00e1ticas em regime de exerc\u00edcios domiciliares?", "answer": {"text": "requerer o trancamento de matr\u00edcula", "answer_start": 218}, "prediction": "trancamento de matr\u00edcula, sob pena de reprova\u00e7\u00e3o por falta de frequ\u00eancia e aproveitamento"}, {"question": "O trancamento de matr\u00edcula deve ser feito caso o regime de exerc\u00edcios domicilares for superior a quantos semestres?", "answer": {"text": "Nos casos em que o prazo previsto para o regime de exerc\u00edcios domiciliares for superior a um semestre letivo", "answer_start": 320}, "prediction": "o acad\u00eamico dever\u00e1 requerer o trancamento de matr\u00edcula, sob pena de reprova\u00e7\u00e3o por falta de frequ\u00eancia e aproveitamento. Nos casos em que o prazo previsto para o regime de exerc\u00edcios domiciliares for superior a um semestre letivo, o afastamento dever\u00e1 ser convertido em trancamento de matr\u00edcula"}]}, {"context": "Atenta \u00e0 necessidade regional de forma\u00e7\u00e3o de recursos humanos na \u00e1rea de computa\u00e7\u00e3o aplicada, visando primordialmente o desenvolvimento e inova\u00e7\u00e3o tecnol\u00f3gica, a Facom implanta em 2012 o Mestrado Profissional em Computa\u00e7\u00e3o Aplicada, com \u00eanfase em Tecnologias Computacionais para Agricultura e Pecu\u00e1ria de Precis\u00e3o. Esse curso tem parceria com a Embrapa Gado de Corte, com quem a Facom mant\u00e9m projetos colaborativos desde 2001.", "qas": [{"question": "Com quem a Facom possui parceria para atender \u00e0 necessidade regional de forma\u00e7\u00e3o de recursos humanos na \u00e1rea de computa\u00e7\u00e3o aplicada?", "answer": {"text": "Embrapa Gado de Corte", "answer_start": 345}, "prediction": "a Facom"}, {"question": "Qual a \u00eanfase do mestrado profissional em computa\u00e7\u00e3o aplicada?", "answer": {"text": "Tecnologias Computacionais para Agricultura e Pecu\u00e1ria de Precis\u00e3o", "answer_start": 247}, "prediction": "Embrapa Gado de Corte"}]}, {"context": "Em 2009 a Faculdade de Computa\u00e7\u00e3o (FACOM) foi implantada, com a cria\u00e7\u00e3o de dois novos cursos para funcionamento j\u00e1 em 2010: Tecnologia em An\u00e1lise e Desenvolvimento Sistemas e Tecnologia em Redes de Computadores. Tamb\u00e9m em 2009, o Doutorado em Ci\u00eancia da Computa\u00e7\u00e3o da UFMS, em associa\u00e7\u00e3o com a UFG, foi aprovado pela Capes e com in\u00edcio em Agosto/2010. Em 2011 a Facom recebe a primeira turma do Curso de Bacharelado em Engenharia de Computa\u00e7\u00e3o e em 2015 a primeira turma do Curso de Bacharelado em Engenharia de Software, ampliando ainda mais o leque de op\u00e7\u00f5es para a comunidade, totalizando 400 vagas anuais para a gradua\u00e7\u00e3o, sendo 210 em cursos noturnos.", "qas": [{"question": "H\u00e1 quantas vagas anualmente para cursos de gradua\u00e7\u00e3o na Facom?", "answer": {"text": "400", "answer_start": 592}, "prediction": "400"}, {"question": "Quando a primeira turma de Engenharia da Computa\u00e7\u00e3o entrou?", "answer": {"text": "2011", "answer_start": 355}, "prediction": "2011"}, {"question": "Quem aprovou a cria\u00e7\u00e3o do Doutorado em Ci\u00eancia da Computa\u00e7\u00e3o da UFMS?", "answer": {"text": "Capes", "answer_start": 317}, "prediction": "2009, o Doutorado em Ci\u00eancia da Computa\u00e7\u00e3o da UFMS, em associa\u00e7\u00e3o com a UFG"}]}, {"context": "N\u00e3o ser\u00e1 permitida ao discente, a exclus\u00e3o ou inclus\u00e3o de disciplinas, durante a etapa de valida\u00e7\u00e3o de matr\u00edculas pela Secretaria Acad\u00eamica. Na aus\u00eancia de renova\u00e7\u00e3o de matr\u00edcula pelo discente, o v\u00ednculo acad\u00eamico \u00e9 convertido em trancamento pelo Coordenador de Curso. O Sistema Acad\u00eamico (Siscad) enviar\u00e1 mensagem ao Coordenador de Curso e ao discente com trancamento de matr\u00edcula sem justificativa, para que o mesmo declare interesse pela manuten\u00e7\u00e3o de sua vaga ao longo do per\u00edodo letivo em que teve o trancamento. Cabe ao Coordenador de Curso, a responsabilidade de identificar e registrar o motivo da aus\u00eancia de renova\u00e7\u00e3o ou trancamento de matr\u00edcula sem justificativa. O acad\u00eamico poder\u00e1 ser exclu\u00eddo por desist\u00eancia se, no semestre seguinte, n\u00e3o renovar a matr\u00edcula e estiver impedido de trancar por ter atingido o limite m\u00e1ximo de quatro semestres de trancamento. Os casos omissos ser\u00e3o resolvidos pelo Conselho de Ensino de Gradua\u00e7\u00e3o. ", "qas": [{"question": "O que a Secretaria Acad\u00eamica pro\u00edbe durante a etapa de valida\u00e7\u00e3o de matr\u00edculas?", "answer": {"text": "N\u00e3o ser\u00e1 permitida ao discente, a exclus\u00e3o ou inclus\u00e3o de disciplinas, durante a etapa de valida\u00e7\u00e3o de matr\u00edculas pela Secretaria Acad\u00eamica", "answer_start": 32}, "prediction": "Coordenador de Curso, a responsabilidade de identificar e registrar o motivo da aus\u00eancia de renova\u00e7\u00e3o ou trancamento de matr\u00edcula sem justificativa"}, {"question": "O que acontece caso o acad\u00eamico n\u00e3o renove a matr\u00edcula e estiver impedido de trancar?", "answer": {"text": "O acad\u00eamico poder\u00e1 ser exclu\u00eddo por desist\u00eancia", "answer_start": 675}, "prediction": "poder\u00e1 ser exclu\u00eddo por desist\u00eancia"}, {"question": "O que acontece caso o aluno se ausente da renova\u00e7\u00e3o de matr\u00edcula?", "answer": {"text": "o v\u00ednculo acad\u00eamico \u00e9 convertido em trancamento", "answer_start": 194}, "prediction": "poder\u00e1 ser exclu\u00eddo por desist\u00eancia"}, {"question": "Quem deve identificar e registrar o motivo da aus\u00eancia de renova\u00e7\u00e3o de matr\u00edcula sem justificativa?", "answer": {"text": "Coordenador de Curso", "answer_start": 526}, "prediction": "Coordenador de Curso"}]}, {"context": "Os Programas podem ainda utilizar outros crit\u00e9rios para sele\u00e7\u00e3o dos candidatos, como cartas de recomenda\u00e7\u00e3o, desempenho do aluno em sua gradua\u00e7\u00e3o, plano de trabalho proposto para a P\u00f3s-Gradua\u00e7\u00e3o, publica\u00e7\u00e3o de trabalhos cient\u00edficos e experi\u00eancia profissional. O POSCOMP n\u00e3o configura, portanto, \u00fanico crit\u00e9rio para a sele\u00e7\u00e3o dos candidatos nos diversos programas de p\u00f3s-gradua\u00e7\u00e3o que utilizam o seu resultado. Os candidatos que realizam o Exame t\u00eam acesso ao seu resultado, individualmente, bem como a indica\u00e7\u00e3o das quest\u00f5es certas e erradas, a m\u00e9dia e o desvio padr\u00e3o.", "qas": [{"question": "Ao que os candidatos t\u00eam acesso al\u00e9m do resultado?", "answer": {"text": "indica\u00e7\u00e3o das quest\u00f5es certas e erradas, a m\u00e9dia e o desvio padr\u00e3o", "answer_start": 502}, "prediction": "cartas de recomenda\u00e7\u00e3o, desempenho do aluno em sua gradua\u00e7\u00e3o, plano de trabalho proposto para a P\u00f3s-Gradua\u00e7\u00e3o, publica\u00e7\u00e3o de trabalhos cient\u00edficos e experi\u00eancia profissional. O POSCOMP n\u00e3o configura, portanto, \u00fanico crit\u00e9rio para a sele\u00e7\u00e3o dos candidatos nos diversos programas de p\u00f3s-gradua\u00e7\u00e3o que utilizam o seu resultado. Os candidatos que realizam o Exame t\u00eam acesso ao seu resultado"}, {"question": "Ao que os candidatos t\u00eam acesso?", "answer": {"text": "resultado", "answer_start": 463}, "prediction": "cartas de recomenda\u00e7\u00e3o, desempenho do aluno em sua gradua\u00e7\u00e3o, plano de trabalho proposto para a P\u00f3s-Gradua\u00e7\u00e3o, publica\u00e7\u00e3o de trabalhos cient\u00edficos e experi\u00eancia profissional. O POSCOMP n\u00e3o configura, portanto, \u00fanico crit\u00e9rio para a sele\u00e7\u00e3o dos candidatos nos diversos programas de p\u00f3s-gradua\u00e7\u00e3o que utilizam o seu resultado. Os candidatos que realizam o Exame t\u00eam acesso ao seu resultado"}, {"question": "Quais outros crit\u00e9rios para sele\u00e7\u00e3o dos canditados que os programas podem utilizar?", "answer": {"text": "cartas de recomenda\u00e7\u00e3o, desempenho do aluno em sua gradua\u00e7\u00e3o, plano de trabalho proposto para a P\u00f3s-Gradua\u00e7\u00e3o, publica\u00e7\u00e3o de trabalhos cient\u00edficos e experi\u00eancia profissional", "answer_start": 85}, "prediction": "crit\u00e9rios para sele\u00e7\u00e3o dos candidatos"}]}, {"context": "Membros do corpo docente de uma universidade que possuem o grau de doutor, mas n\u00e3o passaram ainda pela Habilita\u00e7\u00e3o, s\u00e3o normalmente designados Ma\u00eetre de conf\u00e9rences (\"mestre de confer\u00eancias\") na Fran\u00e7a, e wissenschaftlicher Assistent (\"assistente cient\u00edfico\") ou akademischer Rat (\"conselheiro acad\u00eamico\") na Alemanha, n\u00e3o usando portanto a designa\u00e7\u00e3o de \"professores\". Alguns estados alem\u00e3es introduziram entretanto recentemente a posi\u00e7\u00e3o de Junior professor, equivalente ao Assistant Professor nos Estados Unidos, e prescindindo da necessidade de Habilita\u00e7\u00e3o.", "qas": [{"question": "Junior professor \u00e9 equivalente ao que nos EUA?", "answer": {"text": "Assistant Professor", "answer_start": 476}, "prediction": "Assistant Professor nos Estados Unidos"}, {"question": "Pelo que passam os membros do corpo docente antes de serem designados Ma\u00eetre de conf\u00e9rences?", "answer": {"text": "Habilita\u00e7\u00e3o", "answer_start": 103}, "prediction": "Ma\u00eetre de conf\u00e9rences"}]}, {"context": "No ano de implanta\u00e7\u00e3o de nova matriz curricular, alunos com expectativa de cola\u00e7\u00e3o de grau pela matriz curricular anterior naquele ano poder\u00e3o ser matriculados em disciplinas sem que tenham cumprido todos os pr\u00e9-requisitos necess\u00e1rios para matr\u00edcula. A renova\u00e7\u00e3o de matr\u00edcula \u00e9 composta por tr\u00eas fases consecutivas: inscri\u00e7\u00e3o, confirma\u00e7\u00e3o e valida\u00e7\u00e3o. A inscri\u00e7\u00e3o nas disciplinas ser\u00e1 realizada on-line, pelo acad\u00eamico, e consistir\u00e1 na escolha das disciplinas listadas, respeitando-se os pr\u00e9-requisitos. A confirma\u00e7\u00e3o da matr\u00edcula ser\u00e1 feita pela Coordena\u00e7\u00e3o de Curso, mediante a apresenta\u00e7\u00e3o, pelo acad\u00eamico, do formul\u00e1rio de inscri\u00e7\u00e3o impresso em duas vias, na data prevista no Calend\u00e1rio Acad\u00eamico, que dever\u00e1 ser assinado pelo Coordenador e pelo acad\u00eamico. A valida\u00e7\u00e3o da matr\u00edcula ser\u00e1 realizada mediante aprova\u00e7\u00e3o da Dire\u00e7\u00e3o da Unidade da Administra\u00e7\u00e3o Setorial e uma via do documento dever\u00e1 ser arquivada na pasta do acad\u00eamico, na Secretaria Acad\u00eamica. A renova\u00e7\u00e3o de matr\u00edcula ser\u00e1 convertida, pela Coordena\u00e7\u00e3o de Curso, em trancamento quando n\u00e3o houver oferecimento de disciplinas que o acad\u00eamico esteja apto a cursar. A carga hor\u00e1ria de disciplinas optativas de cada Curso poder\u00e1 ser cumprida no pr\u00f3prio curso ou em qualquer Unidade da Administra\u00e7\u00e3o Setorial.", "qas": [{"question": "Em qual ano os alunos de cola\u00e7\u00e3o de grau poder\u00e3o ser matriculados em disciplinas sem que tenham cumprido todos os pr\u00e9-requisitos?", "answer": {"text": "No ano de implanta\u00e7\u00e3o de nova matriz curricular", "answer_start": 0}, "prediction": "No ano de implanta\u00e7\u00e3o de nova matriz curricular, alunos com expectativa de cola\u00e7\u00e3o de grau pela matriz curricular anterior naquele ano"}, {"question": "O que deve ser respeitado na inscri\u00e7\u00e3o das disciplinas?", "answer": {"text": "os pr\u00e9-requisitos", "answer_start": 485}, "prediction": "A confirma\u00e7\u00e3o da matr\u00edcula ser\u00e1 feita pela Coordena\u00e7\u00e3o de Curso"}, {"question": "Quais as fases de renova\u00e7\u00e3o de matr\u00edcula?", "answer": {"text": "inscri\u00e7\u00e3o, confirma\u00e7\u00e3o e valida\u00e7\u00e3o", "answer_start": 316}, "prediction": "inscri\u00e7\u00e3o, confirma\u00e7\u00e3o e valida\u00e7\u00e3o"}, {"question": "Quando a renova\u00e7\u00e3o de matr\u00edcula \u00e9 convertida em trancamento?", "answer": {"text": "quando n\u00e3o houver oferecimento de disciplinas que o acad\u00eamico esteja apto a cursar", "answer_start": 1044}, "prediction": "mediante aprova\u00e7\u00e3o da Dire\u00e7\u00e3o da Unidade da Administra\u00e7\u00e3o Setorial e uma via do documento dever\u00e1 ser arquivada na pasta do acad\u00eamico, na Secretaria Acad\u00eamica. A renova\u00e7\u00e3o de matr\u00edcula ser\u00e1 convertida, pela Coordena\u00e7\u00e3o de Curso, em trancamento"}, {"question": "Quem aprova a valida\u00e7\u00e3o da matr\u00edcula?", "answer": {"text": "A valida\u00e7\u00e3o da matr\u00edcula ser\u00e1 realizada mediante aprova\u00e7\u00e3o da Dire\u00e7\u00e3o da Unidade da Administra\u00e7\u00e3o Setorial", "answer_start": 761}, "prediction": "Coordenador e pelo acad\u00eamico"}, {"question": "Quem deve apresentar o formul\u00e1rio de inscri\u00e7\u00e3o na confirma\u00e7\u00e3o de matr\u00edcula?", "answer": {"text": "acad\u00eamico", "answer_start": 599}, "prediction": "Coordenador e pelo acad\u00eamico"}]}, {"context": "O candidato ingressante que for convocado para matr\u00edcula dever\u00e1 providenciar a documenta\u00e7\u00e3o prevista em edital e/ou legisla\u00e7\u00e3o espec\u00edfica. O candidato que n\u00e3o comparecer no prazo estabelecido em edital para matr\u00edcula, ou n\u00e3o apresentar a documenta\u00e7\u00e3o exigida n\u00e3o ter\u00e1 sua matr\u00edcula efetivada. O acad\u00eamico ingressante conforme os incisos I e VI do art. 18 ser\u00e1 matriculado em todas as disciplinas previstas para o primeiro semestre do curso e sua matr\u00edcula somente poder\u00e1 ser alterada se houver aproveitamento de disciplinas cursadas anteriormente, conforme Plano de Estudos elaborado pelo Coordenador de Curso. Para as demais formas de ingresso previstas no art. 18, o Coordenador de Curso, havendo Aproveitamento de Estudos, dever\u00e1 elaborar um Plano de Estudos para cada acad\u00eamico, e a matr\u00edcula ser\u00e1 realizada nas disciplinas previstas no respectivo Plano. Ao realizar a matr\u00edcula, o acad\u00eamico se compromete a respeitar e cumprir as normas espec\u00edficas, regimentais e estatut\u00e1rias da UFMS. Compete ao acad\u00eamico manter seus dados cadastrais atualizados, na Secretaria Acad\u00eamica da Unidade da Administra\u00e7\u00e3o Setorial que oferece seu curso ou no Siscad.", "qas": [{"question": "O que acontece caso o candidato n\u00e3o compare\u00e7a no prazo estabelecido em edital para matr\u00edcula?", "answer": {"text": "n\u00e3o ter\u00e1 sua matr\u00edcula efetivada", "answer_start": 259}, "prediction": "se houver aproveitamento de disciplinas cursadas anteriormente"}, {"question": "Onde est\u00e1 mencionada a documenta\u00e7\u00e3o que deve ser providenciada pelo candidato ingressante?", "answer": {"text": "edital e/ou legisla\u00e7\u00e3o espec\u00edfica", "answer_start": 104}, "prediction": "um Plano de Estudos para cada acad\u00eamico"}]}, {"context": "Se o Hist\u00f3rico Escolar n\u00e3o indicar explicitamente a hora-aula no curso de gradua\u00e7\u00e3o de origem, a carga hor\u00e1ria de cada disciplina cursada dever\u00e1 ser considerada em hora-aula de sessenta minutos. Se o Hist\u00f3rico Escolar indicar explicitamente a hora-aula no curso de gradua\u00e7\u00e3o de origem, a carga hor\u00e1ria de cada disciplina cursada dever\u00e1 ser convertida em hora-aula de sessenta minutos, e caso o valor convertido n\u00e3o seja inteiro deve-se utilizar o pr\u00f3ximo maior valor inteiro.", "qas": [{"question": "A hora-aula deve ser de quantos minutos caso o hist\u00f3rico escolar n\u00e3o a indicar explicitamente?", "answer": {"text": "sessenta", "answer_start": 177}, "prediction": "sessenta minutos"}, {"question": "Qual valor deve ser utilizado caso a hora-aula convertida n\u00e3o seja inteiro?", "answer": {"text": "pr\u00f3ximo maior valor inteiro", "answer_start": 447}, "prediction": "sessenta minutos"}]}, {"context": "As Atividades Complementares do curso de Ci\u00eancia da Computa\u00e7\u00e3o, como parte integrante do curr\u00edculo, inclui atividades extraclasses relevantes para a forma\u00e7\u00e3o do aluno do referido curso, e possui carga hor\u00e1ria de 102 horas. Este Regulamento se aplica a todos os alunos do curso de Ci\u00eancia da Computa\u00e7\u00e3o a partir do segundo semestre letivo de 2016. As atividades dever\u00e3o ser realizadas ao longo do curso, podendo ser feitas em qualquer um dos semestres cursados pelo aluno. Dentre as atividades que podem ser utilizadas para integraliza\u00e7\u00e3o da carga hor\u00e1ria das Atividades Complementares encontram\u00ad-se: Participa\u00e7\u00e3o em eventos cient\u00edficos (semin\u00e1rios, simp\u00f3sios, congressos, semanas tecnol\u00f3gicas e confer\u00eancias), seja como ouvinte ou apresentador; monitoria de ensino; membros de equipe de projetos de ensino aprovados por \u00f3rg\u00e3o competente; membros de equipe de projetos de extens\u00e3o aprovados por \u00f3rg\u00e3o competente; membros de equipe de projetos de pesquisa aprovados por \u00f3rg\u00e3o competente; est\u00e1gios n\u00e3o obrigat\u00f3rios; atividades de inicia\u00e7\u00e3o cient\u00edfica; publica\u00e7\u00e3o de trabalhos cient\u00edficos; participa\u00e7\u00e3o em \u00f3rg\u00e3os colegiados; participa\u00e7\u00e3o em cursos pertinentes \u00e0 \u00e1rea, seja como ouvinte ou ministrante; disciplinas cursadas como enriquecimento curricular; participa\u00e7\u00e3o em treinamento e atividades espec\u00edficas como membro de mesa receptora de votos nas elei\u00e7\u00f5es; resposta ao question\u00e1rio do estudante da Comiss\u00e3o Pr\u00f3pria de Avalia\u00e7\u00e3o da UFMS; ou outras atividades a serem avaliadas pelo Colegiado de Curso.", "qas": [{"question": "Em qual semestre as atividades complementares podem ser feitas?", "answer": {"text": "qualquer um dos semestres cursados pelo aluno", "answer_start": 425}, "prediction": "qualquer um dos semestres cursados pelo aluno"}, {"question": "Quais atividades est\u00e3o inclusas nas atividades complementares?", "answer": {"text": "atividades extraclasses relevantes para a forma\u00e7\u00e3o do aluno do referido curso", "answer_start": 107}, "prediction": "atividades extraclasses relevantes para a forma\u00e7\u00e3o do aluno do referido curso"}, {"question": "Quais tipos de eventos cient\u00edficos podem ser utilizados para integraliza\u00e7\u00e3o da carga hor\u00e1ria das atividades complementares?", "answer": {"text": "semin\u00e1rios, simp\u00f3sios, congressos, semanas tecnol\u00f3gicas e confer\u00eancias", "answer_start": 637}, "prediction": "atividades extraclasses relevantes para a forma\u00e7\u00e3o do aluno do referido curso"}, {"question": "Qual a carga hor\u00e1ria das atividades complementares?", "answer": {"text": "102", "answer_start": 212}, "prediction": "102 horas"}]}, {"context": "A tomada de decis\u00f5es no setor p\u00fablico de sa\u00fade \u00e9 extremamente dependente de uma informa\u00e7\u00e3o eficaz e atempada. Todavia, segundo a OMS, na pr\u00e1tica raramente os sistemas de informa\u00e7\u00e3o de sa\u00fade funcionam sistematicamente pois s\u00e3o complexos, fragmentados e n\u00e3o respondem \u00e0s necessidades. Todavia, estes s\u00e3o de extrema import\u00e2ncia na manuten\u00e7\u00e3o dos direitos humanos, podendo documentar desigualdades de acesso aos cuidados. Da mesma forma, podem auxiliar a cria\u00e7\u00e3o de uma plataforma de a\u00e7\u00e3o, fomentando o desenvolvimento sanit\u00e1rio de um tipo de popula\u00e7\u00e3o, social e economicamente desagregada, permitindo o seu acesso \u00e0 informa\u00e7\u00e3o.", "qas": [{"question": "Do que a tomada de decis\u00e3o no setor p\u00fablico de sa\u00fade \u00e9 extremamente dependente?", "answer": {"text": "informa\u00e7\u00e3o eficaz e atempada", "answer_start": 80}, "prediction": "uma informa\u00e7\u00e3o eficaz e atempada"}, {"question": "Em que os sistemas de informa\u00e7\u00e3o de sa\u00fade s\u00e3o de extrema import\u00e2ncia?", "answer": {"text": "manuten\u00e7\u00e3o dos direitos humanos", "answer_start": 328}, "prediction": "uma informa\u00e7\u00e3o eficaz e atempada"}]}, {"context": "Em 1980, ocorreram mudan\u00e7as tecnol\u00f3gicas principalmente em tecnologias de escrit\u00f3rio e microcomputadores, e o termo \u201cTecnologia da Informa\u00e7\u00e3o\u201d passou a ser mais usado. Os gerenciadores de banco de dados se tornaram dispon\u00edveis nos PCs e softwares de custo baixo dominaram o mercado, assim as aten\u00e7\u00f5es se voltavam para o mercado em busca de novas estrat\u00e9gicas com base das tecnologias de TI. As telecomunica\u00e7\u00f5es e os microcomputadores liberaram o uso da TI nas empresas do mundo todo. Criou-se programas de \u201cconsciencializa\u00e7\u00e3o gerencial\u201d para os altos executivos e o Centro de Suporte ao Usu\u00e1rio (CSU) ou o chamado Help Desk, onde os usu\u00e1rios consultavam para esclarecer d\u00favidas, al\u00e9m de receberem consultoria na \u00e1rea tecnol\u00f3gica, ambos para possibilitar o acesso e conhecimento das ferramentas de TI existentes nas empresas e uma maior aceita\u00e7\u00e3o.", "qas": [{"question": "O que liberou o uso da TI nas empresas do mundo todo?", "answer": {"text": "As telecomunica\u00e7\u00f5es e os microcomputadores", "answer_start": 391}, "prediction": "nas empresas do mundo todo"}, {"question": "O que \u00e9 CSU?", "answer": {"text": "Centro de Suporte ao Usu\u00e1rio", "answer_start": 566}, "prediction": "Centro de Suporte ao Usu\u00e1rio"}, {"question": "Para que os usu\u00e1rios consultavam os CSU?", "answer": {"text": "esclarecer d\u00favidas", "answer_start": 659}, "prediction": "PCs e softwares de custo baixo dominaram o mercado, assim as aten\u00e7\u00f5es se voltavam para o mercado em busca de novas estrat\u00e9gicas com base das tecnologias de TI. As telecomunica\u00e7\u00f5es e os microcomputadores liberaram o uso da TI nas empresas do mundo todo. Criou-se programas de \u201cconsciencializa\u00e7\u00e3o gerencial\u201d para os altos executivos e o Centro de Suporte ao Usu\u00e1rio (CSU) ou o chamado Help Desk, onde os usu\u00e1rios consultavam para esclarecer d\u00favidas, al\u00e9m de receberem consultoria na \u00e1rea tecnol\u00f3gica"}, {"question": "Para quem foi criado os programas de \u201cconsciencializa\u00e7\u00e3o gerencial\u201d?", "answer": {"text": "para os altos executivos", "answer_start": 537}, "prediction": "1980, ocorreram mudan\u00e7as tecnol\u00f3gicas principalmente em tecnologias de escrit\u00f3rio e microcomputadores, e o termo \u201cTecnologia da Informa\u00e7\u00e3o\u201d passou a ser mais usado. Os gerenciadores de banco de dados se tornaram dispon\u00edveis nos PCs e softwares de custo baixo dominaram o mercado, assim as aten\u00e7\u00f5es se voltavam para o mercado em busca de novas estrat\u00e9gicas com base das tecnologias de TI. As telecomunica\u00e7\u00f5es e os microcomputadores liberaram o uso da TI nas empresas do mundo todo"}, {"question": "Quando o termo \u201cTecnologia da Informa\u00e7\u00e3o\u201d passou a ser mais usado?", "answer": {"text": "1980", "answer_start": 3}, "prediction": "Tecnologia da Informa\u00e7\u00e3o\u201d passou a ser mais usado"}]}, {"context": "O profissional de TI \u00e9 aquele que atua em um dos segmentos relacionados a Tecnologia da Informa\u00e7\u00e3o, como: Programa\u00e7\u00e3o, Seguran\u00e7a da informa\u00e7\u00e3o, Redes, Banco de Dados, An\u00e1lise de Sistemas, Engenharia de Software, infraestrutura e hardware, entre outros. Cada profissional tem um papel fundamental nas organiza\u00e7\u00f5es para que sistemas, ou a infraestrutura que existe continue operando corretamente. Al\u00e9m disso, o profissional de TI pode ser respons\u00e1vel por criar e desenvolver novas tecnologias. A profiss\u00e3o est\u00e1 entre uma das mais bem remuneradas no mercado e faltam profissionais qualificados para preencher todas as vagas.", "qas": [{"question": "Para que cada profissional tem um papel nas organiza\u00e7\u00f5es?", "answer": {"text": "para que sistemas, ou a infraestrutura que existe continue operando corretamente", "answer_start": 313}, "prediction": "papel fundamental nas organiza\u00e7\u00f5es para que sistemas, ou a infraestrutura que existe continue operando corretamente"}, {"question": "Quem atua nos segmentos relacionados a Tecnologia da Informa\u00e7\u00e3o?", "answer": {"text": "profissional de TI", "answer_start": 2}, "prediction": "Tecnologia da Informa\u00e7\u00e3o"}, {"question": "Quem \u00e9 respons\u00e1vel por criar e desenvolver novas tecnologias?", "answer": {"text": "profissional de TI", "answer_start": 409}, "prediction": "criar e desenvolver novas tecnologias"}]}, {"context": "A UFMS possui cursos de gradua\u00e7\u00e3o e p\u00f3s-gradua\u00e7\u00e3o, ambos presenciais e a dist\u00e2ncia. Os cursos de p\u00f3s-gradua\u00e7\u00e3o englobam os cursos de especializa\u00e7\u00e3o e os programas de mestrado e doutorado. Segundo a avalia\u00e7\u00e3o do \u00cdndice Geral de Cursos criado pelo MEC, a UFMS \u00e9 a segunda melhor universidade de Mato Grosso do Sul com conceito 4, que vai de 1 at\u00e9 5, perdendo apenas para a Universidade Federal da Grande Dourados (UFGD). Na edi\u00e7\u00e3o de 2014 do Guia do Estudante, a UFMS ficou em primeiro lugar no ano de 2013 como a melhor universidade de Mato Grosso do Sul ultrapassando, at\u00e9 ent\u00e3o, a UFGD, como melhor institui\u00e7\u00e3o de ensino superior. H\u00e1 ainda a proposta de cria\u00e7\u00e3o da Universidade Federal do Pantanal (UFPAN) com sede em Corumb\u00e1 absorvendo o atual Campus do Pantanal (CPAN) parte da UFMS e tamb\u00e9m a Universidade Federal do Bols\u00e3o (UFB) com sede em Tr\u00eas Lagoas absorvendo os atuais Campus de Parana\u00edba e Campus de Tr\u00eas Lagoas ambos tamb\u00e9m parte da UFMS hoje.", "qas": [{"question": "Em que lugar ficou a UFMS na edi\u00e7\u00e3o de 2014 do Guia do Estudante?", "answer": {"text": "primeiro", "answer_start": 475}, "prediction": "Guia do Estudante"}, {"question": "Os cursos de p\u00f3s-gradua\u00e7\u00e3o englobam quais cursos?", "answer": {"text": "de especializa\u00e7\u00e3o e os programas de mestrado e doutorado", "answer_start": 130}, "prediction": "especializa\u00e7\u00e3o e os programas de mestrado e doutorado"}, {"question": "Qual a segunda melhor universidade de Mato Grosso do Sul segundo a avalia\u00e7\u00e3o do \u00cdndice Geral de Cursos?", "answer": {"text": "UFMS", "answer_start": 253}, "prediction": "Universidade Federal do Pantanal"}, {"question": "Qual o conceito da UFMS segundo a avalia\u00e7\u00e3o do \u00cdndice Geral de Cursos?", "answer": {"text": "4", "answer_start": 325}, "prediction": "\u00cdndice Geral de Cursos"}]}, {"context": "O sistema de bibliotecas da UFMS \u00e9 regido pela Coordenadoria Biblioteca Central(CBC) localizado em Campo Grande, subordinado a Pr\u00f3-reitoria de Ensino e Gradua\u00e7\u00e3o(PREG) com bibliotecas setoriais em todos os campus do interior do estado. O acervo est\u00e1 dispon\u00edvel para consulta na internet atrav\u00e9s do sistema Pergamum, desenvolvido pela PUC-PR e PUC-Rio, acess\u00edvel de qualquer computador dentro e fora da institui\u00e7\u00e3o onde \u00e9 poss\u00edvel, tamb\u00e9m, fazer auto empr\u00e9stimo, reservar livros, salas de estudo dentre outros servi\u00e7os.", "qas": [{"question": "Atrav\u00e9s de qual sistema o acervo da biblioteca da UFMS est\u00e1 dispon\u00edvel para consulta na internet?", "answer": {"text": "Pergamum", "answer_start": 306}, "prediction": "Pergamum"}, {"question": "O Pergamum \u00e9 acess\u00edvel por quais computadores?", "answer": {"text": "qualquer computador", "answer_start": 365}, "prediction": "qualquer computador dentro e fora da institui\u00e7\u00e3o onde \u00e9 poss\u00edvel, tamb\u00e9m, fazer auto empr\u00e9stimo, reservar livros, salas de estudo dentre outros servi\u00e7os"}, {"question": "Onde se localiza a CBC?", "answer": {"text": "Campo Grande", "answer_start": 99}, "prediction": "Pergamum"}, {"question": "Por quem foi desenvolvido o Pergamum?", "answer": {"text": "PUC-PR e PUC-Rio", "answer_start": 334}, "prediction": "PUC-PR e PUC-Rio"}, {"question": "Por quem \u00e9 regido o sistema de bibliotecas da UFMS?", "answer": {"text": "CBC", "answer_start": 80}, "prediction": "Coordenadoria Biblioteca Central(CBC) localizado em Campo Grande, subordinado a Pr\u00f3-reitoria de Ensino e Gradua\u00e7\u00e3o(PREG) com bibliotecas setoriais em todos os campus do interior do estado. O acervo est\u00e1 dispon\u00edvel para consulta na internet atrav\u00e9s do sistema Pergamum, desenvolvido pela PUC-PR e PUC-Rio"}]}, {"context": "Em uma vis\u00e3o global, a primeira universidade a seguir o conceito moderno surgiu na \u00c1sia, durante o s\u00e9culo V, e foi conhecida como a universidade de Nalanda, em Bihar, \u00cdndia. Nela viveu o fil\u00f3sofo budista Nagarjuna. Durante sua exist\u00eancia chegou a contar com mais de 10.000 estudantes e 1.500 professores. O curr\u00edculo dessa universidade era extenso e envolvia \u00e1reas como teologia, filosofia, matem\u00e1tica, astronomia, alquimia e anatomia. Seus fil\u00f3sofos budistas promoviam debates filos\u00f3ficos envolvendo diversos temas. Em 1193, a universidade de Nalanda foi saqueada por invasores mu\u00e7ulmanos. Quando o tradutor tibetano Chag Lotsawa visitou-a em 1235 encontrou-a em parte destru\u00edda mas ainda funcionando com um pequeno n\u00famero de monges. A destrui\u00e7\u00e3o de Nalanda assim como de templos e monast\u00e9rios no norte da \u00cdndia, onde havia centros de estudos, \u00e9 considerado por v\u00e1rios historiadores como a causa do s\u00fabito desaparecimento do antigo pensamento cient\u00edfico indiano. Em 670 d.C. foi fundada na Tun\u00edsia a mesquita de Cairu\u00e3o e nela iniciou-se o desenvolvimento da primeira universidade \u00e1rabe onde se ensinava o idioma \u00e1rabe, teologia, hist\u00f3ria isl\u00e2mica, jurisprud\u00eancia maliquita, matem\u00e1tica, astronomia, medicina e bot\u00e2nica. Por\u00e9m poucas d\u00e9cadas mais tarde a mesquita de Cairu\u00e3o foi destru\u00edda e o seu centro universit\u00e1rio foi reconstru\u00eddo na cidade de Montfleury em 737 d.C. onde foi ent\u00e3o fundada a universidade Ez-Zitouna que funciona at\u00e9 hoje e \u00e9 considera por muitos \u00e1rabes como a primeira universidade.", "qas": [{"question": "Com quantos alunos a universidade de Nalanda contava?", "answer": {"text": "com mais de 10.000 estudantes", "answer_start": 254}, "prediction": "1.500"}, {"question": "Como ficou conhecida a primeira universidade moderna?", "answer": {"text": "universidade de Nalanda", "answer_start": 132}, "prediction": "universidade de Nalanda"}, {"question": "Onde iniciou-se o desenvolvimento da primeira universidade \u00e1rabe?", "answer": {"text": "Tun\u00edsia", "answer_start": 991}, "prediction": "Nalanda"}, {"question": "Onde surgiu a primeira universidade moderna?", "answer": {"text": "a primeira universidade a seguir o conceito moderno surgiu na \u00c1sia", "answer_start": 21}, "prediction": "universidade de Nalanda"}, {"question": "Quais \u00e1reas a universidade de Nalanda envolvia?", "answer": {"text": "teologia, filosofia, matem\u00e1tica, astronomia, alquimia e anatomia", "answer_start": 370}, "prediction": "teologia, filosofia, matem\u00e1tica, astronomia, alquimia e anatomia"}, {"question": "Qual foi a causa do desaparecimento do antigo pensamento cient\u00edfico indiano?", "answer": {"text": "A destrui\u00e7\u00e3o de Nalanda", "answer_start": 735}, "prediction": "Nalanda"}, {"question": "Quem saqueou a universidade de Nalanda?", "answer": {"text": "invasores mu\u00e7ulmanos", "answer_start": 569}, "prediction": "Nalanda"}]}, {"context": "O ensino superior no Brasil come\u00e7ou muito antes, ainda no per\u00edodo colonial, com a cria\u00e7\u00e3o de escolas superiores especializadas, modeladas em escolas semelhantes existentes na Metr\u00f3pole Portuguesa. Uma das primeiras foi a Real Academia de Artilharia, Fortifica\u00e7\u00e3o e Desenho, criada em 1792, no Rio de Janeiro, pela Rainha D. Maria I de Portugal, com o fim principal de formar oficiais t\u00e9cnicos e engenheiros militares. Considera-se esta Academia como sendo a primeira escola superior de engenharia das Am\u00e9ricas e uma das primeiras do mundo, estando na origem remota dos atuais Instituto Militar de Engenharia e Escola Polit\u00e9cnica da Universidade Federal do Rio de Janeiro. Segundo o modelo portugu\u00eas, a nenhuma destas escolas foi atribu\u00eddo o status de universidade, o qual era reservado em todo o Imp\u00e9rio Portugu\u00eas \u00e0 Universidade de Coimbra (mesmo em Portugal, com excep\u00e7\u00e3o da Universidade de \u00c9vora, com exist\u00eancia breve, as diversas institui\u00e7\u00f5es de ensino superiores existentes fora de Coimbra s\u00f3 alcan\u00e7aram o status de universidades em 1911).", "qas": [{"question": "A qual universidade era reservado o status de Universidade em Portugal?", "answer": {"text": "Universidade de Coimbra", "answer_start": 816}, "prediction": "Universidade de Coimbra"}, {"question": "Onde foi criada a Real Academia de Artilharia, Fortifica\u00e7\u00e3o e Desenho?", "answer": {"text": "Rio de Janeiro", "answer_start": 293}, "prediction": "1792"}, {"question": "Qual era o objetivo da Real Academia de Artilharia, Fortifica\u00e7\u00e3o e Desenho?", "answer": {"text": "formar oficiais t\u00e9cnicos e engenheiros militares", "answer_start": 368}, "prediction": "formar oficiais t\u00e9cnicos e engenheiros militares"}, {"question": "Qual foi uma das primeiras escolas superiores especializadas do Brasil?", "answer": {"text": "Real Academia de Artilharia, Fortifica\u00e7\u00e3o e Desenho", "answer_start": 221}, "prediction": "Real Academia de Artilharia, Fortifica\u00e7\u00e3o e Desenho"}, {"question": "Quando come\u00e7ou o ensino superior no Brasil?", "answer": {"text": "ainda no per\u00edodo colonial", "answer_start": 49}, "prediction": "1792"}]}, {"context": "caber\u00e1 ao coordenador de curso verificar se o acad\u00eamico preenche os requisitos; e verificar se o acad\u00eamico est\u00e1 matriculado nas disciplinas objeto da dispensa. atendidas as condi\u00e7\u00f5es previstas, o coordenador de curso dever\u00e1 solicitar \u00e0 dire\u00e7\u00e3o da unidade de administra\u00e7\u00e3o acad\u00eamica respons\u00e1vel pela disciplina a nomea\u00e7\u00e3o de uma banca examinadora de reconhecida compet\u00eancia na \u00e1rea, composta de tr\u00eas docentes. a banca examinadora dever\u00e1 definir e divulgar os crit\u00e9rios e a sistem\u00e1tica de avalia\u00e7\u00e3o e fazer constar, em ata, o encaminhamento e os resultados do processo avaliativo. o professor respons\u00e1vel pela disciplina dever\u00e1 fazer parte da banca examinadora e o conte\u00fado a ser avaliado deve constar no plano de ensino da disciplina.", "qas": [{"question": "o que o acad\u00eamico deve preencher?", "answer": {"text": "os requisitos", "answer_start": 65}, "prediction": "se o acad\u00eamico preenche os requisitos"}, {"question": "onde deve constar o conte\u00fado a ser avaliado?", "answer": {"text": "no plano de ensino da disciplina", "answer_start": 700}, "prediction": "no plano de ensino da disciplina"}, {"question": "por quantos docentes deve ser composta a banca examinadora?", "answer": {"text": "de tr\u00eas", "answer_start": 391}, "prediction": "tr\u00eas"}]}, {"context": "a renova\u00e7\u00e3o de matr\u00edcula \u00e9 composta por tr\u00eas fases consecutivas: inscri\u00e7\u00e3o; confirma\u00e7\u00e3o; e valida\u00e7\u00e3o. \u00e9 compuls\u00f3rio aos acad\u00eamicos o cumprimento dos incisos i e ii, para fins de manuten\u00e7\u00e3o do v\u00ednculo acad\u00eamico. na fase de inscri\u00e7\u00e3o, o acad\u00eamico dever\u00e1 preencher formul\u00e1rio eletr\u00f4nico, assinalando as disciplinas que tem interesse em cursar. no formul\u00e1rio de inscri\u00e7\u00e3o constar\u00e3o somente as disciplinas que o acad\u00eamico est\u00e1 apto a cursar, distribu\u00eddas da seguinte maneira: disciplinas alocadas no semestre em que o acad\u00eamico est\u00e1 posicionado; disciplinas de semestres anteriores devedoras ao semestre de posicionamento; disciplinas de semestres posteriores ao semestre de posicionamento; e disciplinas optativas do curso. a crit\u00e9rio da pr\u00f3-reitoria de ensino de gradua\u00e7\u00e3o, a inscri\u00e7\u00e3o eletr\u00f4nica poder\u00e1 ser substitu\u00edda por inscri\u00e7\u00e3o manual, atendidos os termos desta resolu\u00e7\u00e3o.", "qas": [{"question": "como deve ser distribuidas as disciplinas que o acad\u00eamico est\u00e1 apto a cursar?", "answer": {"text": "disciplinas alocadas no semestre em que o acad\u00eamico est\u00e1 posicionado; disciplinas de semestres anteriores devedoras ao semestre de posicionamento; disciplinas de semestres posteriores ao semestre de posicionamento; e disciplinas optativas do curso", "answer_start": 471}, "prediction": "a renova\u00e7\u00e3o de matr\u00edcula \u00e9 composta por tr\u00eas fases consecutivas: inscri\u00e7\u00e3o; confirma\u00e7\u00e3o; e valida\u00e7\u00e3o. \u00e9 compuls\u00f3rio aos acad\u00eamicos o cumprimento dos incisos i e ii, para fins de manuten\u00e7\u00e3o do v\u00ednculo acad\u00eamico. na fase de inscri\u00e7\u00e3o, o acad\u00eamico dever\u00e1 preencher formul\u00e1rio eletr\u00f4nico, assinalando as disciplinas que tem interesse em cursar. no formul\u00e1rio de inscri\u00e7\u00e3o constar\u00e3o somente as disciplinas que o acad\u00eamico est\u00e1 apto a cursar, distribu\u00eddas da seguinte maneira: disciplinas alocadas no semestre em que o acad\u00eamico est\u00e1 posicionado; disciplinas de semestres anteriores devedoras ao semestre de posicionamento; disciplinas de semestres posteriores ao semestre de posicionamento; e disciplinas optativas do curso. a crit\u00e9rio da pr\u00f3-reitoria de ensino de gradua\u00e7\u00e3o, a inscri\u00e7\u00e3o eletr\u00f4nica poder\u00e1 ser substitu\u00edda por inscri\u00e7\u00e3o manual"}, {"question": "o que deve constar no formul\u00e1rio de inscri\u00e7\u00e3o?", "answer": {"text": "as disciplinas que o acad\u00eamico est\u00e1 apto a cursar", "answer_start": 386}, "prediction": "a renova\u00e7\u00e3o de matr\u00edcula"}, {"question": "o que o acad\u00eamico deve preencher na fase de inscri\u00e7\u00e3o?", "answer": {"text": "formul\u00e1rio eletr\u00f4nico", "answer_start": 262}, "prediction": "a renova\u00e7\u00e3o de matr\u00edcula \u00e9 composta por tr\u00eas fases consecutivas: inscri\u00e7\u00e3o; confirma\u00e7\u00e3o; e valida\u00e7\u00e3o. \u00e9 compuls\u00f3rio aos acad\u00eamicos o cumprimento dos incisos i e ii, para fins de manuten\u00e7\u00e3o do v\u00ednculo acad\u00eamico. na fase de inscri\u00e7\u00e3o, o acad\u00eamico dever\u00e1 preencher formul\u00e1rio eletr\u00f4nico"}, {"question": "quais incisos os acad\u00eamicos deve cumprir?", "answer": {"text": "i e ii", "answer_start": 157}, "prediction": "confirma\u00e7\u00e3o; e valida\u00e7\u00e3o"}, {"question": "quais s\u00e3o as fases da renova\u00e7\u00e3o de matr\u00edcula?", "answer": {"text": "a renova\u00e7\u00e3o de matr\u00edcula \u00e9 composta por tr\u00eas fases consecutivas: inscri\u00e7\u00e3o; confirma\u00e7\u00e3o; e valida\u00e7\u00e3o", "answer_start": 0}, "prediction": "a renova\u00e7\u00e3o de matr\u00edcula \u00e9 composta por tr\u00eas fases consecutivas: inscri\u00e7\u00e3o; confirma\u00e7\u00e3o; e valida\u00e7\u00e3o"}]}, {"context": "o n\u00facleo docente estruturante (nde) de um curso de gradua\u00e7\u00e3o constitui-se de um grupo de docentes, com atribui\u00e7\u00f5es acad\u00eamicas de acompanhamento, atuante no processo de concep\u00e7\u00e3o, consolida\u00e7\u00e3o e cont\u00ednua atualiza\u00e7\u00e3o do projeto pedag\u00f3gico do curso. o nde deve ser constitu\u00eddo por membros do corpo docente do curso, que exer\u00e7am lideran\u00e7a acad\u00eamica no \u00e2mbito do mesmo, percebida na produ\u00e7\u00e3o de conhecimentos na \u00e1rea, no desenvolvimento do ensino, e em outras dimens\u00f5es entendidas como importantes pela institui\u00e7\u00e3o, e que atuem sobre o desenvolvimento do curso.", "qas": [{"question": "o que os membros do nde devem exercer?", "answer": {"text": "lideran\u00e7a acad\u00eamica", "answer_start": 325}, "prediction": "o nde deve ser constitu\u00eddo por membros do corpo docente do curso, que exer\u00e7am lideran\u00e7a acad\u00eamica no \u00e2mbito do mesmo, percebida na produ\u00e7\u00e3o de conhecimentos na \u00e1rea, no desenvolvimento do ensino, e em outras dimens\u00f5es entendidas como importantes pela institui\u00e7\u00e3o, e que atuem sobre o desenvolvimento do curso"}, {"question": "o que \u00e9 nde?", "answer": {"text": "n\u00facleo docente estruturante", "answer_start": 2}, "prediction": "o n\u00facleo docente estruturante (nde) de um curso de gradua\u00e7\u00e3o constitui-se de um grupo de docentes, com atribui\u00e7\u00f5es acad\u00eamicas de acompanhamento, atuante no processo de concep\u00e7\u00e3o, consolida\u00e7\u00e3o e cont\u00ednua atualiza\u00e7\u00e3o do projeto pedag\u00f3gico do curso. o nde deve ser constitu\u00eddo por membros do corpo docente do curso, que exer\u00e7am lideran\u00e7a acad\u00eamica no \u00e2mbito do mesmo"}, {"question": "quais s\u00e3o as atribui\u00e7\u00f5es acad\u00eamicas do nde?", "answer": {"text": "acompanhamento, atuante no processo de concep\u00e7\u00e3o, consolida\u00e7\u00e3o e cont\u00ednua atualiza\u00e7\u00e3o do projeto pedag\u00f3gico do curso", "answer_start": 129}, "prediction": "produ\u00e7\u00e3o de conhecimentos na \u00e1rea, no desenvolvimento do ensino, e em outras dimens\u00f5es entendidas como importantes pela institui\u00e7\u00e3o, e que atuem sobre o desenvolvimento do curso"}, {"question": "qual a constitui\u00e7\u00e3o do n\u00facleo docente estruturante (nde)?", "answer": {"text": "constitui-se de um grupo de docentes", "answer_start": 61}, "prediction": "o n\u00facleo docente estruturante (nde) de um curso de gradua\u00e7\u00e3o constitui-se de um grupo de docentes, com atribui\u00e7\u00f5es acad\u00eamicas de acompanhamento, atuante no processo de concep\u00e7\u00e3o, consolida\u00e7\u00e3o e cont\u00ednua atualiza\u00e7\u00e3o do projeto pedag\u00f3gico do curso"}]}, {"context": "atendendo ao decreto-lei no 1.044/69 e a lei no 6.202/75, aplica-se o regime especial de exerc\u00edcios domiciliares \u00e0s acad\u00eamicas gestantes e aos acad\u00eamicos portadores de afec\u00e7\u00f5es (cong\u00eanitas ou adquiridas, infec\u00e7\u00f5es, traumatismo ou outras condi\u00e7\u00f5es m\u00f3rbidas). entende-se por regime de exerc\u00edcios domiciliares a substitui\u00e7\u00e3o das aulas n\u00e3o frequentadas pelo acad\u00eamico, por atividades realizadas em ambiente domiciliar ou hospitalar, assegurando-se ao acad\u00eamico a possibilidade de prestar em outra \u00e9poca, as provas que foram aplicadas durante o per\u00edodo do afastamento.", "qas": [{"question": "o que \u00e9 regime de exerc\u00edcios domiciliares?", "answer": {"text": "entende-se por regime de exerc\u00edcios domiciliares a substitui\u00e7\u00e3o das aulas n\u00e3o frequentadas pelo acad\u00eamico, por atividades realizadas em ambiente domiciliar ou hospitalar, assegurando-se ao acad\u00eamico a possibilidade de prestar em outra \u00e9poca, as provas que foram aplicadas durante o per\u00edodo do afastamento", "answer_start": 258}, "prediction": "decreto-lei no 1.044/69 e a lei no 6.202/75"}]}, {"context": "das condi\u00e7\u00f5es para atendimento aos portadores de afec\u00e7\u00f5es, os portadores de afec\u00e7\u00f5es cong\u00eanitas ou adquiridas, infec\u00e7\u00f5es, traumatismos ou outras condi\u00e7\u00f5es m\u00f3rbidas que apresentem dist\u00farbios agudos ou agudizados, caracterizados por incapacidade f\u00edsica relativa, incompat\u00edvel com a frequ\u00eancia \u00e0s aulas, se verificada a conserva\u00e7\u00e3o das condi\u00e7\u00f5es intelectuais e emocionais necess\u00e1rias para o prosseguimento da atividade escolar, ficar\u00e3o assistidos pelo regime de exerc\u00edcios domiciliares. o acad\u00eamico dever\u00e1 entregar requerimento na secretaria acad\u00eamica, dirigido ao coordenador de curso ou equivalente, solicitando o regime de exerc\u00edcios domiciliares, anexando o laudo m\u00e9dico contendo: a classifica\u00e7\u00e3o internacional de doen\u00e7as (cid); o tempo de afastamento; a terap\u00eautica institu\u00edda para o tratamento; e a assinatura, data e crm do m\u00e9dico. a secretaria acad\u00eamica dever\u00e1 formalizar processo e encaminh\u00e1lo \u00e0 coordena\u00e7\u00e3o de curso ou equivalente. somente ser\u00e1 concedido o regime de exerc\u00edcios domiciliares nos afastamentos superiores a sete dias consecutivos.", "qas": [{"question": "onde entrego o requerimento?", "answer": {"text": "na secretaria acad\u00eamica", "answer_start": 525}, "prediction": "o acad\u00eamico dever\u00e1 entregar requerimento na secretaria acad\u00eamica"}]}]}